step,motion_time_s,joint_err_norm,lower_body_err,torque_clip_ratio,left_foot_contact_z,right_foot_contact_z,left_foot_contact_norm,right_foot_contact_norm,left_foot_contact_flag,right_foot_contact_flag,left_foot_slip_xy,right_foot_slip_xy,projected_gravity_x,projected_gravity_y,projected_gravity_z,root_pos_err,root_rot_err_rad,root_lin_vel_err,root_ang_vel_err,root_roll,root_pitch,root_yaw,root_height,root_xy_drift,root_x,root_y,right_foot_pos_err,right_foot_vel_err,right_foot_pos_err_x,right_foot_pos_err_y,right_foot_pos_err_z,right_foot_vel_err_x,right_foot_vel_err_y,right_foot_vel_err_z,reset,timeout,right_hip_pitch_joint_err,right_hip_pitch_joint_torque,right_hip_pitch_joint_torque_ratio,right_hip_roll_joint_err,right_hip_roll_joint_torque,right_hip_roll_joint_torque_ratio,right_hip_yaw_joint_err,right_hip_yaw_joint_torque,right_hip_yaw_joint_torque_ratio,right_knee_joint_err,right_knee_joint_torque,right_knee_joint_torque_ratio,right_ankle_pitch_joint_err,right_ankle_pitch_joint_torque,right_ankle_pitch_joint_torque_ratio,right_ankle_roll_joint_err,right_ankle_roll_joint_torque,right_ankle_roll_joint_torque_ratio
1,0.019999999552965164,0.7313357591629028,0.022084297612309456,0.043478261679410934,569.958251953125,5.337710857391357,569.958251953125,5.337710857391357,1,1,0.006149113643914461,0.6171941161155701,9.53449634835124e-05,0.0024758910294622183,-0.9999966621398926,0.0112020093947649,0.041753221303224564,0.5303197503089905,3.170567512512207,-0.002475893823429942,9.53449634835124e-05,0.5697231292724609,0.7780745029449463,0.009551475755870342,-0.0033999907318502665,0.009172576479613781,0.037201736122369766,0.9997029304504395,-0.004083652049303055,0.03683708608150482,0.003212805837392807,0.9550683498382568,0.24354588985443115,0.16714012622833252,0,0,-0.06866975873708725,-3.482459306716919,0.03957340121269226,0.055761128664016724,9.26556396484375,0.1052905023097992,-0.06527189910411835,-9.069666862487793,0.1030643954873085,0.0392758846282959,-8.581482887268066,0.061737287789583206,0.06442625820636749,1.2791537046432495,0.025583073496818542,0.001093439757823944,0.04432027041912079,0.0008864054107107222
2,0.03999999910593033,0.48919010162353516,0.031252212822437286,0.0,36.46430206298828,12.152989387512207,36.46430206298828,12.152989387512207,1,1,0.3651126027107239,0.5567477345466614,0.0387888140976429,0.028187457472085953,-0.9988498687744141,0.013961222022771835,0.006098640151321888,0.5029691457748413,2.7901995182037354,-0.028212428092956543,0.03879854828119278,0.5753723978996277,0.7776445150375366,0.02071673423051834,-0.008104597218334675,0.019906625151634216,0.07840342074632645,0.82550448179245,0.031185459345579147,0.07193215191364288,-0.0005730204284191132,0.7953423261642456,0.05806592106819153,0.21334612369537354,0,0,-0.10554385185241699,3.6810970306396484,0.041830647736787796,0.06789563596248627,5.739443778991699,0.06522095203399658,-0.0371449738740921,-16.729644775390625,0.19010959565639496,0.050798624753952026,-14.984834671020508,0.1078045666217804,0.05232363939285278,0.8032001852989197,0.016064003109931946,-0.010888829827308655,-0.054905980825424194,0.0010981196537613869
3,0.05999999865889549,0.3487738072872162,0.04008802771568298,0.0,11.10799503326416,17.34572410583496,11.10799503326416,17.34572410583496,1,1,0.5897320508956909,0.6493483185768127,0.056059859693050385,0.0369911752641201,-0.9977416396141052,0.01457998063415289,0.008052961900830269,0.546596884727478,6.144707202911377,-0.03705792874097824,0.05608926713466644,0.586148738861084,0.7786725163459778,0.028646834194660187,-0.012613676488399506,0.026430752128362656,0.1045953780412674,0.7672643661499023,0.05243292450904846,0.09047405421733856,0.002329714596271515,0.5836412906646729,-0.05910444259643555,0.49453428387641907,0,0,-0.12218362092971802,19.95314598083496,0.226740300655365,0.07767064869403839,4.001357078552246,0.045469965785741806,-0.01749095320701599,-29.89471435546875,0.33971264958381653,0.06644034385681152,-28.638687133789062,0.20603372156620026,0.054079994559288025,1.5227084159851074,0.03045416809618473,0.0003702715039253235,0.2453235536813736,0.004906470887362957
4,0.07999999821186066,0.3818286061286926,0.04529041051864624,0.0,0.0,0.0,0.0,0.0,0,0,0.6385735869407654,0.7234905362129211,0.060916390269994736,0.03615594655275345,-0.9974879622459412,0.014307665638625622,0.021650617942214012,0.6032729744911194,9.033561706542969,-0.0362311415374279,0.060954127460718155,0.6092275381088257,0.780521035194397,0.03484383597970009,-0.0137287937104702,0.033080291002988815,0.1161784678697586,0.9387949109077454,0.05807824432849884,0.10018974542617798,0.009293504059314728,0.5915512442588806,-0.06765735149383545,0.7258274555206299,0,0,-0.13988231122493744,27.9821834564209,0.3179793655872345,0.09517893195152283,2.135552406311035,0.024267641827464104,-0.0005246102809906006,-46.066959381103516,0.5234881639480591,0.07871001958847046,-45.52296447753906,0.32750335335731506,0.022278450429439545,1.7350062131881714,0.03470012545585632,-0.0009146854281425476,-0.7568269968032837,0.015136539936065674
5,0.09999999776482582,0.39763399958610535,0.048858530819416046,0.043478261679410934,0.0,0.0,0.0,0.0,0,0,0.7581461668014526,1.071129560470581,0.06131967902183533,0.04682149365544319,-0.9970194101333618,0.013926424086093903,0.016457509249448776,0.6268266439437866,12.503647804260254,-0.046926990151405334,0.061358172446489334,0.617952823638916,0.7814174294471741,0.04227432608604431,-0.01517170388251543,0.04075448215007782,0.12572339177131653,1.0589203834533691,0.057547427713871,0.10992834717035294,0.020258858799934387,0.28142088651657104,-0.37460559606552124,0.9496238231658936,0,0,-0.15336674451828003,40.89067077636719,0.4646667242050171,0.11221201717853546,-3.9398107528686523,0.04477057605981827,0.010042533278465271,-66.72482299804688,0.7582366466522217,0.0915575623512268,-58.813453674316406,0.42311838269233704,-0.05038495361804962,0.6094887852668762,0.012189775705337524,0.044537000358104706,-0.12162348628044128,0.002432469744235277
6,0.11999999731779099,0.36133691668510437,0.05164279043674469,0.043478261679410934,0.0,0.0,0.0,0.0,0,0,0.299023300409317,1.7125575542449951,0.061012957245111465,0.0528375506401062,-0.9967371821403503,0.012364906258881092,0.04018739238381386,0.5716140270233154,9.788793563842773,-0.05296093225479126,0.06105087697505951,0.5934880971908569,0.7812079191207886,0.04874866455793381,-0.016447389498353004,0.04732675105333328,0.12513156235218048,1.646841049194336,0.05598652735352516,0.10694055259227753,0.032971762120723724,0.6194952726364136,-1.04670250415802,1.1102814674377441,0,0,-0.13646405935287476,37.824825286865234,0.42982757091522217,0.10444724559783936,-4.88545036315918,0.05551648139953613,-0.015731319785118103,-58.06928634643555,0.6598782539367676,0.09819948673248291,-51.24336242675781,0.36865729093551636,-0.018581464886665344,1.0382394790649414,0.0207647904753685,0.03248884528875351,-0.47086384892463684,0.009417276829481125
7,0.13999999687075615,0.33178219199180603,0.05266856029629707,0.043478261679410934,233.74087524414062,0.0,233.74087524414062,0.0,1,0,0.5833806991577148,2.238516330718994,0.0590510293841362,0.07886064052581787,-0.9951348304748535,0.008636112324893475,0.042173780500888824,0.4359043836593628,8.38719654083252,-0.07908090204000473,0.05908540263772011,0.5996410250663757,0.7783911228179932,0.0521298311650753,-0.017548536881804466,0.05054068565368652,0.11668814718723297,2.1708147525787354,0.04834245890378952,0.09607554972171783,0.0452616810798645,1.1233744621276855,-1.5158894062042236,1.0735667943954468,0,0,-0.12628015875816345,35.546390533447266,0.4039362668991089,0.07347323000431061,-11.651214599609375,0.13240016996860504,-0.009531497955322266,-49.76627731323242,0.5655258893966675,0.1082034707069397,-46.84642028808594,0.33702459931373596,0.015420801937580109,1.2845616340637207,0.025691233575344086,0.023493528366088867,-0.6594990491867065,0.013189980760216713
8,0.1599999964237213,0.3645349144935608,0.0532112643122673,0.0,284.9716796875,0.0,284.9716796875,0.0,1,0,0.551144540309906,2.3946595191955566,0.057957496494054794,0.08067695051431656,-0.9950538277626038,0.005325799807906151,0.04448552802205086,0.32481709122657776,4.397304058074951,-0.08090101927518845,0.05798999220132828,0.6078879237174988,0.7756191492080688,0.05176669359207153,-0.017793653532862663,0.050029415637254715,0.10541976243257523,2.3356707096099854,0.05160924047231674,0.07139627635478973,0.057899780571460724,1.5662074089050293,-1.5436140298843384,0.7871516942977905,0,0,-0.11219912767410278,24.937700271606445,0.28338295221328735,0.03982500731945038,-11.702164649963379,0.1329791396856308,0.002244710922241211,-27.946063995361328,0.31756889820098877,0.10038614273071289,-30.602924346923828,0.2201649248600006,-0.007048070430755615,0.02830958366394043,0.0005661916802637279,0.01082712784409523,-0.5927915573120117,0.011855831369757652
9,0.17999999597668648,0.40422117710113525,0.05566138029098511,0.0,161.11795043945312,0.0,161.11795043945312,0.0,1,0,0.37268126010894775,2.260047674179077,0.04792196303606033,0.09315675497055054,-0.9944977164268494,0.005010004620999098,0.04496545344591141,0.38306552171707153,3.03556489944458,-0.09339963644742966,0.04794032499194145,0.6101307272911072,0.7726539373397827,0.05316883698105812,-0.019837569445371628,0.05060255527496338,0.09608282148838043,2.2024004459381104,0.05593324080109596,0.04310018941760063,0.06515945494174957,1.604278802871704,-1.4316799640655518,0.4766024351119995,0,0,-0.11073440313339233,15.609145164489746,0.1773766428232193,-0.006148979067802429,-10.374956130981445,0.11789722740650177,0.017388224601745605,-6.886706829071045,0.07825803011655807,0.09406924247741699,-17.979389190673828,0.12934812903404236,-0.024263691157102585,-0.4772736430168152,0.009545472450554371,0.0030579902231693268,-0.26061469316482544,0.005212293937802315
10,0.19999999552965164,0.4348660409450531,0.06031090021133423,0.0,107.3963623046875,0.0,107.3963623046875,0.0,1,0,0.249700665473938,2.0016751289367676,0.036685191094875336,0.10683667659759521,-0.9935992956161499,0.006632286123931408,0.04937698692083359,0.46289145946502686,3.510746479034424,-0.10711336135864258,0.036693423986434937,0.605995774269104,0.7700733542442322,0.05473154038190842,-0.023195961490273476,0.05057902634143829,0.0992385596036911,1.9814317226409912,0.06711288541555405,0.02046138420701027,0.07018178701400757,1.4903185367584229,-1.2797490358352661,0.259354829788208,0,0,-0.11680150032043457,9.757454872131348,0.11088016629219055,-0.05720295011997223,-11.124824523925781,0.12641845643520355,0.03740695118904114,3.7686004638671875,0.04282500594854355,0.08740532398223877,-12.705940246582031,0.09140963852405548,-0.023614361882209778,-0.3994395434856415,0.007988790981471539,0.0024087224155664444,0.03560663014650345,0.0007121326052583754
11,0.2199999950826168,0.45366477966308594,0.06493249535560608,0.0,217.78530883789062,0.0,217.78530883789062,0.0,1,0,0.3182343542575836,1.5991792678833008,0.03071552887558937,0.1228821650147438,-0.9919455051422119,0.009047912433743477,0.047663863748311996,0.5453079342842102,2.8485865592956543,-0.1232520118355751,0.030720360577106476,0.6096592545509338,0.7676954865455627,0.05495657026767731,-0.025287818163633347,0.04958919435739517,0.10372059792280197,1.6585886478424072,0.08022981882095337,0.001432962715625763,0.06571975350379944,1.3246251344680786,-0.9973893165588379,0.03871726989746094,0,0,-0.12541264295578003,4.240091323852539,0.048182856291532516,-0.10183085501194,-14.461292266845703,0.16433286666870117,0.06800651550292969,9.586221694946289,0.10893433541059494,0.07753658294677734,-11.099380493164062,0.0798516571521759,-0.016821686178445816,-0.20071738958358765,0.004014347679913044,-0.005594721995294094,-0.08783388882875443,0.0017566777532920241
12,0.23999999463558197,0.4740009009838104,0.06694923341274261,0.0,285.28302001953125,0.0,285.28302001953125,0.0,1,0,0.36918747425079346,1.1255697011947632,0.022463595494627953,0.14025375247001648,-0.9898608922958374,0.011398989707231522,0.042573388665914536,0.612287700176239,1.8181207180023193,-0.14075344800949097,0.022465486079454422,0.6204882264137268,0.7653369903564453,0.058844100683927536,-0.031229201704263687,0.05022957921028137,0.11041156202554703,1.2940196990966797,0.09470553696155548,-0.011027973145246506,0.05567727982997894,1.1009888648986816,-0.6718541383743286,-0.1045108437538147,0,0,-0.1377631425857544,-0.1992511749267578,0.0022642179392278194,-0.1376873403787613,-17.13268280029297,0.1946895718574524,0.09252141416072845,11.114002227783203,0.12629547715187073,0.06805479526519775,-11.470382690429688,0.0825207382440567,-0.017151840031147003,-0.21496349573135376,0.004299269989132881,-0.007346869446337223,-0.12951567769050598,0.0025903135538101196
13,0.25999999418854713,0.48933154344558716,0.068233922123909,0.0,253.06454467773438,0.0,253.06454467773438,0.0,1,0,0.39881816506385803,0.6263063549995422,0.012406978756189346,0.15518474578857422,-0.9878076314926147,0.013543584384024143,0.03635190799832344,0.6909631490707397,1.2681047916412354,-0.15582653880119324,0.012407297268509865,0.6314454674720764,0.7633154392242432,0.06254120171070099,-0.03749345242977142,0.049901753664016724,0.1170271560549736,0.8409146666526794,0.10619834065437317,-0.01875953935086727,0.04544608294963837,0.7699681520462036,-0.33554157614707947,-0.041210830211639404,0,0,-0.1351027488708496,-2.8813629150390625,0.032742761075496674,-0.1579449474811554,-17.75498390197754,0.2017611861228943,0.1140175461769104,12.429098129272461,0.14123974740505219,0.04378914833068848,-11.439257621765137,0.08229681849479675,-0.02816520631313324,-0.5489065647125244,0.01097813155502081,-0.012638588435947895,-0.27208685874938965,0.005441737361252308
14,0.2799999937415123,0.5061532855033875,0.07012500613927841,0.0,306.8231201171875,0.0,306.8231201171875,0.0,1,0,0.44289180636405945,0.5246964693069458,0.006315108388662338,0.17127200961112976,-0.9852033853530884,0.015688978135585785,0.029694052413105965,0.7647786736488342,0.7296100854873657,-0.17212408781051636,0.006315150298178196,0.6442905068397522,0.7612993717193604,0.06785513460636139,-0.042198460549116135,0.05281031131744385,0.11981472373008728,0.4446033537387848,0.11159069836139679,-0.022089360281825066,0.037618398666381836,0.4243994951248169,-0.0611497163772583,0.11754974722862244,0,0,-0.12772518396377563,-4.25727653503418,0.04837814345955849,-0.1633223444223404,-16.843976974487305,0.19140882790088654,0.12112925946712494,11.65884017944336,0.13248682022094727,0.021014809608459473,-10.663965225219727,0.07671917229890823,-0.036324143409729004,-0.7240667343139648,0.014481334947049618,-0.012427675537765026,-0.27409639954566956,0.0054819281212985516
15,0.29999999329447746,0.5244362354278564,0.07131557166576385,0.0,288.4048156738281,0.0,288.4048156738281,0.0,1,0,0.5245882272720337,0.8729400038719177,-0.0033386722207069397,0.17973391711711884,-0.9837093949317932,0.017543189227581024,0.02427755482494831,0.8614938259124756,0.6464827656745911,-0.18071699142456055,-0.0033386785071343184,0.6515108942985535,0.759351909160614,0.06992010772228241,-0.04484139755368233,0.05314810201525688,0.12045085430145264,0.3296707272529602,0.11523659527301788,-0.01886061206459999,0.02955019474029541,0.16237658262252808,0.13846318423748016,0.2512858510017395,0,0,-0.11694842576980591,-4.706034183502197,0.053477659821510315,-0.16109952330589294,-15.527704238891602,0.1764511913061142,0.11294476687908173,9.26223087310791,0.10525262355804443,0.00855100154876709,-7.882987022399902,0.056712135672569275,-0.03359074890613556,-0.6317782402038574,0.012635564431548119,-0.008321063593029976,-0.18923157453536987,0.0037846313789486885
16,0.3199999928474426,0.5295575857162476,0.07192923873662949,0.0,401.5748596191406,0.0,401.5748596191406,0.0,1,0,0.6078296303749084,1.233699083328247,-0.013187050819396973,0.1937853991985321,-0.9809551239013672,0.019601916894316673,0.01990639977157116,0.9549856185913086,0.7202591300010681,-0.1950364112854004,-0.013187432661652565,0.6613515019416809,0.7572290897369385,0.07201573252677917,-0.04686029255390167,0.05410168692469597,0.11534219235181808,0.4329870641231537,0.11305741965770721,-0.010052531957626343,0.02051311731338501,0.013824462890625,0.3036379814147949,0.3083677291870117,0,0,-0.10575765371322632,-4.595355987548828,0.05221995338797569,-0.14300920069217682,-12.4766206741333,0.14177978038787842,0.09660780429840088,7.1576714515686035,0.08133717626333237,0.0008435249328613281,-4.675384044647217,0.033635854721069336,-0.024410367012023926,-0.4063927233219147,0.008127854205667973,-0.007468339055776596,-0.18580061197280884,0.003716012230142951
17,0.3399999924004078,0.5352306365966797,0.0720750242471695,0.0,330.3622741699219,0.0,330.3622741699219,0.0,1,0,0.7769193053245544,1.552028775215149,-0.025353573262691498,0.207292839884758,-0.9779500365257263,0.021258791908621788,0.018708517774939537,1.0533159971237183,0.6767358183860779,-0.20887504518032074,-0.025356290861964226,0.6693271398544312,0.7554141283035278,0.07331354916095734,-0.047361452132463455,0.05543035268783569,0.10828321427106857,0.556959331035614,0.10760553181171417,-0.001850539818406105,0.011953264474868774,-0.06266272068023682,0.38190796971321106,0.40052881836891174,0,0,-0.09517627954483032,-4.290843963623047,0.048759590834379196,-0.1252816915512085,-9.254255294799805,0.10516199469566345,0.07374952733516693,4.70311164855957,0.05344444885849953,-0.013678669929504395,-1.9611473083496094,0.014108973555266857,-0.020606935024261475,-0.4289742410182953,0.00857948511838913,-0.004720862954854965,-0.12815995514392853,0.0025631990283727646
18,0.35999999195337296,0.5266965627670288,0.07338778674602509,0.0,617.90478515625,0.0,617.90478515625,0.0,1,0,0.8086773157119751,1.8380742073059082,-0.035392746329307556,0.22304576635360718,-0.9741649627685547,0.02304133027791977,0.020739397034049034,1.119910717010498,1.30682373046875,-0.22508132457733154,-0.03540014103055,0.6839328408241272,0.7534202337265015,0.07381710410118103,-0.04650915041565895,0.05694284290075302,0.1063687652349472,0.6468290686607361,0.1058952584862709,0.009681791067123413,0.00260239839553833,-0.13077080249786377,0.42793747782707214,0.46707212924957275,0,0,-0.08285772800445557,-3.3052778244018555,0.03755997493863106,-0.09388499706983566,-5.595604419708252,0.06358641386032104,0.05239973962306976,3.801687717437744,0.04320099577307701,-0.028993725776672363,0.586207389831543,0.004217319190502167,-0.019942253828048706,-0.46555444598197937,0.009311089292168617,-0.006947696674615145,-0.1912001222372055,0.003824002342298627
19,0.3799999915063381,0.5443780422210693,0.07386453449726105,0.0,387.3397216796875,0.0,387.3397216796875,0.0,1,0,0.8173828125,2.0574264526367188,-0.04682286083698273,0.23078399896621704,-0.9718775749206543,0.02420841157436371,0.022725248709321022,1.211103916168213,1.3760876655578613,-0.23314382135868073,-0.046839985996484756,0.6850870847702026,0.7521460056304932,0.07305661588907242,-0.0446060486137867,0.057648949325084686,0.11186446994543076,0.7108147740364075,0.11026409268379211,0.01858743093907833,-0.003161594271659851,-0.2073051929473877,0.36052554845809937,0.5764577388763428,0,0,-0.07344752550125122,-2.8430228233337402,0.03230707719922066,-0.06681077927350998,-2.6935296058654785,0.030608290806412697,0.033951133489608765,1.5851397514343262,0.01801295205950737,-0.0386815071105957,3.6873865127563477,0.02652795985341072,-0.01884380728006363,-0.46860820055007935,0.009372163563966751,-0.003101043403148651,-0.09316599369049072,0.001863319892436266
20,0.3999999910593033,0.5532712936401367,0.0757172554731369,0.0,769.5813598632812,0.0,769.5813598632812,0.0,1,0,0.5553949475288391,2.298337697982788,-0.05907519906759262,0.23787246644496918,-0.9694980382919312,0.02585924044251442,0.02685183472931385,1.246983289718628,1.8681962490081787,-0.24060337245464325,-0.05910961329936981,0.695359468460083,0.7505273818969727,0.07160035520792007,-0.043157029896974564,0.0569845512509346,0.1364927440881729,0.8786783814430237,0.13006898760795593,0.03911905735731125,-0.013491705060005188,-0.42183637619018555,0.21308168768882751,0.7407604455947876,0,0,-0.06757110357284546,-2.9862489700317383,0.03393464908003807,-0.04573536664247513,-1.1816401481628418,0.013427728787064552,0.020624369382858276,1.537820816040039,0.01747523620724678,-0.06234312057495117,4.348932266235352,0.03128728270530701,-0.017920486629009247,-0.46752655506134033,0.009350530803203583,-0.004569161683320999,-0.1290530413389206,0.002581060864031315
21,0.41999999061226845,0.5569761991500854,0.07396502047777176,0.0,1137.2054443359375,0.0,1137.2054443359375,0.0,1,0,0.5721263289451599,2.524197578430176,-0.07095487415790558,0.24201948940753937,-0.9676734209060669,0.02626829966902733,0.02544759027659893,1.3083196878433228,1.5190579891204834,-0.24507702887058258,-0.07101454585790634,0.7041046023368835,0.7505244016647339,0.07232546806335449,-0.042599476873874664,0.0584164634346962,0.13436447083950043,1.1764546632766724,0.1274907886981964,0.04062685742974281,-0.012221559882164001,-0.7387946844100952,-0.02140176296234131,0.9152977466583252,0,0,-0.061264872550964355,-5.267347812652588,0.05985622480511665,-0.02041010558605194,-0.48116588592529297,0.005467794369906187,0.018740758299827576,0.6551386117935181,0.0074447570368647575,-0.0818030834197998,8.233673095703125,0.05923505872488022,-0.020121484994888306,-0.6331995725631714,0.012663991190493107,-0.004264615476131439,-0.14501118659973145,0.0029002237133681774
22,0.4399999901652336,0.5516726970672607,0.07185030728578568,0.0,708.7847290039062,0.0,708.7847290039062,0.0,1,0,0.9710915684700012,2.9770994186401367,-0.08927334100008011,0.24637913703918457,-0.9650529026985168,0.026431525126099586,0.03061140701174736,1.3042004108428955,0.8725848197937012,-0.249961718916893,-0.08939234912395477,0.7058289647102356,0.7515671849250793,0.07358317077159882,-0.04099510610103607,0.061321549117565155,0.11694847792387009,1.8289910554885864,0.112057626247406,0.0333377942442894,-0.002936944365501404,-1.3525521755218506,-0.41938018798828125,1.157554030418396,0,0,-0.0454404354095459,-10.604320526123047,0.12050364166498184,-0.007490977644920349,-0.6726019978523254,0.007643204648047686,0.005072847008705139,0.4444246292114258,0.005050279665738344,-0.13776493072509766,13.840198516845703,0.09956977516412735,-0.04086528718471527,-1.374607801437378,0.027492156252264977,-0.012841112911701202,-0.44331273436546326,0.00886625424027443
23,0.4599999897181988,0.5491424202919006,0.07030516117811203,0.0,856.30419921875,0.0,856.30419921875,0.0,1,0,0.7550461888313293,2.8697071075439453,-0.09062696248292923,0.24605518579483032,-0.9650096893310547,0.0275737214833498,0.028135420754551888,1.4105732440948486,2.388561964035034,-0.2496572881937027,-0.09075148403644562,0.7210919260978699,0.7507210969924927,0.07244476675987244,-0.038366854190826416,0.06185908988118172,0.0985664501786232,1.8943630456924438,0.09601029753684998,0.020228561013936996,0.009390100836753845,-1.486120581626892,-0.5438080430030823,1.041311502456665,0,0,-0.04353731870651245,-8.363234519958496,0.09503675252199173,0.002982005476951599,2.2608070373535156,0.025690989568829536,0.012631222605705261,1.0115647315979004,0.011495053768157959,-0.12324172258377075,14.63092041015625,0.10525842010974884,-0.010600912384688854,-0.23948049545288086,0.004789609927684069,-0.015606395900249481,-0.4923784136772156,0.009847568348050117
24,0.47999998927116394,0.5352405905723572,0.07045722007751465,0.0,732.164306640625,0.0,732.164306640625,0.0,1,0,0.9967142343521118,2.4732601642608643,-0.08435159176588058,0.2397371530532837,-0.9671661257743835,0.02955406717956066,0.024356000125408173,1.424615502357483,1.5644572973251343,-0.24297846853733063,-0.08445194363594055,0.7268577814102173,0.7504029870033264,0.07337279617786407,-0.029882201924920082,0.0681595727801323,0.08521576225757599,1.7862789630889893,0.08092182874679565,0.0040701013058424,0.026397302746772766,-1.3485852479934692,-0.6437145471572876,0.9786427617073059,0,0,-0.03982853889465332,-8.772665023803711,0.09968937188386917,-0.0067069679498672485,-0.23836195468902588,0.0027086585760116577,0.010871872305870056,0.824600338935852,0.00937045831233263,-0.10443472862243652,17.311119079589844,0.12454042583703995,0.02159029431641102,0.3996807336807251,0.007993614301085472,-0.00479067862033844,-0.1604432761669159,0.003208865411579609
25,0.4999999888241291,0.5253615975379944,0.07129078358411789,0.0,1015.270751953125,0.0,1015.270751953125,0.0,1,0,0.6385895609855652,2.0694408416748047,-0.08580388128757477,0.2267490029335022,-0.9701661467552185,0.030325710773468018,0.02633175440132618,1.517622709274292,2.5322341918945312,-0.22960031032562256,-0.08590952306985855,0.7316343188285828,0.7497889399528503,0.07136128097772598,-0.021117910742759705,0.06986144930124283,0.08780446648597717,1.7253843545913696,0.07359182834625244,-0.002810481935739517,0.04781179130077362,-1.2301602363586426,-0.6029359698295593,1.0488685369491577,0,0,-0.0408099889755249,-8.538337707519531,0.09702656418085098,-0.020031511783599854,0.3818929195404053,0.004339692182838917,0.006913758814334869,-0.6858117580413818,0.0077933152206242085,-0.09340935945510864,10.148412704467773,0.0730101615190506,0.03368901461362839,0.615554690361023,0.012311093509197235,-0.008685410022735596,-0.3211022615432739,0.006422045174986124
26,0.5199999883770943,0.47232353687286377,0.07381436228752136,0.0,559.8765869140625,0.0,559.8765869140625,0.0,1,0,0.7167834639549255,1.6166390180587769,-0.08194601535797119,0.2186187505722046,-0.9723629951477051,0.03171341493725777,0.023559799417853355,1.558147668838501,1.1523832082748413,-0.22115489840507507,-0.08203800767660141,0.72078537940979,0.749910295009613,0.07360617071390152,-0.015506618656218052,0.07403309643268585,0.08939263224601746,1.546572208404541,0.06602269411087036,-0.008702258579432964,0.05963486433029175,-1.044410228729248,-0.5873699188232422,0.9777981638908386,0,0,-0.05354195833206177,-10.349660873413086,0.11760978400707245,-0.03663499653339386,-2.6963069438934326,0.030639851465821266,0.007549695670604706,1.849684476852417,0.021019142121076584,-0.07411029934883118,10.566961288452148,0.07602130621671677,0.014899425208568573,0.07591284811496735,0.001518256962299347,-0.001629650592803955,-0.027138926088809967,0.0005427785217761993
27,0.5399999879300594,0.46250903606414795,0.07607823610305786,0.0,1120.9361572265625,0.0,1120.9361572265625,0.0,1,0,0.8988054394721985,1.4016575813293457,-0.07983215898275375,0.2303897589445114,-0.9698181748390198,0.03308819234371185,0.03357601538300514,1.6666191816329956,0.609585702419281,-0.23323634266853333,-0.07991719990968704,0.729802668094635,0.7482877969741821,0.0753328874707222,-0.015218796208500862,0.07589796185493469,0.0887596607208252,1.4939762353897095,0.05850207805633545,-0.012379332445561886,0.06559371948242188,-1.087204098701477,-0.4402768015861511,0.925261378288269,0,0,-0.07452404499053955,-13.90162181854248,0.15797297656536102,-0.0583011656999588,-5.486944198608398,0.062351640313863754,0.008209601044654846,6.451687812805176,0.07331463694572449,-0.0702582597732544,7.4213972091674805,0.05339134857058525,0.012673407793045044,0.05074680596590042,0.001014936133287847,-0.004497021436691284,0.05948686599731445,0.0011897373478859663
28,0.5599999874830246,0.4572582244873047,0.07793264091014862,0.0,475.5560607910156,0.0,475.5560607910156,0.0,1,0,0.5198371410369873,1.1876469850540161,-0.08180422335863113,0.2260739505290985,-0.9706692695617676,0.03475569188594818,0.032072197645902634,1.7431284189224243,1.6606109142303467,-0.2288259118795395,-0.08189573884010315,0.7087022066116333,0.7467549443244934,0.07427438348531723,-0.014123497530817986,0.07508619129657745,0.09039521217346191,1.4188830852508545,0.05361837148666382,-0.013557856902480125,0.07150208950042725,-1.0688657760620117,-0.41620707511901855,0.8351808786392212,0,0,-0.08682364225387573,-19.193992614746094,0.21811355650424957,-0.07312767207622528,-7.5591583251953125,0.08589952439069748,0.009694546461105347,5.4817023277282715,0.06229207292199135,-0.050863027572631836,8.731080055236816,0.06281352788209915,0.004325203597545624,-0.2553418278694153,0.005106836557388306,0.001183345913887024,0.14617744088172913,0.0029235489200800657
29,0.5799999870359898,0.488323450088501,0.07773333787918091,0.0,1173.827392578125,0.0,1173.827392578125,0.0,1,0,1.0041272640228271,1.1008448600769043,-0.079353466629982,0.22888125479221344,-0.9702144861221313,0.03621666505932808,0.031258903443813324,1.893782377243042,3.6306848526000977,-0.23167215287685394,-0.07943698763847351,0.7034090757369995,0.7447386384010315,0.07261958718299866,-0.014067575335502625,0.07339339703321457,0.08374013006687164,1.3793865442276,0.04729431867599487,-0.011719911359250546,0.0681050717830658,-1.1370539665222168,-0.12818217277526855,0.7703146934509277,0,0,-0.0851244330406189,-25.02315902709961,0.2843540906906128,-0.08417569100856781,-7.664686679840088,0.08709871023893356,0.006826817989349365,12.415426254272461,0.14108438789844513,-0.03830164670944214,12.565080642700195,0.09039626270532608,0.011986464262008667,-0.29903727769851685,0.0059807454235851765,-0.007092326879501343,0.13421690464019775,0.002684338018298149
30,0.5999999865889549,0.4609126150608063,0.07900956273078918,0.043478261679410934,449.22113037109375,0.0,449.22113037109375,0.0,1,0,0.14721550047397614,0.8573240637779236,-0.07499122619628906,0.2317289263010025,-0.9698855876922607,0.03821823000907898,0.02984623983502388,2.0275869369506836,6.527019500732422,-0.2345273196697235,-0.07506169378757477,0.694885790348053,0.743011474609375,0.07584309577941895,-0.016463862732052803,0.07608933001756668,0.07843276858329773,1.1937559843063354,0.04157564043998718,-0.014804827980697155,0.06483812630176544,-0.940613865852356,0.15399478375911713,0.7187380790710449,0,0,-0.07337099313735962,-33.73744201660156,0.3833800256252289,-0.09189647436141968,-3.473926544189453,0.039476439356803894,-0.002843208611011505,22.47669792175293,0.25541701912879944,-0.025675952434539795,25.0704402923584,0.18036288022994995,0.008100688457489014,-0.9396796226501465,0.018793592229485512,-0.003640413284301758,0.36645957827568054,0.007329191546887159
31,0.6199999861419201,0.511042594909668,0.08001808822154999,0.043478261679410934,1435.3477783203125,0.0,1435.3477783203125,0.0,1,0,1.0756460428237915,1.231972336769104,-0.057777658104896545,0.21874389052391052,-0.9740702509880066,0.04033855348825455,0.032952334731817245,2.195786952972412,8.804940223693848,-0.22090211510658264,-0.05780985206365585,0.6798295378684998,0.7407282590866089,0.07458662241697311,-0.013307983055710793,0.07560648769140244,0.08017335087060928,1.640212059020996,0.0408843457698822,-0.007554303854703903,0.0685504823923111,-0.5331553816795349,1.0490474700927734,1.142602562904358,0,0,-0.06030166149139404,-35.86185836791992,0.40752112865448,-0.08073948323726654,4.030721187591553,0.045803651213645935,-0.012112617492675781,35.89295196533203,0.4078744649887085,-0.029993951320648193,30.810810089111328,0.22166050970554352,0.006393454968929291,-1.2478636503219604,0.02495727315545082,-0.017826363444328308,0.3951495885848999,0.007902991957962513
32,0.6399999856948853,0.47770509123802185,0.08057856559753418,0.043478261679410934,609.5631103515625,0.0,609.5631103515625,0.0,1,0,0.6120694279670715,1.7276196479797363,-0.050213027745485306,0.20710772275924683,-0.9770284295082092,0.041667673736810684,0.04862985759973526,2.2937521934509277,11.04295825958252,-0.2088850736618042,-0.05023415386676788,0.6604058742523193,0.7399095296859741,0.07579122483730316,-0.01481812633574009,0.07647515088319778,0.07691020518541336,2.042707920074463,0.04050081968307495,0.002955598756670952,0.0653156042098999,0.1326766014099121,1.5584336519241333,1.313901662826538,0,0,-0.05544155836105347,-40.88258361816406,0.46457481384277344,-0.07485631108283997,9.943889617919922,0.11299874633550644,-0.039476823061704636,47.40181350708008,0.5386569499969482,-0.021127939224243164,41.703041076660156,0.3000218868255615,0.014601141214370728,-1.3406023979187012,0.026812048628926277,-0.007643073797225952,0.8303515911102295,0.016607031226158142
33,0.6599999852478504,0.4925151765346527,0.0804930105805397,0.08695652335882187,1240.783935546875,0.0,1240.783935546875,0.0,1,0,0.8774251341819763,1.8585131168365479,-0.049144845455884933,0.21812883019447327,-0.9746816158294678,0.04321456700563431,0.04936249181628227,2.487055778503418,12.390186309814453,-0.2201671302318573,-0.04916464909911156,0.6612431406974792,0.7378922700881958,0.07518577575683594,-0.014654182828962803,0.0758921280503273,0.06113062798976898,2.0445852279663086,0.026522517204284668,0.01317053847014904,0.053479403257369995,-0.16159871220588684,1.7751221656799316,1.0015766620635986,0,0,-0.04026120901107788,-44.69700622558594,0.507920503616333,-0.0732724517583847,17.79163360595703,0.20217765867710114,-0.06477959454059601,66.82947540283203,0.7594258785247803,-0.028343945741653442,51.101470947265625,0.36763647198677063,0.029103629291057587,-1.4471383094787598,0.028942765668034554,-0.019141405820846558,0.9594248533248901,0.019188497215509415
34,0.6799999848008156,0.5165722370147705,0.08221644163131714,0.043478261679410934,310.72119140625,0.0,310.72119140625,0.0,1,0,0.5400949120521545,1.5420494079589844,-0.05771297588944435,0.21285459399223328,-0.9753777384757996,0.04499375820159912,0.07153636962175369,2.4764859676361084,12.186582565307617,-0.21485933661460876,-0.057745061814785004,0.6339082717895508,0.7364711165428162,0.07553862780332565,-0.011994367465376854,0.07687998563051224,0.049761299043893814,1.8219290971755981,0.01506882905960083,0.012341754510998726,0.04579080641269684,-0.33864957094192505,1.48944890499115,0.993118405342102,0,0,-0.020293593406677246,-33.061378479003906,0.3756974935531616,-0.07428815960884094,16.81218147277832,0.1910475194454193,-0.06035473570227623,64.71477508544922,0.7353951930999756,-0.0258406400680542,47.56381607055664,0.34218573570251465,0.01483309268951416,-1.7378839254379272,0.03475767746567726,-0.019669175148010254,0.9747447967529297,0.01949489675462246
35,0.6999999843537807,0.5453751683235168,0.08198505640029907,0.043478261679410934,2127.7939453125,0.0,2127.7939453125,0.0,1,0,1.1343542337417603,2.1563966274261475,-0.046238452196121216,0.20002293586730957,-0.978699266910553,0.04819788411259651,0.09189800918102264,2.7444472312927246,14.51980209350586,-0.20159994065761566,-0.04625494405627251,0.6127809882164001,0.733627200126648,0.07484804838895798,-0.007343674544245005,0.07703247666358948,0.04437562823295593,2.480370044708252,0.004231125116348267,0.015448106452822685,0.041384175419807434,-0.3631305694580078,2.097439765930176,1.2732312679290771,0,0,0.0072438716888427734,-33.9818115234375,0.38615694642066956,-0.06473323702812195,19.09003448486328,0.21693220734596252,-0.061967961490154266,73.51728820800781,0.8354237079620361,-0.03427073359489441,51.95523452758789,0.37377867102622986,0.02927202731370926,-1.4699652194976807,0.02939930371940136,-0.03328719735145569,1.0038096904754639,0.020076192915439606
36,0.7199999839067459,0.5854669213294983,0.08304107934236526,0.08695652335882187,1449.710205078125,0.0,1449.710205078125,0.0,1,0,1.854773759841919,3.100398540496826,-0.0512508787214756,0.14070382714271545,-0.9887241125106812,0.05058332160115242,0.16028684377670288,2.8328700065612793,18.79291343688965,-0.14135929942131042,-0.05127334222197533,0.5502437949180603,0.7321449518203735,0.07745356857776642,-0.005419355817139149,0.07992523908615112,0.04697664827108383,3.4053561687469482,0.0008536875247955322,0.017299272119998932,0.043667055666446686,0.4227913022041321,2.809598207473755,1.8771934509277344,0,0,0.027312636375427246,-32.12163162231445,0.3650185465812683,-0.03570546209812164,27.572227478027344,0.31332075595855713,-0.07690110802650452,80.68304443359375,0.9168527722358704,-0.026578634977340698,59.652557373046875,0.4291550815105438,0.03531640022993088,-1.6223688125610352,0.03244737535715103,-0.029949650168418884,1.220423936843872,0.024408478289842606
37,0.7399999834597111,0.6139874458312988,0.08622317016124725,0.08695652335882187,0.0,0.0,0.0,0.0,0,0,2.463648557662964,2.9835879802703857,-0.025468025356531143,0.1322939097881317,-0.9908832311630249,0.05215449258685112,0.14735068380832672,2.9546778202056885,18.892356872558594,-0.13272619247436523,-0.025470780208706856,0.5688117742538452,0.7311351299285889,0.07835780084133148,-0.0010634190402925014,0.08123597502708435,0.04838356748223305,3.3129844665527344,-0.023384451866149902,0.026487154886126518,0.033054009079933167,0.37846308946609497,2.6053574085235596,2.011155128479004,0,0,0.05777055025100708,-31.340980529785156,0.35614749789237976,0.007168799638748169,35.23919677734375,0.40044543147087097,-0.10098344087600708,79.58149719238281,0.9043352007865906,-0.013504236936569214,61.93663787841797,0.4455873370170593,0.05045274645090103,-1.1175464391708374,0.02235092967748642,-0.019693180918693542,1.1249473094940186,0.022498946636915207
38,0.7599999830126762,0.661983847618103,0.09302648901939392,0.1304347813129425,2597.199951171875,0.0,2597.199951171875,0.0,1,0,2.688478946685791,3.266704559326172,-0.04412698745727539,0.12073902040719986,-0.9917031526565552,0.05457264557480812,0.1710454821586609,2.943530559539795,17.908281326293945,-0.12115290015935898,-0.04414132237434387,0.5415846109390259,0.7291072607040405,0.07599752396345139,0.004367764573544264,0.0790330097079277,0.06785091757774353,3.769071340560913,-0.05626222491264343,0.03361895680427551,0.01755206286907196,0.4381487965583801,2.774986982345581,2.5126423835754395,0,0,0.08499056100845337,-28.688615798950195,0.32600700855255127,0.03663286566734314,32.05954360961914,0.364313006401062,-0.11316601186990738,80.65428924560547,0.9165260195732117,-0.020784646272659302,60.40250015258789,0.43455037474632263,0.06164140999317169,-1.1437606811523438,0.022875213995575905,-0.028271064162254333,1.2432961463928223,0.024865923449397087
39,0.7799999825656414,0.7053648829460144,0.09673996269702911,0.1304347813129425,219.26206970214844,0.0,219.26206970214844,0.0,1,0,2.1184895038604736,2.8403820991516113,-0.04545624554157257,0.09528879076242447,-0.994411051273346,0.054224081337451935,0.16148123145103455,3.102051019668579,20.30329704284668,-0.09553265571594238,-0.0454719141125679,0.5562122464179993,0.7296037673950195,0.07415739446878433,0.0050516691990196705,0.07718556374311447,0.08577687293291092,3.3754656314849854,-0.07754004001617432,0.035180024802684784,0.010372087359428406,0.3414440155029297,2.223235845565796,2.516824722290039,0,0,0.09363365173339844,-29.821306228637695,0.33887848258018494,0.08086557686328888,40.97775650024414,0.4656563103199005,-0.13878439366817474,74.02090454101562,0.8411466479301453,0.00019472837448120117,62.69629669189453,0.4510524868965149,0.048830997198820114,-1.3186993598937988,0.026373988017439842,-0.007754102349281311,1.3042643070220947,0.02608528546988964
40,0.7999999821186066,0.7439849376678467,0.10470901429653168,0.1304347813129425,1839.0054931640625,0.0,1839.0054931640625,0.0,1,0,2.280367851257324,3.066265106201172,-0.05625065416097641,0.09609825909137726,-0.9937810897827148,0.05818236991763115,0.20188100636005402,3.148732900619507,19.963314056396484,-0.09639988839626312,-0.056280359625816345,0.504329264163971,0.7282425761222839,0.07357293367385864,0.011484503746032715,0.0762198343873024,0.11260517686605453,3.6358814239501953,-0.10230091214179993,0.04691300913691521,0.0036903023719787598,0.4969136714935303,2.2680914402008057,2.797940492630005,0,0,0.10522431135177612,-30.162248611450195,0.3427528142929077,0.08480426669120789,36.9584846496582,0.41998279094696045,-0.1488925814628601,76.88770294189453,0.8737239241600037,2.536177635192871e-05,61.73078918457031,0.44410640001296997,0.059057850390672684,-1.1035380363464355,0.022070759907364845,-0.01928037405014038,1.289163589477539,0.025783272460103035
41,0.8199999816715717,0.7606023550033569,0.10644523054361343,0.1304347813129425,2417.15869140625,0.0,2417.15869140625,0.0,1,0,1.5510869026184082,3.493781328201294,-0.040706977248191833,0.06833753734827042,-0.9968314170837402,0.059754371643066406,0.1974167823791504,3.380063056945801,20.91402244567871,-0.06844766438007355,-0.04071822762489319,0.5193925499916077,0.7279514074325562,0.07160141319036484,0.015009310096502304,0.07377427816390991,0.12308275699615479,4.098777770996094,-0.11354917287826538,0.046858228743076324,0.007762521505355835,0.8081381320953369,2.450653553009033,3.184523582458496,0,0,0.10847151279449463,-29.90105438232422,0.33978471159935,0.12559553980827332,42.35913848876953,0.48135384917259216,-0.1605812907218933,68.86023712158203,0.7825027108192444,0.016865551471710205,61.361305236816406,0.44144824147224426,0.05849999189376831,-0.9202035069465637,0.018404070287942886,-0.015635550022125244,1.2779512405395508,0.02555902488529682
42,0.8399999812245369,0.8280492424964905,0.11871237307786942,0.08695652335882187,0.0,0.0,0.0,0.0,0,0,1.1503797769546509,2.598886013031006,-0.07581690698862076,0.05277356132864952,-0.9957242012023926,0.05955735966563225,0.24105216562747955,3.4006717205047607,21.922956466674805,-0.05295063555240631,-0.07588972896337509,0.4742364287376404,0.7308770418167114,0.0729021430015564,0.015464914962649345,0.07501901686191559,0.14415064454078674,3.3307857513427734,-0.13584530353546143,0.04810672253370285,-0.003347426652908325,0.6280654668807983,1.2862522602081299,3.0075278282165527,0,0,0.10788613557815552,-25.395973205566406,0.28859061002731323,0.14151960611343384,44.210357666015625,0.502390444278717,-0.1665629744529724,66.14372253417969,0.7516332268714905,0.04419735074043274,59.26390838623047,0.42635905742645264,0.04928413778543472,-0.9467207193374634,0.01893441379070282,0.008974313735961914,2.0178487300872803,0.04035697504878044
43,0.8599999807775021,0.8231242299079895,0.12366145849227905,0.08695652335882187,0.0,0.0,0.0,0.0,0,0,1.8550432920455933,2.6472342014312744,-0.043987344950437546,0.08466267585754395,-0.995438277721405,0.06529617309570312,0.22262419760227203,3.500767230987549,19.92780303955078,-0.08484646677970886,-0.044001542031764984,0.4683767557144165,0.7317032217979431,0.07153701782226562,0.025810975581407547,0.07114210724830627,0.14625999331474304,3.7279281616210938,-0.13713958859443665,0.05075284093618393,0.002978578209877014,1.0213031768798828,0.6395074129104614,3.527806282043457,0,0,0.09774202108383179,-30.347305297851562,0.34485575556755066,0.10763782262802124,34.71271514892578,0.3944626748561859,-0.13512587547302246,65.33114624023438,0.7423993945121765,0.03188037872314453,50.593223571777344,0.3639800250530243,0.048630356788635254,-0.5401697158813477,0.01080339401960373,-0.020811259746551514,1.0941462516784668,0.021882925182580948
44,0.8799999803304672,0.75776207447052,0.12034977227449417,0.08695652335882187,0.0,0.0,0.0,0.0,0,0,2.486438512802124,2.637089490890503,-0.030210895463824272,0.08866802603006363,-0.995603084564209,0.07190727442502975,0.1944025307893753,3.7228119373321533,16.93309783935547,-0.0888252705335617,-0.030215492472052574,0.49132099747657776,0.7301674485206604,0.06965599209070206,0.03484543412923813,0.06545136123895645,0.13284960389137268,4.12156867980957,-0.1285698413848877,0.024610109627246857,0.022652864456176758,1.028356909751892,0.5015931725502014,3.9595723152160645,0,0,0.0736844539642334,-29.26321792602539,0.33253657817840576,0.07713249325752258,25.24403190612793,0.2868640124797821,-0.10005404055118561,48.83548355102539,0.5549486875534058,0.027762234210968018,35.1657829284668,0.2529912292957306,0.024695662781596184,-0.6302961707115173,0.012605923227965832,-0.010741129517555237,1.0740563869476318,0.02148112840950489
45,0.8999999798834324,0.7453925609588623,0.11501911282539368,0.08695652335882187,2373.142333984375,0.0,2373.142333984375,0.0,1,0,2.917536735534668,2.9081077575683594,-0.014669770374894142,0.05773838236927986,-0.9982238411903381,0.07894137501716614,0.1788531392812729,3.6866843700408936,15.877219200134277,-0.057776737958192825,-0.0146702965721488,0.5106468796730042,0.7269265055656433,0.06927477568387985,0.04508249834179878,0.05875616520643234,0.12410775572061539,4.331643104553223,-0.11551614105701447,0.013699352741241455,0.04325602948665619,1.1878994703292847,0.786969780921936,4.09056282043457,0,0,0.044981300830841064,-34.91842269897461,0.3968002498149872,0.0818675309419632,20.205902099609375,0.2296125292778015,-0.09021995216608047,38.5906982421875,0.43853065371513367,0.011688172817230225,29.82744026184082,0.21458590030670166,-0.005845777690410614,-1.1603248119354248,0.023206496611237526,-0.012769505381584167,1.0352898836135864,0.020705796778202057
46,0.9199999794363976,0.7390599846839905,0.11171005666255951,0.08695652335882187,1777.748779296875,212.80868530273438,1777.748779296875,212.80868530273438,1,1,1.7211978435516357,1.5841797590255737,0.006358249578624964,0.017213450744748116,-0.9998314380645752,0.07975302636623383,0.16843797266483307,3.819946050643921,18.63555335998535,-0.01721465028822422,0.006358292419463396,0.5481524467468262,0.7264686226844788,0.07101546972990036,0.04935668408870697,0.05761434882879257,0.11411520093679428,2.779456853866577,-0.09506568312644958,0.023368865251541138,0.058640338480472565,0.07800948619842529,0.10979390144348145,2.7761917114257812,0,0,0.0045871734619140625,-50.632904052734375,0.5753738880157471,0.12900498509407043,35.08208084106445,0.39866000413894653,-0.11701623350381851,44.46413803100586,0.5052742958068848,0.02685868740081787,44.446311950683594,0.3197576403617859,0.05913029611110687,-1.0532960891723633,0.02106592245399952,-0.045931376516819,1.1250910758972168,0.02250182069838047
47,0.9399999789893627,0.8237416744232178,0.1207219734787941,0.043478261679410934,0.0,1794.6646728515625,0.0,1794.6646728515625,0,1,1.345788598060608,4.7518391609191895,0.019146664068102837,0.007085313089191914,-0.9997914433479309,0.08171816915273666,0.24108213186264038,3.611768960952759,22.93368148803711,-0.00708667142316699,0.019147833809256554,0.44636574387550354,0.7271372079849243,0.07943646609783173,0.05872610956430435,0.06053851917386055,0.1306454837322235,6.46619176864624,-0.10658060014247894,0.049541376531124115,0.05704796314239502,-5.982653617858887,0.04523336887359619,2.4530487060546875,0,0,0.01595151424407959,-41.73684310913086,0.47428229451179504,0.14338375627994537,34.18877029418945,0.38850876688957214,-0.17020869255065918,36.115516662597656,0.41040360927581787,0.10827958583831787,55.92706298828125,0.4023529589176178,0.20219281315803528,4.935662746429443,0.09871325641870499,-0.08858253806829453,0.8287372589111328,0.016574745997786522
48,0.9599999785423279,0.8208189606666565,0.12994259595870972,0.08695652335882187,0.0,0.0,0.0,0.0,0,0,2.936180591583252,0.4297425448894501,0.0519273579120636,0.04605793207883835,-0.997588038444519,0.085462287068367,0.20272289216518402,4.068979263305664,18.38214683532715,-0.0461365208029747,0.05195072293281555,0.47014230489730835,0.7280779480934143,0.08592306077480316,0.06687770038843155,0.06150992587208748,0.18706029653549194,2.749950647354126,-0.17922796308994293,0.04188966006040573,0.03337888419628143,-1.1564416885375977,-0.17202401161193848,2.4890317916870117,0,0,0.13215148448944092,-19.080421447753906,0.21682296693325043,0.14708629250526428,38.40491485595703,0.4364194869995117,-0.1620483100414276,46.92339324951172,0.5332203507423401,0.12330484390258789,61.134422302246094,0.4398159980773926,0.1705150306224823,2.6304032802581787,0.05260806530714035,0.026757240295410156,1.470942497253418,0.02941885031759739
49,0.979999978095293,0.7511537075042725,0.1351970136165619,0.08695652335882187,548.6508178710938,0.0,548.6508178710938,0.0,1,0,1.8384535312652588,0.8138888478279114,0.09816785901784897,0.08438470214605331,-0.9915855526924133,0.0954633429646492,0.1626301258802414,4.44742488861084,13.887351989746094,-0.08489622175693512,0.09832622110843658,0.505671501159668,0.7246010303497314,0.09561584144830704,0.08201905339956284,0.058199603110551834,0.21458137035369873,3.4432294368743896,-0.21249964833259583,0.002603083848953247,0.029703348875045776,-0.27987802028656006,-0.6162242293357849,3.3760576248168945,0,0,0.2234070897102356,-1.4121570587158203,0.016047239303588867,0.10800889134407043,23.560317993164062,0.2677308917045593,-0.08464633673429489,40.99795913696289,0.4658859074115753,0.08482599258422852,34.59769058227539,0.2489042431116104,0.048733435571193695,-0.06740236282348633,0.0013480472844094038,-0.005214862525463104,0.7981686592102051,0.015963373705744743
50,0.9999999776482582,0.7807701826095581,0.13803978264331818,0.043478261679410934,1444.849609375,0.0,1444.849609375,0.0,1,0,1.9798909425735474,0.9017506837844849,0.09238225221633911,0.03645475208759308,-0.9950560927391052,0.09970030933618546,0.1462692767381668,4.166382789611816,11.600349426269531,-0.03661949932575226,0.09251416474580765,0.5228385925292969,0.7225569486618042,0.10063406080007553,0.08972493559122086,0.055617544800043106,0.23546336591243744,4.165700912475586,-0.22401279211044312,-0.06116244196891785,0.03899260610342026,-0.061564743518829346,-0.3648916482925415,4.149232387542725,0,0,0.26613667607307434,18.999500274658203,0.2159034162759781,0.11837546527385712,20.471513748168945,0.23263083398342133,-0.007951974868774414,9.323484420776367,0.10594868659973145,0.05270594358444214,1.4896430969238281,0.010716856457293034,-0.02625957503914833,-0.7680507898330688,0.015361015684902668,-0.018730081617832184,-0.1210678294301033,0.0024213565047830343
51,1.0199999772012234,0.7567259669303894,0.13704225420951843,0.043478261679410934,261.5574035644531,4525.1787109375,261.5574035644531,4525.1787109375,1,1,0.9540051817893982,0.7779791951179504,0.0982673168182373,-0.037202317267656326,-0.9944641590118408,0.09991053491830826,0.16642792522907257,3.965820074081421,13.672791481018066,0.037391964346170425,0.09842616319656372,0.5475699305534363,0.7259575724601746,0.10804219543933868,0.09907717257738113,0.0542055144906044,0.2366737425327301,0.7144604921340942,-0.21603639423847198,-0.08608779311180115,0.043950311839580536,-0.6273869872093201,0.34132057428359985,-0.01842936873435974,0,0,0.28948765993118286,5.432220458984375,0.06172977760434151,0.14296190440654755,18.338356018066406,0.20839041471481323,-0.04638330638408661,4.480693340301514,0.050916969776153564,0.03268080949783325,26.801959991455078,0.19281984865665436,0.11105283349752426,-0.09375721216201782,0.0018751441966742277,-0.054675355553627014,0.23649069666862488,0.004729813896119595
52,1.0399999767541885,0.6846656203269958,0.14429059624671936,0.043478261679410934,243.9952392578125,0.0,243.9952392578125,0.0,1,0,1.2264659404754639,1.0397779941558838,0.08818567544221878,0.07423073053359985,-0.9933342933654785,0.09298954904079437,0.12888440489768982,4.360851764678955,9.635356903076172,-0.07459020614624023,0.08830037713050842,0.48529908061027527,0.7347124814987183,0.11098679155111313,0.10126244276762009,0.05635214224457741,0.26387500762939453,3.0920543670654297,-0.25887805223464966,-0.05061464011669159,0.007094722241163254,-1.423735499382019,0.3156653046607971,2.726560592651367,0,0,0.3350836932659149,33.211666107177734,0.3774052858352661,0.1067236065864563,11.794346809387207,0.1340266615152359,-0.010016053915023804,13.24610710144043,0.15052394568920135,0.021725893020629883,12.861102104187012,0.092525914311409,0.07634677737951279,1.3150944709777832,0.02630188874900341,-0.01713256537914276,-0.27435576915740967,0.00548711558803916
53,1.0599999763071537,0.690095841884613,0.14560505747795105,0.043478261679410934,764.491943359375,717.337646484375,764.491943359375,717.337646484375,1,1,1.0565454959869385,0.14205607771873474,0.13251665234565735,0.03798743709921837,-0.9904526472091675,0.10509127378463745,0.14262539148330688,4.669451713562012,9.977346420288086,-0.03833482041954994,0.13290759921073914,0.4914149045944214,0.7279620170593262,0.12368246912956238,0.11959811300039291,0.04680823162198067,0.2636687457561493,3.558849334716797,-0.2508999705314636,-0.0774170309305191,0.02402104064822197,-0.5731006264686584,-0.18982625007629395,3.507268190383911,0,0,0.37878552079200745,25.326894760131836,0.28780561685562134,0.07697892189025879,7.252907752990723,0.08241940289735794,0.009307071566581726,8.909855842590332,0.1012483611702919,0.017777085304260254,18.075597763061523,0.1300402730703354,-0.017700091004371643,0.3517915606498718,0.007035830989480019,-0.029245570302009583,0.28746795654296875,0.0057493592612445354
54,1.0799999758601189,0.7097404599189758,0.15169021487236023,0.08695652335882187,189.92620849609375,3209.144287109375,189.92620849609375,3209.144287109375,1,1,0.23191922903060913,0.4238310754299164,0.10347434878349304,0.01979094184935093,-0.9944350719451904,0.10718449205160141,0.11731578409671783,4.592127323150635,12.633240699768066,-0.019899066537618637,0.10365989804267883,0.4863533079624176,0.7254382371902466,0.12655407190322876,0.1260109841823578,0.03634948283433914,0.2671995759010315,0.41982120275497437,-0.2435571849346161,-0.1084856241941452,0.017503932118415833,-0.310420423746109,0.25814002752304077,-0.115120530128479,0,0,0.41866230964660645,27.234230041503906,0.30947989225387573,0.041371867060661316,6.062922477722168,0.06889684498310089,0.015064626932144165,14.804044723510742,0.16822777688503265,-0.10190218687057495,-55.53996276855469,0.3995680809020996,0.05619478225708008,7.502732276916504,0.15005464851856232,0.022482775151729584,0.3932104706764221,0.007864209823310375
55,1.099999975413084,0.7348976135253906,0.15320917963981628,0.08695652335882187,336.5829162597656,305.34149169921875,336.5829162597656,305.34149169921875,1,1,0.45481133460998535,0.3643444776535034,0.09918271005153656,0.08959519863128662,-0.9910276532173157,0.10218832641839981,0.10731900483369827,4.879184246063232,10.140279769897461,-0.09016125649213791,0.09934604912996292,0.49637410044670105,0.7313424944877625,0.12584947049617767,0.12699338793754578,0.029324479401111603,0.27188876271247864,2.1919920444488525,-0.24012023210525513,-0.1274537593126297,0.004616096615791321,-0.4656798839569092,0.12680761516094208,2.138197898864746,0,0,0.41848862171173096,28.02249526977539,0.31843745708465576,-0.06326788663864136,-11.545881271362305,0.13120318949222565,0.07661400735378265,26.088441848754883,0.2964595556259155,-0.10327625274658203,8.268444061279297,0.05948520824313164,-0.02761279046535492,-1.1769089698791504,0.02353817969560623,-0.00696195662021637,-0.5813299417495728,0.011626598425209522
56,1.1199999749660492,0.8258309960365295,0.14476212859153748,0.08695652335882187,166.1490936279297,2611.09765625,166.1490936279297,2611.09765625,1,1,0.6814480423927307,0.03767576813697815,0.0962957963347435,0.030865740031003952,-0.9948738217353821,0.10663583874702454,0.10009296983480453,4.705516338348389,11.702009201049805,-0.03101482428610325,0.0964452475309372,0.4804697334766388,0.7270211577415466,0.12865322828292847,0.1322697401046753,0.011869091540575027,0.25959768891334534,0.7228121161460876,-0.1830340325832367,-0.184010311961174,0.00545094907283783,-0.14853593707084656,-0.06533651798963547,-0.7043617963790894,0,0,0.4378436803817749,33.61378860473633,0.38197487592697144,-0.14275909960269928,-25.57773780822754,0.29065611958503723,0.09182578325271606,21.657604217529297,0.24610914289951324,-0.20915085077285767,-68.44373321533203,0.4924009442329407,0.041402190923690796,2.7807886600494385,0.05561577156186104,0.2000141441822052,7.55895471572876,0.15117909014225006
57,1.1399999745190144,0.8280234336853027,0.14364060759544373,0.08695652335882187,218.0096435546875,183.33030700683594,218.0096435546875,183.33030700683594,1,1,0.24246849119663239,1.8704423904418945,0.07958556711673737,0.05184345692396164,-0.995478630065918,0.10237553715705872,0.08623013645410538,4.937228202819824,9.72693157196045,-0.05203190818428993,0.07966982573270798,0.487043559551239,0.7323278188705444,0.12733244895935059,0.13120858371257782,-0.0003067385405302048,0.2827759385108948,2.496459722518921,-0.1666507124900818,-0.22832435369491577,-0.007599994540214539,-1.8761317729949951,-0.5002534985542297,1.5691357851028442,0,0,0.433729350566864,27.487869262695312,0.3123621642589569,-0.2444164752960205,-32.25669860839844,0.366553395986557,0.1455337256193161,28.831218719482422,0.3276274800300598,-0.1784260869026184,4.158447265625,0.029916886240243912,-0.0639323890209198,-2.8314647674560547,0.05662929639220238,-0.05915575474500656,-2.2552106380462646,0.04510421305894852
58,1.1599999740719795,0.7907201647758484,0.14320814609527588,0.08695652335882187,249.68826293945312,1553.1644287109375,249.68826293945312,1553.1644287109375,1,1,0.19748342037200928,1.2289440631866455,0.07698938250541687,-0.06024932488799095,-0.9952100515365601,0.10792503505945206,0.10723216831684113,4.896023750305176,12.059080123901367,0.06046551465988159,0.07706564664840698,0.49321532249450684,0.726331353187561,0.13324099779129028,0.13554774224758148,-0.017634814605116844,0.3113041818141937,1.4506490230560303,-0.12104234099388123,-0.28675130009651184,-0.005721572786569595,-0.003415878862142563,-1.2600239515304565,0.7188258767127991,0,0,0.3980123996734619,12.824348449707031,0.14573122560977936,-0.23130343854427338,-15.567269325256348,0.17690078914165497,0.20817510783672333,39.846866607666016,0.4528053104877472,-0.15976032614707947,-29.007282257080078,0.2086854875087738,-0.06483286619186401,-6.455029487609863,0.12910059094429016,0.27225935459136963,4.140364646911621,0.08280729502439499
59,1.1799999736249447,0.7860383987426758,0.14352431893348694,0.0,69.75971984863281,1708.8818359375,69.75971984863281,1708.8818359375,1,1,1.1450687646865845,1.0406862497329712,0.1173178032040596,-0.08649401366710663,-0.9893205165863037,0.11084236204624176,0.1573592871427536,4.8335795402526855,13.247525215148926,0.08720595389604568,0.1175886020064354,0.47582733631134033,0.7247243523597717,0.137436181306839,0.13636037707328796,-0.03368189558386803,0.2921595573425293,1.0606225728988647,-0.08145512640476227,-0.2805415391921997,-0.004327110946178436,0.15630967915058136,-1.048561692237854,0.03171510994434357,0,0,0.3915219306945801,31.137781143188477,0.35383841395378113,-0.2783604562282562,-35.766563415527344,0.4064382314682007,0.15284016728401184,9.807302474975586,0.11144661903381348,-0.13680487871170044,-26.72637939453125,0.19227610528469086,-0.06617757678031921,-0.39237451553344727,0.007847490720450878,0.37235206365585327,5.51753568649292,0.11035071313381195
60,1.1999999731779099,0.7223004698753357,0.14571857452392578,0.0,1.0797799825668335,2202.853759765625,1.0797799825668335,2202.853759765625,1,1,1.351033329963684,1.1933952569961548,0.16925734281539917,-0.05589361861348152,-0.9839856028556824,0.11018456518650055,0.17412136495113373,4.716542720794678,15.68752670288086,0.056742314249277115,0.17007610201835632,0.5092447996139526,0.726614773273468,0.139173224568367,0.13593892753124237,-0.04101090133190155,0.28548240661621094,1.2451450824737549,-0.06116854399442673,-0.27870410680770874,-0.009090820327401161,-0.2737945318222046,-1.18008553981781,0.28778618574142456,0,0,0.4013635516166687,23.95488739013672,0.2722146213054657,-0.33110469579696655,-39.247169494628906,0.44599056243896484,0.18575890362262726,11.408502578735352,0.1296420693397522,-0.05570542812347412,32.60198211669922,0.23454663157463074,-0.11971630156040192,-3.6742138862609863,0.07348427921533585,0.21013996005058289,1.9243165254592896,0.038486331701278687
61,1.219999972730875,0.7083099484443665,0.14568637311458588,0.0,0.0,0.0,0.0,0.0,0,0,1.2652826309204102,1.5345072746276855,0.18404631316661835,-0.04433391988277435,-0.9819169640541077,0.10747727751731873,0.18597595393657684,4.684244632720947,14.10605525970459,0.04511972516775131,0.18510152399539948,0.5149885416030884,0.728325366973877,0.13806034624576569,0.13321982324123383,-0.045359764248132706,0.3031156659126282,2.4285855293273926,-0.06136179715394974,-0.29622986912727356,-0.0190182626247406,0.7400935888290405,1.3287020921707153,1.8933671712875366,0,0,0.42055219411849976,30.557785034179688,0.34724757075309753,-0.3733765184879303,-41.82773208618164,0.475315123796463,0.20754843950271606,26.881752014160156,0.3054744601249695,-0.004501849412918091,24.90311622619629,0.17915910482406616,-0.0459364652633667,-0.8979619145393372,0.017959238961338997,-0.09586720913648605,-2.589407205581665,0.05178814381361008
62,1.2399999722838402,0.7047895193099976,0.14290021359920502,0.0,0.0,2076.69189453125,0.0,2076.69189453125,0,1,1.3190324306488037,1.9852218627929688,0.18647480010986328,-0.04804198816418648,-0.9812840819358826,0.10631193965673447,0.19069722294807434,4.4511237144470215,14.88141918182373,0.04891922324895859,0.18757279217243195,0.5219064354896545,0.7278362512588501,0.13620896637439728,0.13219054043293,-0.04278417304158211,0.3214614689350128,2.8266236782073975,-0.07378724217414856,-0.3123123049736023,-0.01881316304206848,-1.979442834854126,0.04612934589385986,2.0172951221466064,0,0,0.413519948720932,22.9978084564209,0.2613387405872345,-0.35890230536460876,-38.24920654296875,0.4346500635147095,0.2678893208503723,15.994586944580078,0.18175667524337769,0.057754456996917725,23.733234405517578,0.1707426905632019,0.007047891616821289,1.0758877992630005,0.021517755463719368,-0.06915216892957687,-0.7510954141616821,0.015021908096969128
63,1.2599999718368053,0.74908846616745,0.14070971310138702,0.043478261679410934,12.627058029174805,0.0,12.627058029174805,0.0,1,0,0.9721646308898926,1.9428898096084595,0.17251089215278625,-0.03454209119081497,-0.9844015836715698,0.1016627848148346,0.18504658341407776,4.396965980529785,14.134305000305176,0.03507503494620323,0.17337821424007416,0.4771343171596527,0.731188952922821,0.13261154294013977,0.1277511864900589,-0.04441496357321739,0.34992578625679016,3.233915090560913,-0.10915535688400269,-0.33084630966186523,-0.03277010843157768,-0.3689533472061157,1.8882684707641602,2.5993311405181885,0,0,0.46848922967910767,32.26839828491211,0.3666863441467285,-0.3798585534095764,-50.46630859375,0.5734807848930359,0.2655169367790222,8.773696899414062,0.09970109909772873,0.05573996901512146,17.821521759033203,0.12821239233016968,-0.018364161252975464,-0.8992468118667603,0.017984936013817787,-0.004345923662185669,0.5875325202941895,0.011750650592148304
64,1.2799999713897705,0.7207373380661011,0.13804692029953003,0.043478261679410934,0.0,0.0,0.0,0.0,0,0,0.8271527886390686,2.7920804023742676,0.14625994861125946,-0.05841745436191559,-0.9875198006629944,0.1018434539437294,0.1595059186220169,4.437374591827393,15.066645622253418,0.0590868704020977,0.14678651094436646,0.5408791303634644,0.7330272197723389,0.1315755546092987,0.1277223527431488,-0.04151786491274834,0.35654565691947937,4.542058944702148,-0.11936642229557037,-0.33478182554244995,-0.028241608291864395,-0.12698233127593994,2.7710025310516357,3.5966262817382812,0,0,0.4626365005970001,25.701303482055664,0.2920602560043335,-0.33906739950180054,-43.77197265625,0.49740877747535706,0.2329944223165512,-5.126007080078125,0.05825008079409599,0.057748496532440186,16.920827865600586,0.12173257768154144,0.026337236166000366,0.3643951416015625,0.007287902757525444,-0.05963962525129318,-1.1696670055389404,0.023393340408802032
65,1.2999999523162842,0.2810293734073639,0.13349439203739166,0.043478261679410934,53.53875732421875,1050.53857421875,53.53875732421875,1050.53857421875,1,1,2.6789727210998535,1.4871525764465332,0.1423841267824173,-0.07653757184743881,-0.9868477582931519,0.04700016230344772,0.044490888714790344,0.32238084077835083,0.6137895584106445,-0.01613345928490162,0.029936928302049637,0.5634771585464478,0.7682444453239441,0.004958723206073046,0.0,0.0,0.35788580775260925,2.0825726985931396,-0.14284108579158783,-0.3272482752799988,-0.0242328904569149,-1.2763671875,-0.7687941789627075,1.4549745321273804,1,1,-0.005218878388404846,12.702754974365234,0.14434948563575745,0.045706942677497864,-21.701705932617188,0.24661029875278473,0.049249082803726196,84.48783111572266,0.9600889682769775,0.008310258388519287,52.15141296386719,0.37519001960754395,-0.16448575258255005,-1.6990461349487305,0.033980920910835266,-0.05620904266834259,-11.954961776733398,0.23909923434257507
