step,motion_time_s,joint_err_norm,lower_body_err,torque_clip_ratio,left_foot_contact_z,right_foot_contact_z,left_foot_contact_norm,right_foot_contact_norm,left_foot_contact_flag,right_foot_contact_flag,left_foot_slip_xy,right_foot_slip_xy,projected_gravity_x,projected_gravity_y,projected_gravity_z,root_pos_err,root_rot_err_rad,root_lin_vel_err,root_ang_vel_err,root_rot_err_roll,root_rot_err_pitch,root_rot_err_yaw,ref_root_roll,ref_root_pitch,ref_root_yaw,root_roll_err_wrapped,root_pitch_err_wrapped,root_yaw_err_wrapped,root_lin_vel_err_x,root_lin_vel_err_y,root_lin_vel_err_z,root_ang_vel_err_x,root_ang_vel_err_y,root_ang_vel_err_z,root_roll,root_pitch,root_yaw,root_height,root_xy_drift,root_x,root_y,right_foot_pos_err,right_foot_vel_err,right_foot_pos_err_x,right_foot_pos_err_y,right_foot_pos_err_z,right_foot_vel_err_x,right_foot_vel_err_y,right_foot_vel_err_z,max_body_pos_err,termination_margin,termination_gravity_margin_x,termination_gravity_margin_y,termination_base_height_margin,termination_motion_far_margin,termination_motion_far_peak,termination_contact_margin,termination_contact_peak,termination_torque_margin,reset,timeout,top1_body_idx,top1_body_name,top1_body_err,top1_body_err_x,top1_body_err_y,top1_body_err_z,top1_body_ref_x,top1_body_ref_y,top1_body_ref_z,top1_body_sim_x,top1_body_sim_y,top1_body_sim_z,top2_body_idx,top2_body_name,top2_body_err,top2_body_err_x,top2_body_err_y,top2_body_err_z,top2_body_ref_x,top2_body_ref_y,top2_body_ref_z,top2_body_sim_x,top2_body_sim_y,top2_body_sim_z,top3_body_idx,top3_body_name,top3_body_err,top3_body_err_x,top3_body_err_y,top3_body_err_z,top3_body_ref_x,top3_body_ref_y,top3_body_ref_z,top3_body_sim_x,top3_body_sim_y,top3_body_sim_z,top4_body_idx,top4_body_name,top4_body_err,top4_body_err_x,top4_body_err_y,top4_body_err_z,top4_body_ref_x,top4_body_ref_y,top4_body_ref_z,top4_body_sim_x,top4_body_sim_y,top4_body_sim_z,top5_body_idx,top5_body_name,top5_body_err,top5_body_err_x,top5_body_err_y,top5_body_err_z,top5_body_ref_x,top5_body_ref_y,top5_body_ref_z,top5_body_sim_x,top5_body_sim_y,top5_body_sim_z,left_hip_pitch_joint_err,left_hip_pitch_joint_torque,left_hip_pitch_joint_torque_ratio,left_hip_roll_joint_err,left_hip_roll_joint_torque,left_hip_roll_joint_torque_ratio,left_hip_yaw_joint_err,left_hip_yaw_joint_torque,left_hip_yaw_joint_torque_ratio,left_knee_joint_err,left_knee_joint_torque,left_knee_joint_torque_ratio,left_ankle_pitch_joint_err,left_ankle_pitch_joint_torque,left_ankle_pitch_joint_torque_ratio,left_ankle_roll_joint_err,left_ankle_roll_joint_torque,left_ankle_roll_joint_torque_ratio,right_hip_pitch_joint_err,right_hip_pitch_joint_torque,right_hip_pitch_joint_torque_ratio,right_hip_roll_joint_err,right_hip_roll_joint_torque,right_hip_roll_joint_torque_ratio,right_hip_yaw_joint_err,right_hip_yaw_joint_torque,right_hip_yaw_joint_torque_ratio,right_knee_joint_err,right_knee_joint_torque,right_knee_joint_torque_ratio,right_ankle_pitch_joint_err,right_ankle_pitch_joint_torque,right_ankle_pitch_joint_torque_ratio,right_ankle_roll_joint_err,right_ankle_roll_joint_torque,right_ankle_roll_joint_torque_ratio
1,0.019999999552965164,0.6930710673332214,0.02232881262898445,0.0,0.0,21.9405460357666,0.0,21.9405460357666,0,1,0.4549413323402405,0.711115300655365,0.019400551915168762,-0.017967117950320244,-0.9996502995491028,0.016006367281079292,0.04398410767316818,0.24922233819961548,2.9978411197662354,-1.5683826208114624,-0.4395448565483093,0.11203096061944962,-0.022395413368940353,0.03676594793796539,0.568131685256958,-0.04036688804626465,0.0173642635345459,-0.0033767223358154297,-0.09941799193620682,-0.1389603316783905,-0.1814327985048294,-0.2929198145866394,2.8764567375183105,-0.7919884324073792,0.017971467226743698,0.01940177008509636,0.571508526802063,0.7827666997909546,0.007079756818711758,0.0018025207100436091,0.009792468510568142,0.026210330426692963,1.057431697845459,0.023608550429344177,0.011226311326026917,0.0018941238522529602,1.0379588603973389,0.18621444702148438,0.07827794551849365,0.06322832405567169,0.07799792289733887,0.7805994480848313,0.7820328820496798,0.5827666997909546,0.2367716759443283,0.06322832405567169,1.0,0.0,0.07799792289733887,0,0,25,body_25,0.06322832405567169,-0.04709792137145996,0.019393503665924072,0.03746330738067627,0.2749171853065491,-0.015399649739265442,0.9435716271400452,0.32201510667800903,-0.034793153405189514,0.9061083197593689,19,left_elbow_link,0.05547342821955681,-0.021602101624011993,0.050243496894836426,0.009286642074584961,-0.09693626314401627,0.24118533730506897,0.9122911691665649,-0.07533416152000427,0.19094184041023254,0.90300452709198,24,body_24,0.05084003508090973,0.003925353288650513,-0.035549938678741455,0.03613173961639404,0.1412922441959381,0.28130221366882324,0.9766170382499695,0.1373668909072876,0.3168521523475647,0.9404852986335754,23,right_elbow_link,0.04384208843111992,0.010269030928611755,-0.04044482111930847,0.013449609279632568,0.12151364982128143,-0.20876358449459076,0.9038506746292114,0.11124461889266968,-0.1683187633752823,0.8904010653495789,10,right_knee_link,0.03802916407585144,0.036702804267406464,0.009826809167861938,-0.0015985071659088135,0.11880926042795181,-0.10071931779384613,0.34128138422966003,0.08210645616054535,-0.11054612696170807,0.34287989139556885,0.008590653538703918,2.812695264816284,0.03196244686841965,0.04288271442055702,1.3550872802734375,0.015398719348013401,0.001417413353919983,-4.309451103210449,0.048971034586429596,-0.04952624440193176,-11.412567138671875,0.08210480213165283,-0.07665306329727173,-1.2434539794921875,0.024869078770279884,0.041265614330768585,0.7356259822845459,0.014712519943714142,-0.06954445689916611,-3.6437625885009766,0.04140639305114746,0.02050381898880005,0.03538775444030762,0.00040213356260210276,-0.05020599067211151,-6.17750358581543,0.0701989009976387,0.035241127014160156,-8.409841537475586,0.06050245836377144,0.07855992019176483,1.425403356552124,0.02850806713104248,0.006752952933311462,0.23035185039043427,0.004607037175446749
2,0.03999999910593033,0.44266477227211,0.025603516027331352,0.0,186.84461975097656,27.574806213378906,186.84461975097656,27.574806213378906,1,1,0.13635048270225525,0.38489919900894165,0.01681578904390335,0.004116312600672245,-0.9998500943183899,0.017651282250881195,0.03824756667017937,0.08915885537862778,3.044471502304077,-1.5705883502960205,0.4942738115787506,-0.20023512840270996,-0.03086262010037899,0.04414995014667511,0.5765127539634705,-0.02674579620361328,0.02733325958251953,-6.4849853515625e-05,-0.02496524155139923,-0.0855872631072998,0.0009268168359994888,-1.2748029232025146,2.432716131210327,-1.313611626625061,-0.00411690678447485,0.016816582530736923,0.5765776634216309,0.7834649085998535,0.016482535749673843,-0.0017550725024193525,0.018511522561311722,0.047361068427562714,0.8748660683631897,0.044870685786008835,0.014694452285766602,0.003710135817527771,0.674381673336029,0.1811310052871704,0.5270593762397766,0.05505981296300888,0.2449401870369911,0.7831842109560967,0.7958836873993278,0.5834649085998536,0.2449401870369911,0.05505981296300888,1.0,0.0,0.39922499656677246,0,0,10,right_knee_link,0.05505981296300888,0.05253962427377701,0.01644732803106308,0.0008102059364318848,0.1378377377986908,-0.08744314312934875,0.3472016453742981,0.08529811352491379,-0.10389047116041183,0.3463914394378662,19,left_elbow_link,0.053521595895290375,-0.0017304643988609314,0.05348663032054901,-0.0008643269538879395,-0.09538736939430237,0.25114530324935913,0.9125339984893799,-0.09365690499544144,0.19765867292881012,0.9133983254432678,11,right_ankle_pitch_link,0.050121959298849106,0.04758064076304436,0.015474379062652588,0.0029727816581726074,0.02898930013179779,-0.1524764746427536,0.0753033459186554,-0.018591340631246567,-0.1679508537054062,0.07233056426048279,12,right_ankle_roll_link,0.047361068427562714,0.044870685786008835,0.014694452285766602,0.003710135817527771,0.023953337222337723,-0.15597844123840332,0.05885164067149162,-0.020917348563671112,-0.17067289352416992,0.05514150485396385,18,left_shoulder_yaw_link,0.0397832952439785,-0.0006498545408248901,0.03894492983818054,-0.008098185062408447,-0.07733042538166046,0.20940428972244263,0.9808266162872314,-0.07668057084083557,0.17045935988426208,0.9889248013496399,0.0018611699342727661,7.302801132202148,0.08298637717962265,0.025214537978172302,0.44712162017822266,0.00508092762902379,0.003209635615348816,-3.495380401611328,0.03972023352980614,-0.05932462215423584,-10.05044174194336,0.0723053365945816,-0.11365431547164917,-2.2266581058502197,0.04453316330909729,0.10301966965198517,2.155170440673828,0.0431034080684185,-0.10331915318965912,4.75897216796875,0.05407923087477684,0.0017899572849273682,-2.4002304077148438,0.027275346219539642,-0.020018398761749268,-10.972976684570312,0.12469291687011719,0.034436702728271484,-21.65677261352539,0.1558041125535965,0.08615575730800629,1.6254607439041138,0.0325092151761055,-0.003972344100475311,0.08083511143922806,0.0016167021822184324
3,0.05999999865889549,0.32015448808670044,0.03030441701412201,0.0,240.54287719726562,86.41947174072266,240.54287719726562,86.41947174072266,1,1,0.03236236050724983,0.3617362380027771,0.025946058332920074,-0.007385076489299536,-0.9996360540390015,0.016298672184348106,0.05313250795006752,0.0664028748869896,4.801207542419434,-1.5710818767547607,-0.24420949816703796,0.1379351019859314,-0.04038100689649582,0.04927775636315346,0.5833860635757446,-0.047768592834472656,0.023328781127929688,-0.0013539791107177734,0.04685904085636139,-0.04699581861495972,-0.002228252589702606,-3.0233612060546875,2.9960968494415283,-2.221325159072876,0.007387630641460419,0.025948969647288322,0.5847401022911072,0.7827868461608887,0.023461956530809402,-0.005395656451582909,0.024570055305957794,0.07110343128442764,1.0538139343261719,0.06610334664583206,0.02321028709411621,0.012137874960899353,0.7204843759536743,0.3035251200199127,0.7066105008125305,0.0756777673959732,0.22432223260402678,0.77405394166708,0.7926149235107005,0.5827868461608887,0.22432223260402678,0.0756777673959732,1.0,0.0,0.3104499578475952,0,0,10,right_knee_link,0.0756777673959732,0.06893530488014221,0.02969890832901001,0.009644806385040283,0.15881428122520447,-0.06635378301143646,0.35482048988342285,0.08987897634506226,-0.09605269134044647,0.34517568349838257,11,right_ankle_pitch_link,0.07287455350160599,0.06786352396011353,0.02388577163219452,0.011606566607952118,0.04327450320124626,-0.1385819911956787,0.08753851056098938,-0.024589024484157562,-0.16246776282787323,0.07593194395303726,12,right_ankle_roll_link,0.07110343128442764,0.06610334664583206,0.02321028709411621,0.012137874960899353,0.03859163820743561,-0.14221841096878052,0.07101184129714966,-0.027511710301041603,-0.16542869806289673,0.058873966336250305,19,left_elbow_link,0.0441398061811924,0.0085468590259552,0.04041045904159546,-0.015564978122711182,-0.09635423123836517,0.2603217661380768,0.9122657775878906,-0.10490109026432037,0.21991130709648132,0.9278307557106018,18,left_shoulder_yaw_link,0.037443894892930984,0.0023448094725608826,0.03292839229106903,-0.01767110824584961,-0.07791418582201004,0.21913860738277435,0.9807943105697632,-0.08025899529457092,0.18621021509170532,0.9984654188156128,0.009080298244953156,15.76301383972168,0.17912515997886658,0.047595951706171036,6.515072822570801,0.0740349218249321,-0.006844446063041687,-7.4522318840026855,0.08468445390462875,-0.06363117694854736,-11.357903480529785,0.0817115381360054,-0.12190039455890656,-2.4868433475494385,0.0497368685901165,0.1018076241016388,2.1332361698150635,0.042664721608161926,-0.11490494012832642,14.337504386901855,0.16292618215084076,0.016483858227729797,1.775606393814087,0.020177345722913742,-0.013958126306533813,-16.463932037353516,0.18709014356136322,0.04053616523742676,-24.43724822998047,0.17580753564834595,0.1370794177055359,2.879652500152588,0.057593051344156265,-0.01643185317516327,-0.15279245376586914,0.003055849112570286
4,0.07999999821186066,0.3609355688095093,0.03544485196471214,0.0,270.4310302734375,92.5680923461914,270.4310302734375,92.5680923461914,1,1,0.04889816790819168,0.38183897733688354,0.03737948462367058,-0.02072787657380104,-0.9990859031677246,0.013085398823022842,0.07254334539175034,0.08885027468204498,6.237919807434082,-1.571278691291809,-0.8857067823410034,0.3688076138496399,-0.05022008717060089,0.052726104855537415,0.594088077545166,-0.07096385955810547,0.015337944030761719,-0.004257678985595703,0.0665673241019249,-0.04971393942832947,-0.031491056084632874,-3.3929951190948486,3.9677011966705322,-3.414172410964966,0.02074386179447174,0.03738819435238838,0.5983457565307617,0.7819475531578064,0.030268428847193718,-0.009869148954749107,0.02998185344040394,0.09288811683654785,1.1586194038391113,0.08358350396156311,0.032963529229164124,0.023567043244838715,0.7352350354194641,0.34372514486312866,0.8268502354621887,0.0972440168261528,0.10090696811676025,0.7626205153763295,0.779272123426199,0.5819475531578064,0.2027559831738472,0.0972440168261528,1.0,0.0,0.10090696811676025,0,0,10,right_knee_link,0.0972440168261528,0.0855017900466919,0.04147344082593918,0.020634829998016357,0.17999494075775146,-0.04578080028295517,0.3645535409450531,0.09449315071105957,-0.08725424110889435,0.34391871094703674,11,right_ankle_pitch_link,0.09459775686264038,0.08536511659622192,0.03371298313140869,0.022912167012691498,0.05445733666419983,-0.12434552609920502,0.10364377498626709,-0.030907783657312393,-0.1580585092306137,0.08073160797357559,12,right_ankle_roll_link,0.09288811683654785,0.08358350396156311,0.032963529229164124,0.023567043244838715,0.04901713505387306,-0.12835213541984558,0.08743777126073837,-0.03456637263298035,-0.1613156646490097,0.06387072801589966,9,right_hip_yaw_link,0.04835018515586853,0.03693941980600357,0.023290075361728668,0.020755529403686523,0.1477198749780655,-0.032258208841085434,0.5552266240119934,0.11078045517206192,-0.0555482842028141,0.5344710946083069,24,body_24,0.04800320416688919,-0.0027656108140945435,0.047307759523391724,0.007657349109649658,0.1416451781988144,0.30989784002304077,0.9706671237945557,0.14441078901290894,0.26259008049964905,0.963009774684906,0.02536545693874359,20.558677673339844,0.23362134397029877,0.07155884802341461,8.413558006286621,0.09560861438512802,-0.022725507616996765,-13.221982955932617,0.15024980902671814,-0.06118182837963104,-9.406468391418457,0.06767243146896362,-0.13712388277053833,-2.838923931121826,0.05677847936749458,0.10359233617782593,2.198906898498535,0.043978139758110046,-0.13229838013648987,20.36594009399414,0.23143114149570465,0.03477215766906738,1.5281991958618164,0.017365900799632072,-0.006228804588317871,-24.928024291992188,0.28327301144599915,0.05816596746444702,-30.837154388427734,0.22185003757476807,0.14777159690856934,3.069540023803711,0.06139080226421356,-0.032162003219127655,-0.5067340135574341,0.010134680196642876
5,0.09999999776482582,0.35660451650619507,0.04109734296798706,0.043478261679410934,265.70001220703125,60.19514083862305,265.70001220703125,60.19514083862305,1,1,0.06312131881713867,0.36943450570106506,0.05344730615615845,-0.031938280910253525,-0.998059868812561,0.011643383651971817,0.09276170283555984,0.11064138263463974,6.930499076843262,-1.567196249961853,-1.5707963705062866,0.6773008704185486,-0.06071458384394646,0.053263623267412186,0.6131183505058289,-0.09270405769348145,-0.0002090930938720703,0.0010242462158203125,0.05556074529886246,-0.07917359471321106,-0.053722083568573,-3.4925284385681152,4.544835567474365,-3.895963191986084,0.0319894514977932,0.05347278714179993,0.6120941042900085,0.7811775803565979,0.037229035049676895,-0.014654561877250671,0.035301100462675095,0.11784563213586807,1.187171220779419,0.10198763012886047,0.04531552642583847,0.03784996271133423,0.5951770544052124,0.32099443674087524,0.9757573008537292,0.12135843932628632,0.0,0.7465526938438416,0.7680617190897465,0.581177580356598,0.17864156067371367,0.12135843932628632,1.0,0.0,0.0,0,0,10,right_knee_link,0.12135843932628632,0.10385452210903168,0.05200185626745224,0.03518402576446533,0.20349711179733276,-0.024429241195321083,0.37857747077941895,0.09964258968830109,-0.07643109560012817,0.3433934450149536,11,right_ankle_pitch_link,0.11961996555328369,0.10401108860969543,0.04609120637178421,0.03696257621049881,0.06721125543117523,-0.1076807752251625,0.12460631132125854,-0.036799829453229904,-0.15377198159694672,0.08764373511075974,12,right_ankle_roll_link,0.11784563213586807,0.10198763012886047,0.04531552642583847,0.03784996271133423,0.0606636144220829,-0.11207980662584305,0.10892000794410706,-0.04132401943206787,-0.15739533305168152,0.07107004523277283,9,right_hip_yaw_link,0.06176021695137024,0.046193234622478485,0.026001308113336563,0.03169292211532593,0.15539132058620453,-0.02012576535344124,0.5663221478462219,0.10919808596372604,-0.0461270734667778,0.534629225730896,26,body_26,0.05007875710725784,-0.03164637088775635,0.03865417093038559,-0.003499150276184082,0.06375804543495178,0.07149040699005127,1.237199306488037,0.09540441632270813,0.03283623605966568,1.2406984567642212,0.04611201584339142,23.579872131347656,0.267953097820282,0.09139196574687958,10.303313255310059,0.1170831024646759,-0.045606568455696106,-17.64669418334961,0.20053061842918396,-0.05429546535015106,-5.693480491638184,0.04096028953790665,-0.1529340147972107,-3.1707963943481445,0.06341592967510223,0.10411252081394196,2.2863993644714355,0.045727986842393875,-0.15061353147029877,22.939102172851562,0.26067161560058594,0.05968707799911499,1.5933539867401123,0.01810629479587078,0.0050187259912490845,-29.704620361328125,0.3375525176525116,0.075406014919281,-33.760841369628906,0.24288375675678253,0.09068344533443451,2.3784902095794678,0.04756980389356613,-0.007106103003025055,-0.35791662335395813,0.007158332504332066
6,0.11999999731779099,0.3405627906322479,0.045835282653570175,0.0,308.95904541015625,60.57315444946289,308.95904541015625,60.57315444946289,1,1,0.07498801499605179,0.46135616302490234,0.07268711179494858,-0.04460657015442848,-0.9963569045066833,0.011436214670538902,0.11677168309688568,0.126011461019516,6.180660724639893,-1.5573954582214355,-1.5707963705062866,0.9016287326812744,-0.06976669281721115,0.052445895969867706,0.6280147433280945,-0.11450648307800293,-0.020305395126342773,0.005638837814331055,0.0527307465672493,-0.10900726914405823,-0.034867919981479645,-3.344991683959961,3.9997975826263428,-3.318617343902588,0.044739797711372375,0.07275126874446869,0.6223759055137634,0.779900312423706,0.043904200196266174,-0.019413428381085396,0.04022722691297531,0.13993152976036072,1.1339173316955566,0.11860580742359161,0.05530518293380737,0.0495462566614151,0.5999771356582642,0.22024843096733093,0.9366358518600464,0.14111316204071045,0.07093018293380737,0.7273128882050515,0.7553934298455716,0.5799003124237061,0.15888683795928954,0.14111316204071045,1.0,0.0,0.07093018293380737,0,0,11,right_ankle_pitch_link,0.14111316204071045,0.12005718797445297,0.055857107043266296,0.04877685010433197,0.07750141620635986,-0.09266623854637146,0.1463598757982254,-0.04255577176809311,-0.14852334558963776,0.09758302569389343,12,right_ankle_roll_link,0.13993152976036072,0.11860580742359161,0.05530518293380737,0.0495462566614151,0.0701751559972763,-0.09737446904182434,0.13111382722854614,-0.04843065142631531,-0.1526796519756317,0.08156757056713104,10,right_knee_link,0.13917244970798492,0.11565443128347397,0.058766551315784454,0.05039361119270325,0.22289028763771057,-0.0048516299575567245,0.3936586380004883,0.1072358563542366,-0.06361818313598633,0.34326502680778503,9,right_hip_yaw_link,0.07228454202413559,0.05302205681800842,0.02525223419070244,0.04214310646057129,0.1611643135547638,-0.01100800558924675,0.5773234367370605,0.10814225673675537,-0.03626023977994919,0.5351803302764893,26,body_26,0.05909092724323273,-0.04704190045595169,0.03564039617776871,0.0029256343841552734,0.06128226965665817,0.07150596380233765,1.237523078918457,0.10832417011260986,0.03586556762456894,1.2345974445343018,0.06937512755393982,25.82940101623535,0.2935159206390381,0.1117124855518341,13.07831859588623,0.14861725270748138,-0.06859177350997925,-18.501827239990234,0.21024803817272186,-0.04386349022388458,-4.642698287963867,0.03340070694684982,-0.16764554381370544,-3.4458844661712646,0.06891769170761108,0.10677146911621094,2.3490476608276367,0.046980954706668854,-0.15577153861522675,21.669353485107422,0.24624265730381012,0.07370534539222717,3.3286311626434326,0.03782535344362259,-0.008937656879425049,-27.69685935974121,0.3147370517253876,0.08772248029708862,-31.51137351989746,0.2267005294561386,0.06946443021297455,1.0752158164978027,0.021504316478967667,0.013948407024145126,0.12304466962814331,0.002460893476381898
7,0.13999999687075615,0.3637530505657196,0.05067797750234604,0.0,386.6493835449219,0.0,386.6493835449219,0.0,1,0,0.032224785536527634,0.7306422591209412,0.09492748230695724,-0.05871474742889404,-0.993751049041748,0.010346944443881512,0.14833958446979523,0.13854089379310608,4.420671463012695,-1.5429961681365967,-1.5707963705062866,1.105961561203003,-0.07927243411540985,0.04498116299510002,0.6393811702728271,-0.13828778266906738,-0.050089359283447266,0.012015104293823242,0.03436923027038574,-0.13400688767433167,-0.007381590083241463,-2.8188209533691406,2.7923169136047363,-1.9492436647415161,0.05901534855365753,0.09507063776254654,0.6273660063743591,0.777988851070404,0.05008875951170921,-0.023694828152656555,0.044825583696365356,0.16043005883693695,1.2986328601837158,0.13508352637290955,0.062392666935920715,0.05997834354639053,0.8965609073638916,0.06131947040557861,0.9374784827232361,0.16057196259498596,0.13942803740501403,0.7050725176930428,0.741285252571106,0.5779888510704041,0.13942803740501403,0.16057196259498596,1.0,0.0,0.2545892596244812,0,0,11,right_ankle_pitch_link,0.16057196259498596,0.13524726033210754,0.06252756714820862,0.05984846502542496,0.08759422600269318,-0.07800894975662231,0.17002631723880768,-0.047653038054704666,-0.14053651690483093,0.11017785221338272,12,right_ankle_roll_link,0.16043005883693695,0.13508352637290955,0.062392666935920715,0.05997834354639053,0.07968587428331375,-0.08295661211013794,0.15515144169330597,-0.0553976446390152,-0.14534927904605865,0.09517309814691544,10,right_knee_link,0.15407440066337585,0.12354063987731934,0.06237456575036049,0.06772035360336304,0.24029570817947388,0.013436432927846909,0.41153407096862793,0.11675506830215454,-0.04893813282251358,0.3438137173652649,9,right_hip_yaw_link,0.0819316878914833,0.057692304253578186,0.02310856804251671,0.05338907241821289,0.16533561050891876,-0.00328276795335114,0.5895290374755859,0.10764330625534058,-0.02639133669435978,0.536139965057373,26,body_26,0.07460395991802216,-0.06631556898355484,0.032284073531627655,0.011213183403015137,0.05692211538553238,0.07165975123643875,1.2378078699111938,0.12323768436908722,0.039375677704811096,1.2265946865081787,0.09867050498723984,28.114151000976562,0.31947898864746094,0.13697180151939392,16.604633331298828,0.18868900835514069,-0.09403794258832932,-16.83016014099121,0.19125181436538696,-0.034574881196022034,-7.167296409606934,0.051563285291194916,-0.1805940419435501,-3.534782886505127,0.070695661008358,0.11073613911867142,2.2586143016815186,0.04517228528857231,-0.15956205129623413,17.04979705810547,0.19374769926071167,0.08747312426567078,6.349240303039551,0.07215046137571335,-0.028859436511993408,-21.755386352539062,0.24722029268741608,0.10429424047470093,-24.308944702148438,0.17488449811935425,0.037127137184143066,0.8955795764923096,0.01791159063577652,0.01416216790676117,-0.054951392114162445,0.0010990278096869588
8,0.1599999964237213,0.4050087630748749,0.05540626496076584,0.0,432.6490173339844,0.0,432.6490173339844,0.0,1,0,0.06048308312892914,0.9758370518684387,0.12007912248373032,-0.07399144768714905,-0.9900032877922058,0.009968971833586693,0.18267317116260529,0.19224512577056885,3.199843168258667,-1.5347269773483276,-1.5707963705062866,1.2387285232543945,-0.08652950078248978,0.0382109135389328,0.6470698714256287,-0.16112947463989258,-0.08215856552124023,0.016135215759277344,-0.007524356245994568,-0.1912241280078888,0.018300412222743034,-2.391307830810547,1.7326066493988037,-1.2323626279830933,0.07459989190101624,0.12036958336830139,0.6309347152709961,0.7755846381187439,0.05554179474711418,-0.02681518718600273,0.049299485981464386,0.17627346515655518,1.1914541721343994,0.14997223019599915,0.06256380677223206,0.06831131875514984,0.9508066177368164,-0.253643274307251,0.6717104911804199,0.17627346515655518,0.12372653484344481,0.6799208775162697,0.726008552312851,0.5755846381187439,0.12372653484344481,0.17627346515655518,1.0,0.0,0.43318891525268555,0,0,12,right_ankle_roll_link,0.17627346515655518,0.14997223019599915,0.06256380677223206,0.06831131875514984,0.08624646812677383,-0.07010707259178162,0.17954911291599274,-0.06372575461864471,-0.13267087936401367,0.1112377941608429,11,right_ankle_pitch_link,0.17531664669513702,0.1484737992286682,0.06224130094051361,0.06940805912017822,0.09462815523147583,-0.06502149999141693,0.19411508738994598,-0.053845636546611786,-0.12726280093193054,0.12470702826976776,10,right_knee_link,0.16535188257694244,0.1281580775976181,0.06027068942785263,0.0853475034236908,0.2542642652988434,0.028705349192023277,0.4302031695842743,0.12610618770122528,-0.031565338373184204,0.3448556661605835,26,body_26,0.0937807485461235,-0.08706432580947876,0.02798716351389885,0.02076900005340576,0.052050914615392685,0.07053482532501221,1.238057017326355,0.13911524415016174,0.04254766181111336,1.2172880172729492,9,right_hip_yaw_link,0.08995041996240616,0.060143791139125824,0.01817946322262287,0.06436854600906372,0.16761016845703125,0.0020948636811226606,0.6015616059303284,0.10746637731790543,-0.01608460023999214,0.5371930599212646,0.12825652956962585,29.517444610595703,0.3354254961013794,0.16493570804595947,18.921079635620117,0.21501226723194122,-0.11839114874601364,-17.769012451171875,0.20192059874534607,-0.026497825980186462,-7.999855041503906,0.05755291506648064,-0.1883452981710434,-3.642697334289551,0.0728539451956749,0.11396627128124237,2.2548229694366455,0.04509646072983742,-0.15332934260368347,12.903990745544434,0.1466362625360489,0.1029348075389862,8.117061614990234,0.09223933517932892,-0.040281206369400024,-16.35913848876953,0.1858993023633957,0.10422909259796143,-18.587158203125,0.13372056186199188,-0.03308083862066269,-0.8480081558227539,0.016960162669420242,0.014678936451673508,0.04410809278488159,0.0008821618393994868
9,0.17999999597668648,0.438342422246933,0.06165630742907524,0.0,414.8103332519531,0.0,414.8103332519531,0.0,1,0,0.0629153847694397,1.195583701133728,0.14502958953380585,-0.0884919986128807,-0.9854620099067688,0.010508197359740734,0.22040721774101257,0.2656368613243103,2.830737590789795,-1.5371160507202148,-1.5707963705062866,1.3173083066940308,-0.09652012586593628,0.03088451735675335,0.6514932513237,-0.18607735633850098,-0.11465835571289062,0.016996383666992188,-0.08528056740760803,-0.25015294551849365,0.026714704930782318,-2.309962511062622,1.477776050567627,-0.7023712396621704,0.08955726772546768,0.14554288983345032,0.634496808052063,0.7729611396789551,0.06036878004670143,-0.028562482446432114,0.053921718150377274,0.18871431052684784,1.1968921422958374,0.16507801413536072,0.0524386502802372,0.07491682469844818,0.9200360774993896,-0.6019169688224792,0.4730544090270996,0.18871431052684784,0.11128568947315215,0.6549704104661942,0.7115080013871193,0.5729611396789551,0.11128568947315215,0.18871431052684784,1.0,0.0,0.48801088333129883,0,0,12,right_ankle_roll_link,0.18871431052684784,0.16507801413536072,0.0524386502802372,0.07491682469844818,0.09197423607110977,-0.06233165040612221,0.20342858135700226,-0.07310377061367035,-0.1147703006863594,0.12851175665855408,11,right_ankle_pitch_link,0.18737418949604034,0.16281801462173462,0.052118461579084396,0.07670103013515472,0.1006850153207779,-0.05711006000638008,0.21775130927562714,-0.06213299185037613,-0.10922852158546448,0.1410502791404724,10,right_knee_link,0.1751323640346527,0.132783442735672,0.05141168460249901,0.10196441411972046,0.2666234076023102,0.03959103301167488,0.4482277035713196,0.13383996486663818,-0.011820651590824127,0.3462632894515991,26,body_26,0.11234799772500992,-0.10554274916648865,0.022846993058919907,0.030997037887573242,0.04976490139961243,0.0676141306757927,1.2382646799087524,0.15530765056610107,0.04476713761687279,1.2072676420211792,9,right_hip_yaw_link,0.0979253351688385,0.06276324391365051,0.00977310910820961,0.07452940940856934,0.17025138437747955,0.004527196288108826,0.6127382516860962,0.10748814046382904,-0.005245912820100784,0.5382088422775269,0.1555260717868805,31.567710876464844,0.3587239980697632,0.19485825300216675,21.54320526123047,0.24480915069580078,-0.13778477907180786,-18.701847076416016,0.21252098679542542,-0.017632320523262024,-8.12800407409668,0.05847484990954399,-0.1965886652469635,-3.7570788860321045,0.07514157891273499,0.11323051899671555,2.2002222537994385,0.044004444032907486,-0.15124738216400146,9.844486236572266,0.11186916381120682,0.10722576081752777,8.242612838745117,0.09366605430841446,-0.048631615936756134,-12.678938865661621,0.14407885074615479,0.10066664218902588,-14.557666778564453,0.10473141819238663,-0.033426154404878616,-0.546035647392273,0.010920712724328041,0.012353289872407913,0.07676719129085541,0.0015353438211604953
10,0.19999999552965164,0.45860588550567627,0.06815625727176666,0.0,389.2149353027344,0.0,389.2149353027344,0.0,1,0,0.05092710256576538,1.423927903175354,0.16848133504390717,-0.10303431749343872,-0.9803049564361572,0.013932090252637863,0.25678738951683044,0.31447073817253113,2.138274908065796,-1.541714072227478,-1.5707963705062866,1.3672070503234863,-0.10549547523260117,0.02494380623102188,0.6539738774299622,-0.21021533012390137,-0.14434504508972168,0.01712489128112793,-0.15112441778182983,-0.2705742120742798,0.05331840366125107,-1.9742822647094727,0.7504790425300598,-0.3334823250770569,0.1047198697924614,0.1692887842655182,0.6368488669395447,0.7701046466827393,0.06446640193462372,-0.028956595808267593,0.05848987028002739,0.2025427222251892,1.3552711009979248,0.18092772364616394,0.03875620290637016,0.0823812186717987,0.9530200958251953,-0.9204257726669312,0.28518205881118774,0.2025427222251892,0.09745727777481078,0.6315186649560929,0.6969656825065613,0.5701046466827393,0.09745727777481078,0.2025427222251892,1.0,0.0,0.647442638874054,0,0,12,right_ankle_roll_link,0.2025427222251892,0.18092772364616394,0.03875620290637016,0.0823812186717987,0.0979616567492485,-0.05300721898674965,0.22846904397010803,-0.08296607434749603,-0.09176342189311981,0.14608782529830933,11,right_ankle_pitch_link,0.20091035962104797,0.17804768681526184,0.03863243758678436,0.08468486368656158,0.10676780343055725,-0.047741085290908813,0.2427169531583786,-0.07127987593412399,-0.08637352287769318,0.15803208947181702,10,right_knee_link,0.1873498558998108,0.13659550249576569,0.04102999344468117,0.12148323655128479,0.27661752700805664,0.05102871358394623,0.4694361388683319,0.14002202451229095,0.00999872013926506,0.3479529023170471,26,body_26,0.13894253969192505,-0.13076046109199524,0.021056711673736572,0.0419921875,0.0406520739197731,0.06741946190595627,1.2387983798980713,0.17141252756118774,0.046362750232219696,1.1968061923980713,25,body_25,0.10896137356758118,-0.04219737648963928,0.019428297877311707,0.09856218099594116,0.2531486451625824,0.028916284441947937,0.9447450637817383,0.2953460216522217,0.00948798656463623,0.8461828827857971,0.17854043841362,31.025047302246094,0.35255736112594604,0.2238488495349884,24.185325622558594,0.27483323216438293,-0.15259024500846863,-19.519283294677734,0.22181004285812378,-0.012410938739776611,-7.320261001586914,0.05266374722123146,-0.2001224309206009,-3.8246653079986572,0.07649330794811249,0.11421292275190353,2.1888155937194824,0.04377631098031998,-0.14956516027450562,5.477695465087891,0.06224653869867325,0.09836520254611969,6.946219444274902,0.07893431186676025,-0.053615301847457886,-9.727470397949219,0.11053943634033203,0.09586441516876221,-10.576025009155273,0.07608651369810104,-0.010314509272575378,-0.005682721734046936,0.00011365443788236007,0.012954216450452805,0.1917136162519455,0.0038342722691595554
11,0.2199999950826168,0.47844070196151733,0.07454513013362885,0.0,369.6341552734375,0.0,369.6341552734375,0.0,1,0,0.041314736008644104,1.5871340036392212,0.1901959329843521,-0.11898469924926758,-0.9745094180107117,0.02097621187567711,0.291586697101593,0.3559926748275757,1.6789953708648682,-1.5504106283187866,-1.5707963705062866,1.391609787940979,-0.11409193277359009,0.02208569645881653,0.655879557132721,-0.23558759689331055,-0.16927599906921387,0.015296697616577148,-0.21006084978580475,-0.274255633354187,0.08595969527959824,-1.6720088720321655,-0.046243369579315186,-0.14585427939891815,0.12149567157030106,0.19136172533035278,0.6405827403068542,0.7669143080711365,0.06787335127592087,-0.028009215369820595,0.06293099373579025,0.2137022763490677,1.5315072536468506,0.19627630710601807,0.01622043177485466,0.08295281231403351,1.0035040378570557,-1.1550657749176025,0.06570422649383545,0.2137022763490677,0.0862977236509323,0.6098040670156479,0.6810153007507325,0.5669143080711365,0.0862977236509323,0.2137022763490677,1.0,0.0,0.6622811555862427,0,0,12,right_ankle_roll_link,0.2137022763490677,0.19627630710601807,0.01622043177485466,0.08295281231403351,0.1036231517791748,-0.048434097319841385,0.24674798548221588,-0.09265315532684326,-0.06465452909469604,0.16379517316818237,11,right_ankle_pitch_link,0.211496502161026,0.19253668189048767,0.016432560980319977,0.08596724271774292,0.11234068870544434,-0.043088678270578384,0.26102083921432495,-0.08019598573446274,-0.05952123925089836,0.17505359649658203,10,right_knee_link,0.1952304095029831,0.1371341198682785,0.024324756115674973,0.1368117332458496,0.2822408676147461,0.05799262598156929,0.4866809844970703,0.1451067477464676,0.03366786986589432,0.3498692512512207,26,body_26,0.1663728952407837,-0.15654857456684113,0.017650950700044632,0.05348765850067139,0.03081989660859108,0.06513253599405289,1.2394875288009644,0.1873684674501419,0.047481585294008255,1.185999870300293,25,body_25,0.1267842948436737,-0.04452843964099884,0.008550986647605896,0.11839914321899414,0.24862165749073029,0.028700724244117737,0.9461776614189148,0.2931500971317291,0.02014973759651184,0.8277785181999207,0.19714979827404022,29.719261169433594,0.3377188742160797,0.25651082396507263,27.76042366027832,0.31545937061309814,-0.16750165820121765,-19.62427520751953,0.22300313413143158,-0.010281816124916077,-6.746801853179932,0.048538144677877426,-0.1998421996831894,-3.797581672668457,0.07595163583755493,0.11241395026445389,2.1723711490631104,0.04344742372632027,-0.14543545246124268,1.4724159240722656,0.016731999814510345,0.08212302625179291,5.2957234382629395,0.06017867475748062,-0.04814564436674118,-6.450553894042969,0.07330174744129181,0.08984982967376709,-7.458415985107422,0.05365766957402229,-0.004259020090103149,0.017244406044483185,0.0003448881325311959,0.008298511616885662,0.13021573424339294,0.0026043145917356014
12,0.23999999463558197,0.5073889493942261,0.08029763400554657,0.0,351.6625061035156,0.0,351.6625061035156,0.0,1,0,0.0323822945356369,1.6693003177642822,0.20880120992660522,-0.13708610832691193,-0.9683018922805786,0.027870791032910347,0.33329957723617554,0.3916962146759033,1.6388044357299805,-1.564631462097168,-1.5707963705062866,1.4038214683532715,-0.12850093841552734,0.015432694926857948,0.6608926653862,-0.26914000511169434,-0.1949162483215332,0.012202978134155273,-0.2554391920566559,-0.2718581557273865,0.11945667862892151,-1.4912645816802979,-0.6592690944671631,-0.16484667360782623,0.1406390517950058,0.21034899353981018,0.6486898064613342,0.7633313536643982,0.07089288532733917,-0.025909829884767532,0.06734838336706161,0.22692637145519257,1.675075888633728,0.21274998784065247,-0.00770534947514534,0.07857257127761841,1.0409705638885498,-1.296713948249817,-0.20197182893753052,0.22692637145519257,0.07307362854480742,0.5911987900733948,0.6629138916730881,0.5633313536643982,0.07307362854480742,0.22692637145519257,1.0,0.0,0.6369367241859436,0,0,12,right_ankle_roll_link,0.22692637145519257,0.21274998784065247,-0.00770534947514534,0.07857257127761841,0.11107902973890305,-0.042513128370046616,0.26074257493019104,-0.10167096555233002,-0.034807778894901276,0.18217000365257263,11,right_ankle_pitch_link,0.22387993335723877,0.20803524553775787,-0.0070836711674928665,0.08242198824882507,0.1195664256811142,-0.03708919137716293,0.27512410283088684,-0.08846881985664368,-0.030005520209670067,0.19270211458206177,10,right_knee_link,0.2031896561384201,0.13712987303733826,0.007183782756328583,0.14976590871810913,0.2867833375930786,0.0660967230796814,0.5018335580825806,0.14965346455574036,0.058912940323352814,0.35206764936447144,26,body_26,0.19252769649028778,-0.18007691204547882,0.01976541057229042,0.06518089771270752,0.023196276277303696,0.06784303486347198,1.2399382591247559,0.20327319204807281,0.048077624291181564,1.1747573614120483,25,body_25,0.14286546409130096,-0.045757949352264404,-0.0024208873510360718,0.13531774282455444,0.24598675966262817,0.029263406991958618,0.9459452629089355,0.2917447090148926,0.03168429434299469,0.8106275200843811,0.21369042992591858,28.619197845458984,0.32521817088127136,0.29250800609588623,31.949567794799805,0.3630632758140564,-0.17835238575935364,-19.23577880859375,0.21858839690685272,-0.009279966354370117,-6.127509593963623,0.044082801789045334,-0.20080436766147614,-3.8213071823120117,0.07642614096403122,0.11194495856761932,2.173011541366577,0.04346023127436638,-0.14661246538162231,-2.230661392211914,0.025348424911499023,0.05907389521598816,3.3495771884918213,0.038063377141952515,-0.03786282241344452,-3.315384864807129,0.03767482936382294,0.08555567264556885,-5.51671028137207,0.03968856483697891,-0.006675533950328827,-0.04891616106033325,0.0009783231653273106,0.00542320916429162,0.11488910019397736,0.0022977821063250303
13,0.25999999418854713,0.5347366333007812,0.08740214258432388,0.0,334.4454650878906,0.0,334.4454650878906,0.0,1,0,0.029583122581243515,1.6462327241897583,0.22304782271385193,-0.15667106211185455,-0.9621349573135376,0.03756247088313103,0.3729846775531769,0.4242987036705017,1.7666504383087158,-1.5880388021469116,-1.5707963705062866,1.4055416584014893,-0.1415899097919464,0.007205924950540066,0.6646472215652466,-0.3030099868774414,-0.21773409843444824,0.003509521484375,-0.29155346751213074,-0.2730845808982849,0.14300617575645447,-1.3576788902282715,-1.1010456085205078,-0.2558521628379822,0.16142010688781738,0.2249399572610855,0.6611377596855164,0.7595695853233337,0.0739249512553215,-0.022777950391173363,0.07197239249944687,0.24296319484710693,1.7079522609710693,0.229169100522995,-0.03454633802175522,0.07293276488780975,1.034297227859497,-1.3212093114852905,-0.31896090507507324,0.24296319484710693,0.057036805152893055,0.5769521772861481,0.6433289378881455,0.5595695853233338,0.057036805152893055,0.24296319484710693,1.0,0.0,0.5899263620376587,0,0,12,right_ankle_roll_link,0.24296319484710693,0.229169100522995,-0.03454633802175522,0.07293276488780975,0.12071064114570618,-0.03864399343729019,0.27158811688423157,-0.10845846682786942,-0.004097656346857548,0.19865535199642181,11,right_ankle_pitch_link,0.23901616036891937,0.22350871562957764,-0.03368064761161804,0.07770581543445587,0.12890709936618805,-0.033264853060245514,0.28615403175354004,-0.09460161626338959,0.0004157945513725281,0.20844821631908417,26,body_26,0.21713022887706757,-0.20201167464256287,0.019371163100004196,0.07721126079559326,0.017175383865833282,0.06729893386363983,1.2404398918151855,0.21918706595897675,0.047927770763635635,1.1632286310195923,10,right_knee_link,0.21343295276165009,0.13920755684375763,-0.015614986419677734,0.16103121638298035,0.29248666763305664,0.06974546611309052,0.5155807733535767,0.153279110789299,0.08536045253276825,0.3545495569705963,25,body_25,0.16035963594913483,-0.04895605146884918,-0.013913959264755249,0.15206879377365112,0.24372096359729767,0.02901625633239746,0.946147084236145,0.29267701506614685,0.04293021559715271,0.7940782904624939,0.22647607326507568,27.38036346435547,0.3111405074596405,0.3299163281917572,36.086483001708984,0.4100736677646637,-0.18648573756217957,-19.018512725830078,0.21611946821212769,-0.00996929407119751,-5.281139373779297,0.03799380734562874,-0.19780312478542328,-3.7765636444091797,0.07553127408027649,0.10932508111000061,2.1169097423553467,0.04233819618821144,-0.13626790046691895,-4.313576698303223,0.04901791736483574,0.03490245342254639,0.9945881366729736,0.01130213774740696,-0.016595035791397095,-0.11181926727294922,0.0012706734705716372,0.06612181663513184,-4.52491569519043,0.03255334869027138,-0.014065533876419067,-0.2693783938884735,0.005387567915022373,-0.0007414841093122959,-0.017492804676294327,0.0003498560981824994
14,0.2799999937415123,0.5647937059402466,0.09521244466304779,0.0,317.7778015136719,0.0,317.7778015136719,0.0,1,0,0.030798206105828285,1.5647443532943726,0.23232205212116241,-0.17813394963741302,-0.9561876058578491,0.0455709844827652,0.4115416705608368,0.4557752311229706,1.956732988357544,-1.612518548965454,-1.5707963705062866,1.386738896369934,-0.15694667398929596,0.0017130569322034717,0.6694371104240417,-0.34113121032714844,-0.23275136947631836,-0.009092092514038086,-0.31715962290763855,-0.2812687158584595,0.16741791367530823,-1.3384367227554321,-1.3619413375854492,-0.4272085428237915,0.18418461084365845,0.2344643771648407,0.6785292029380798,0.7555854916572571,0.07724864780902863,-0.018591901287436485,0.07693244516849518,0.261201411485672,1.6560163497924805,0.24466758966445923,-0.061041053384542465,0.06810241937637329,1.0200234651565552,-1.2558683156967163,-0.35318130254745483,0.261201411485672,0.03879858851432799,0.5676779478788376,0.621866050362587,0.5555854916572571,0.03879858851432799,0.261201411485672,1.0,0.0,0.538712739944458,0,0,12,right_ankle_roll_link,0.261201411485672,0.24466758966445923,-0.061041053384542465,0.06810241937637329,0.13237978518009186,-0.035067636519670486,0.2793499231338501,-0.11228781193494797,0.02597341686487198,0.2112475037574768,11,right_ankle_pitch_link,0.2563400864601135,0.2380726933479309,-0.059999026358127594,0.0737004280090332,0.14007578790187836,-0.02974284440279007,0.2942059636116028,-0.09799690544605255,0.030256181955337524,0.22050553560256958,26,body_26,0.24180510640144348,-0.22367259860038757,0.020627517253160477,0.08952534198760986,0.011565394699573517,0.06775760650634766,1.2408732175827026,0.2352379858493805,0.04713008925318718,1.1513478755950928,10,right_knee_link,0.22512049973011017,0.14106474816799164,-0.03917255997657776,0.17101311683654785,0.29723167419433594,0.07335202395915985,0.5280424356460571,0.1561669260263443,0.11252458393573761,0.3570293188095093,25,body_25,0.17925606667995453,-0.05425754189491272,-0.02478647232055664,0.16903990507125854,0.24233070015907288,0.027750179171562195,0.9469748735427856,0.2965882420539856,0.052536651492118835,0.7779349684715271,0.23476091027259827,26.19852066040039,0.29771044850349426,0.370439738035202,40.59327697753906,0.4612872302532196,-0.18705135583877563,-18.31134033203125,0.2080834060907364,-0.010921135544776917,-4.708691120147705,0.0338754765689373,-0.19634780287742615,-3.7480623722076416,0.07496124505996704,0.10364082455635071,1.982862114906311,0.039657242596149445,-0.126520037651062,-5.765011310577393,0.06551149487495422,0.010398104786872864,-1.2543909549713135,0.014254442416131496,0.004176989197731018,2.165926456451416,0.024612801149487495,0.04684913158416748,-3.3790931701660156,0.024310022592544556,-0.01847699284553528,-0.35803312063217163,0.007160662207752466,-0.0043295565992593765,-0.09209727495908737,0.0018419454572722316
15,0.29999999329447746,0.5927807688713074,0.10385764390230179,0.0,309.0365905761719,0.0,309.0365905761719,0.0,1,0,0.03500831499695778,1.4805608987808228,0.23699593544006348,-0.20256255567073822,-0.9501581192016602,0.0556577630341053,0.4479571282863617,0.4892643392086029,2.1013360023498535,-1.638716220855713,-1.5707963705062866,1.3631501197814941,-0.16768774390220642,-0.006362086161971092,0.671694815158844,-0.3777315616607666,-0.2456345558166504,-0.026273727416992188,-0.33718186616897583,-0.2935980558395386,0.19871629774570465,-1.4294087886810303,-1.4713349342346191,-0.45560601353645325,0.2100437730550766,0.23927251994609833,0.697968602180481,0.7511197924613953,0.08096040040254593,-0.013225862756371498,0.08216078579425812,0.28379788994789124,1.5912081003189087,0.2642514109611511,-0.08356514573097229,0.06106802821159363,1.0405007600784302,-1.1467485427856445,-0.3664274513721466,0.28379788994789124,0.016202110052108754,0.5630040645599366,0.5974374443292618,0.5511197924613953,0.016202110052108754,0.28379788994789124,1.0,0.0,0.484413743019104,0,0,12,right_ankle_roll_link,0.28379788994789124,0.2642514109611511,-0.08356514573097229,0.06106802821159363,0.1512296497821808,-0.028907157480716705,0.2804200053215027,-0.11302175372838974,0.054657988250255585,0.21935197710990906,11,right_ankle_pitch_link,0.2779585123062134,0.25671058893203735,-0.08260519802570343,0.06735710799694061,0.158188596367836,-0.023875243961811066,0.29573458433151245,-0.09852199256420135,0.05872995778918266,0.22837747633457184,26,body_26,0.2659797966480255,-0.2445119321346283,0.022534765303134918,0.10223186016082764,0.006777435541152954,0.06838549673557281,1.2413628101348877,0.25128936767578125,0.0458507314324379,1.13913094997406,10,right_knee_link,0.23976486921310425,0.1445857286453247,-0.06522762030363083,0.17979854345321655,0.3036313056945801,0.07434350997209549,0.5390564203262329,0.15904557704925537,0.13957113027572632,0.35925787687301636,25,body_25,0.19855760037899017,-0.06225749850273132,-0.03467097878456116,0.18532955646514893,0.24151572585105896,0.025430113077163696,0.9474038481712341,0.3037732243537903,0.060101091861724854,0.7620742917060852,0.2384878247976303,25.249311447143555,0.28692400455474854,0.4144161343574524,45.37158966064453,0.515586256980896,-0.18064936995506287,-17.383188247680664,0.19753623008728027,-0.008537441492080688,-3.9483017921447754,0.028405047953128815,-0.1907930225133896,-3.6438381671905518,0.07287676632404327,0.09672386199235916,1.8251701593399048,0.03650340437889099,-0.11676234006881714,-6.266082763671875,0.0712054893374443,-0.018840976059436798,-3.9078333377838135,0.0444071963429451,0.020413070917129517,3.265995740890503,0.03711358830332756,0.033738136291503906,-2.0154294967651367,0.014499492943286896,-0.01594547927379608,-0.2721501290798187,0.005443002562969923,-0.003822130151093006,-0.07101841270923615,0.0014203682076185942
16,0.3199999928474426,0.6211750507354736,0.11239273846149445,0.0,310.43756103515625,0.0,310.43756103515625,0.0,1,0,0.04559521749615669,1.4100733995437622,0.2366195023059845,-0.2282571792602539,-0.9444093108177185,0.06634558737277985,0.48534491658210754,0.5236847996711731,2.1360180377960205,-1.65888512134552,-1.5707963705062866,1.3279929161071777,-0.1807713508605957,-0.01424431148916483,0.6749550104141235,-0.41791653633117676,-0.2531294822692871,-0.04384970664978027,-0.3520599603652954,-0.3200688660144806,0.21875885128974915,-1.441739797592163,-1.5099377632141113,-0.4517165422439575,0.23714517056941986,0.2388850748538971,0.7188047766685486,0.7463115453720093,0.08545780926942825,-0.006745588034391403,0.0878264307975769,0.30614614486694336,1.5345759391784668,0.28313764929771423,-0.10336077213287354,0.0536198616027832,1.0937168598175049,-1.0156867504119873,-0.3564930558204651,0.30614614486694336,-0.0061461448669433705,0.5633804976940155,0.5717428207397461,0.5463115453720093,-0.0061461448669433705,0.30614614486694336,1.0,0.0,0.4275361895561218,0,0,12,right_ankle_roll_link,0.30614614486694336,0.28313764929771423,-0.10336077213287354,0.0536198616027832,0.17244209349155426,-0.021564243361353874,0.2762811481952667,-0.11069556325674057,0.08179652690887451,0.22266128659248352,11,right_ankle_pitch_link,0.2992619276046753,0.2746128439903259,-0.10247501730918884,0.06036852300167084,0.17846167087554932,-0.0168254803866148,0.2920796275138855,-0.09615118056535721,0.0856495350599289,0.23171110451221466,26,body_26,0.2883821129798889,-0.26309511065483093,0.026637479662895203,0.11504626274108887,0.004390037152916193,0.07053735107183456,1.2415990829467773,0.2674851417541504,0.04389987140893936,1.1265528202056885,10,right_knee_link,0.2516513466835022,0.14576230943202972,-0.08885665237903595,0.18489521741867065,0.3083018660545349,0.07663118839263916,0.5458775162696838,0.1625395566225052,0.1654878407716751,0.3609822988510132,25,body_25,0.2178812026977539,-0.07215523719787598,-0.04327009618282318,0.20098143815994263,0.24164924025535583,0.022826598957180977,0.9474563002586365,0.3138044774532318,0.06609669327735901,0.7464748620986938,0.23774927854537964,23.916542053222656,0.2717788815498352,0.4614822566509247,50.37681579589844,0.5724638104438782,-0.17452070116996765,-16.3094539642334,0.1853346973657608,-0.010688215494155884,-4.430073261260986,0.03187103196978569,-0.183535635471344,-3.487318754196167,0.06974637508392334,0.09008017927408218,1.6657240390777588,0.033314481377601624,-0.10907894372940063,-7.0109968185424805,0.07967042177915573,-0.04090198874473572,-5.585826396942139,0.06347530335187912,0.032098278403282166,3.8291449546813965,0.04351301118731499,0.022519588470458984,-0.4627227783203125,0.0033289408311247826,-0.013388358056545258,-0.20715707540512085,0.00414314167574048,-0.004929631017148495,-0.10912322252988815,0.00218246434815228
17,0.3399999924004078,0.6459794640541077,0.12149124592542648,0.0,301.631591796875,0.0,301.631591796875,0.0,1,0,0.04328665882349014,1.4333401918411255,0.23248061537742615,-0.25384050607681274,-0.938891589641571,0.07701008021831512,0.5211405754089355,0.5626354813575745,2.0964882373809814,-1.674309492111206,-1.5707963705062866,1.291438341140747,-0.1925046145915985,-0.023359881713986397,0.67766934633255,-0.45655369758605957,-0.25798726081848145,-0.06106448173522949,-0.37791138887405396,-0.34835344552993774,0.22889189422130585,-1.3663557767868042,-1.5426297187805176,-0.38552379608154297,0.26404908299446106,0.23462741076946259,0.7387339472770691,0.7414130568504333,0.09102755039930344,0.0009853150695562363,0.09401703625917435,0.3296136260032654,1.528886318206787,0.30194520950317383,-0.1230628713965416,0.048267632722854614,1.1685093641281128,-0.956872820854187,-0.23764193058013916,0.3296136260032654,-0.029613626003265392,0.5675193846225739,0.5461594939231873,0.5414130568504334,-0.029613626003265392,0.3296136260032654,1.0,0.0,0.37548327445983887,0,0,12,right_ankle_roll_link,0.3296136260032654,0.30194520950317383,-0.1230628713965416,0.048267632722854614,0.19662518799304962,-0.014450746588408947,0.268059641122818,-0.1053200364112854,0.10861212760210037,0.21979200839996338,11,right_ankle_pitch_link,0.3217262625694275,0.29234448075294495,-0.12236957252025604,0.05539123713970184,0.20155467092990875,-0.010128363966941833,0.28434768319129944,-0.09078981727361679,0.11224120855331421,0.2289564460515976,26,body_26,0.30962538719177246,-0.28037896752357483,0.02958807349205017,0.1279846429824829,0.003600355237722397,0.07088551670312881,1.2418367862701416,0.2839793264865875,0.041297443211078644,1.1138521432876587,10,right_knee_link,0.26298975944519043,0.14557355642318726,-0.1129535585641861,0.18765246868133545,0.31262120604515076,0.07611790299415588,0.5493605136871338,0.1670476496219635,0.18907146155834198,0.36170804500579834,25,body_25,0.23780126869678497,-0.0849275141954422,-0.05089250206947327,0.21620988845825195,0.2412918657064438,0.01982240378856659,0.9472993612289429,0.326219379901886,0.07071490585803986,0.7310894727706909,0.23437047004699707,22.3770809173584,0.2542850077152252,0.5062766075134277,54.95747375488281,0.6245167255401611,-0.16529032588005066,-14.841950416564941,0.1686585247516632,-0.013796240091323853,-4.731027603149414,0.034036170691251755,-0.17242424190044403,-3.262725830078125,0.06525451689958572,0.08265410363674164,1.5376935005187988,0.03075386956334114,-0.10234922170639038,-7.819051265716553,0.08885285258293152,-0.06685524433851242,-7.472357749938965,0.08491315692663193,0.035941556096076965,3.769294023513794,0.042832884937524796,0.0014677047729492188,0.48497843742370605,0.003489053575322032,-0.016205348074436188,-0.3612816333770752,0.007225632667541504,-0.00386844202876091,-0.0917542427778244,0.0018350848695263267
18,0.35999999195337296,0.6660738587379456,0.13217879831790924,0.0,293.8260498046875,0.0,293.8260498046875,0.0,1,0,0.06387679278850555,1.5163179636001587,0.22503814101219177,-0.277290016412735,-0.9340599775314331,0.08791650831699371,0.5538516640663147,0.6062058210372925,1.9565625190734863,-1.6835999488830566,-1.5707963705062866,1.2590222358703613,-0.20491425693035126,-0.030823420733213425,0.6843796372413635,-0.49349284172058105,-0.25780558586120605,-0.07278656959533691,-0.4121183156967163,-0.3728204369544983,0.24217535555362701,-1.181477427482605,-1.537682294845581,-0.26034796237945557,0.28857845067977905,0.22698219120502472,0.7571660876274109,0.7365118265151978,0.09783931076526642,0.00997319258749485,0.10068868100643158,0.35751059651374817,1.5263803005218506,0.32573401927948,-0.14028890430927277,0.045057594776153564,1.1916415691375732,-0.9520992040634155,-0.057744741439819336,0.35751059651374817,-0.05751059651374818,0.5749618589878083,0.5227099835872651,0.5365118265151978,-0.05751059651374818,0.35751059651374817,1.0,0.0,0.3292355537414551,0,0,12,right_ankle_roll_link,0.35751059651374817,0.32573401927948,-0.14028890430927277,0.045057594776153564,0.22885766625404358,-0.004322598222643137,0.25522926449775696,-0.0968763455748558,0.13596630096435547,0.2101716697216034,11,right_ankle_pitch_link,0.34834063053131104,0.3146539330482483,-0.13994985818862915,0.0524226576089859,0.23218178749084473,-0.0007194668287411332,0.2720889747142792,-0.08247213810682297,0.1392303854227066,0.21966631710529327,26,body_26,0.33096665143966675,-0.29785987734794617,0.030496075749397278,0.14102625846862793,0.003092740196734667,0.0689336434006691,1.242018699645996,0.30095261335372925,0.03843756765127182,1.1009924411773682,10,right_knee_link,0.27402275800704956,0.14328980445861816,-0.13630355894565582,0.18967825174331665,0.31603026390075684,0.07335340976715088,0.5504568815231323,0.17274045944213867,0.2096569687128067,0.3607786297798157,25,body_25,0.2588950991630554,-0.10015517473220825,-0.05735725164413452,0.23174500465393066,0.23963886499404907,0.01675214059650898,0.948060154914856,0.3397940397262573,0.07410939037799835,0.7163151502609253,0.22234614193439484,20.043787002563477,0.22777031362056732,0.5476461052894592,59.02727127075195,0.6707644462585449,-0.16015081107616425,-13.536149978637695,0.15381988883018494,-0.013694703578948975,-5.047800064086914,0.036315109580755234,-0.15953350067138672,-2.987365484237671,0.05974730849266052,0.07257717847824097,1.335388422012329,0.026707768440246582,-0.09426236152648926,-8.789155960083008,0.099876768887043,-0.07916069030761719,-8.017200469970703,0.09110455214977264,0.03725974261760712,3.6821584701538086,0.041842710226774216,-0.018495798110961914,2.0409297943115234,0.014682948589324951,-0.021924659609794617,-0.5106473565101624,0.010212946683168411,-0.005116453859955072,-0.1396106779575348,0.0027922135777771473
19,0.3799999915063381,0.6817469000816345,0.14327841997146606,0.0,287.8887939453125,0.0,287.8887939453125,0.0,1,0,0.061255332082509995,1.6528041362762451,0.21722450852394104,-0.299446165561676,-0.9290558695793152,0.10001865774393082,0.58138507604599,0.6589581966400146,1.8397897481918335,-1.689753770828247,-1.5707963705062866,1.2296314239501953,-0.21245567500591278,-0.03785436227917671,0.6869469881057739,-0.524254560470581,-0.2568244934082031,-0.0818030834197998,-0.4607137143611908,-0.39341220259666443,0.25922122597694397,-0.9887424111366272,-1.55076003074646,0.04856164753437042,0.311799019575119,0.2189701795578003,0.7687501311302185,0.7314033508300781,0.1059887632727623,0.02050015889108181,0.10772070288658142,0.3904556632041931,1.5374089479446411,0.35292768478393555,-0.16016757488250732,0.04737110435962677,1.1298558712005615,-1.0300246477127075,0.1615586280822754,0.3904556632041931,-0.09045566320419313,0.582775491476059,0.500553834438324,0.5314033508300782,-0.09045566320419313,0.3904556632041931,1.0,0.0,0.29070085287094116,0,0,12,right_ankle_roll_link,0.3904556632041931,0.35292768478393555,-0.16016757488250732,0.04737110435962677,0.2677118480205536,0.004352830350399017,0.24155281484127045,-0.08521582931280136,0.16452039778232574,0.19418171048164368,11,right_ankle_pitch_link,0.3797680139541626,0.34021565318107605,-0.15970741212368011,0.05450326204299927,0.26912301778793335,0.007450208067893982,0.2587777376174927,-0.0710926353931427,0.1671576201915741,0.2042744755744934,26,body_26,0.35234925150871277,-0.31511253118515015,0.03444782644510269,0.15384221076965332,0.003056265413761139,0.07012968510389328,1.2422199249267578,0.3181687891483307,0.03568185865879059,1.0883777141571045,10,right_knee_link,0.2812517285346985,0.13785432279109955,-0.15492454171180725,0.18999239802360535,0.3175283670425415,0.07195400446653366,0.5477451682090759,0.17967404425144196,0.22687853872776031,0.3577527701854706,25,body_25,0.2784600555896759,-0.11459842324256897,-0.06210120767354965,0.24607038497924805,0.2388247549533844,0.014606162905693054,0.9485212564468384,0.35342317819595337,0.0767073705792427,0.7024508714675903,0.20874500274658203,17.90071678161621,0.20341724157333374,0.5832533836364746,62.41832733154297,0.7092991471290588,-0.15311633050441742,-12.821052551269531,0.14569377899169922,-0.018555641174316406,-5.632754325866699,0.04052341356873512,-0.14000338315963745,-2.594381809234619,0.0518876351416111,0.06147415190935135,1.1125476360321045,0.022250952199101448,-0.08677679300308228,-9.286954879760742,0.10553357750177383,-0.0879388302564621,-8.482637405395508,0.09639360755681992,0.03614835441112518,3.1467838287353516,0.035758908838033676,-0.035211801528930664,3.8756189346313477,0.027882151305675507,-0.022164486348628998,-0.5090965628623962,0.010181930847465992,-0.003196689300239086,-0.09464558959007263,0.0018929117359220982
20,0.3999999910593033,0.6927472352981567,0.15453661978244781,0.0,281.0946044921875,0.0,281.0946044921875,0.0,1,0,0.03869054093956947,1.869768738746643,0.2088736593723297,-0.31945234537124634,-0.9242954850196838,0.1146729364991188,0.6047425270080566,0.6991583704948425,1.7920371294021606,-1.6960523128509521,-1.5707963705062866,1.2196455001831055,-0.21650849282741547,-0.04747079312801361,0.6917986869812012,-0.5492734909057617,-0.25789380073547363,-0.08224654197692871,-0.5069645047187805,-0.3973197937011719,0.2719307839870453,-0.7307784557342529,-1.6198678016662598,0.2310592532157898,0.33276495337486267,0.210423082113266,0.7740452289581299,0.7262756824493408,0.11551682651042938,0.032582346349954605,0.11494127660989761,0.4311677813529968,1.6039917469024658,0.3936896324157715,-0.16908517479896545,0.048211291432380676,0.9123229384422302,-1.2306132316589355,0.4754444360733032,0.4311677813529968,-0.13116778135299684,0.5911263406276703,0.4805476546287537,0.5262756824493409,-0.13116778135299684,0.4311677813529968,1.0,0.0,0.2676449418067932,0,0,12,right_ankle_roll_link,0.4311677813529968,0.3936896324157715,-0.16908517479896545,0.048211291432380676,0.3238164782524109,0.026559308171272278,0.21977335214614868,-0.06987316906452179,0.19564448297023773,0.171562060713768,11,right_ankle_pitch_link,0.41837865114212036,0.3788492679595947,-0.1688658595085144,0.05475646257400513,0.3226601481437683,0.028477992862462997,0.23718786239624023,-0.05618911609053612,0.1973438560962677,0.1824313998222351,26,body_26,0.37246838212013245,-0.33163997530937195,0.03231398016214371,0.16644346714019775,0.004146654158830643,0.06555984169244766,1.242647409439087,0.3357866406440735,0.033245861530303955,1.0762039422988892,25,body_25,0.29668059945106506,-0.1277725100517273,-0.06926151365041733,0.25864338874816895,0.23849701881408691,0.009938240051269531,0.9487247467041016,0.3662695288658142,0.07919975370168686,0.6900813579559326,21,right_shoulder_roll_link,0.28522664308547974,-0.217343270778656,-0.020039446651935577,0.18361526727676392,0.04259941726922989,-0.06573061645030975,1.0548598766326904,0.2599426805973053,-0.045691169798374176,0.8712446093559265,0.19255778193473816,14.898635864257812,0.16930268704891205,0.6101901531219482,64.4472427368164,0.7323550581932068,-0.147877037525177,-13.19312858581543,0.14992190897464752,-0.026311010122299194,-5.91926383972168,0.042584631592035294,-0.11094298958778381,-2.03287672996521,0.04065753519535065,0.04700683802366257,0.7570475935935974,0.015140951611101627,-0.08152002096176147,-10.750945091247559,0.12216982990503311,-0.09567014873027802,-8.657086372375488,0.09837598353624344,0.03412067890167236,3.1174137592315674,0.035425156354904175,-0.05956745147705078,5.665153503417969,0.040756501257419586,-0.026081517338752747,-0.619432806968689,0.012388655915856361,-0.0018232595175504684,-0.0467456579208374,0.0009349131723865867
