step,motion_time_s,joint_err_norm,lower_body_err,torque_clip_ratio,left_foot_contact_z,right_foot_contact_z,left_foot_contact_norm,right_foot_contact_norm,left_foot_contact_flag,right_foot_contact_flag,left_foot_slip_xy,right_foot_slip_xy,projected_gravity_x,projected_gravity_y,projected_gravity_z,root_pos_err,root_rot_err_rad,root_lin_vel_err,root_ang_vel_err,root_roll,root_pitch,root_yaw,root_height,root_xy_drift,root_x,root_y,right_foot_pos_err,right_foot_vel_err,right_foot_pos_err_x,right_foot_pos_err_y,right_foot_pos_err_z,right_foot_vel_err_x,right_foot_vel_err_y,right_foot_vel_err_z,termination_margin,termination_gravity_margin_x,termination_gravity_margin_y,termination_base_height_margin,termination_motion_far_margin,termination_motion_far_peak,termination_contact_margin,termination_contact_peak,termination_torque_margin,reset,timeout,left_hip_pitch_joint_err,left_hip_pitch_joint_torque,left_hip_pitch_joint_torque_ratio,left_hip_roll_joint_err,left_hip_roll_joint_torque,left_hip_roll_joint_torque_ratio,left_hip_yaw_joint_err,left_hip_yaw_joint_torque,left_hip_yaw_joint_torque_ratio,left_knee_joint_err,left_knee_joint_torque,left_knee_joint_torque_ratio,left_ankle_pitch_joint_err,left_ankle_pitch_joint_torque,left_ankle_pitch_joint_torque_ratio,left_ankle_roll_joint_err,left_ankle_roll_joint_torque,left_ankle_roll_joint_torque_ratio,right_hip_pitch_joint_err,right_hip_pitch_joint_torque,right_hip_pitch_joint_torque_ratio,right_hip_roll_joint_err,right_hip_roll_joint_torque,right_hip_roll_joint_torque_ratio,right_hip_yaw_joint_err,right_hip_yaw_joint_torque,right_hip_yaw_joint_torque_ratio,right_knee_joint_err,right_knee_joint_torque,right_knee_joint_torque_ratio,right_ankle_pitch_joint_err,right_ankle_pitch_joint_torque,right_ankle_pitch_joint_torque_ratio,right_ankle_roll_joint_err,right_ankle_roll_joint_torque,right_ankle_roll_joint_torque_ratio
1,0.019999999552965164,0.6930710673332214,0.02232881262898445,0.0,0.0,21.9405460357666,0.0,21.9405460357666,0,1,0.4549413323402405,0.711115300655365,0.019400551915168762,-0.017967117950320244,-0.9996502995491028,0.016006367281079292,0.04398410767316818,0.24922233819961548,2.9978411197662354,0.017971467226743698,0.01940177008509636,0.571508526802063,0.7827666997909546,0.007079756818711758,0.0018025207100436091,0.009792468510568142,0.026210330426692963,1.057431697845459,0.023608550429344177,0.011226311326026917,0.0018941238522529602,1.0379588603973389,0.18621444702148438,0.07827794551849365,0.07799792289733887,0.7805994480848313,0.7820328820496798,0.5827666997909546,0.2367716759443283,0.06322832405567169,1.0,0.0,0.07799792289733887,0,0,0.008590653538703918,2.812695264816284,0.03196244686841965,0.04288271442055702,1.3550872802734375,0.015398719348013401,0.001417413353919983,-4.309451103210449,0.048971034586429596,-0.04952624440193176,-11.412567138671875,0.08210480213165283,-0.07665306329727173,-1.2434539794921875,0.024869078770279884,0.041265614330768585,0.7356259822845459,0.014712519943714142,-0.06954445689916611,-3.6437625885009766,0.04140639305114746,0.02050381898880005,0.03538775444030762,0.00040213356260210276,-0.05020599067211151,-6.17750358581543,0.0701989009976387,0.035241127014160156,-8.409841537475586,0.06050245836377144,0.07855992019176483,1.425403356552124,0.02850806713104248,0.006752952933311462,0.23035185039043427,0.004607037175446749
2,0.03999999910593033,0.44266477227211,0.025603516027331352,0.0,186.84461975097656,27.574806213378906,186.84461975097656,27.574806213378906,1,1,0.13635048270225525,0.38489919900894165,0.01681578904390335,0.004116312600672245,-0.9998500943183899,0.017651282250881195,0.03824756667017937,0.08915885537862778,3.044471502304077,-0.00411690678447485,0.016816582530736923,0.5765776634216309,0.7834649085998535,0.016482535749673843,-0.0017550725024193525,0.018511522561311722,0.047361068427562714,0.8748660683631897,0.044870685786008835,0.014694452285766602,0.003710135817527771,0.674381673336029,0.1811310052871704,0.5270593762397766,0.2449401870369911,0.7831842109560967,0.7958836873993278,0.5834649085998536,0.2449401870369911,0.05505981296300888,1.0,0.0,0.39922499656677246,0,0,0.0018611699342727661,7.302801132202148,0.08298637717962265,0.025214537978172302,0.44712162017822266,0.00508092762902379,0.003209635615348816,-3.495380401611328,0.03972023352980614,-0.05932462215423584,-10.05044174194336,0.0723053365945816,-0.11365431547164917,-2.2266581058502197,0.04453316330909729,0.10301966965198517,2.155170440673828,0.0431034080684185,-0.10331915318965912,4.75897216796875,0.05407923087477684,0.0017899572849273682,-2.4002304077148438,0.027275346219539642,-0.020018398761749268,-10.972976684570312,0.12469291687011719,0.034436702728271484,-21.65677261352539,0.1558041125535965,0.08615575730800629,1.6254607439041138,0.0325092151761055,-0.003972344100475311,0.08083511143922806,0.0016167021822184324
3,0.05999999865889549,0.32015448808670044,0.03030441701412201,0.0,240.54287719726562,86.41947174072266,240.54287719726562,86.41947174072266,1,1,0.03236236050724983,0.3617362380027771,0.025946058332920074,-0.007385076489299536,-0.9996360540390015,0.016298672184348106,0.05313250795006752,0.0664028748869896,4.801207542419434,0.007387630641460419,0.025948969647288322,0.5847401022911072,0.7827868461608887,0.023461956530809402,-0.005395656451582909,0.024570055305957794,0.07110343128442764,1.0538139343261719,0.06610334664583206,0.02321028709411621,0.012137874960899353,0.7204843759536743,0.3035251200199127,0.7066105008125305,0.22432223260402678,0.77405394166708,0.7926149235107005,0.5827868461608887,0.22432223260402678,0.0756777673959732,1.0,0.0,0.3104499578475952,0,0,0.009080298244953156,15.76301383972168,0.17912515997886658,0.047595951706171036,6.515072822570801,0.0740349218249321,-0.006844446063041687,-7.4522318840026855,0.08468445390462875,-0.06363117694854736,-11.357903480529785,0.0817115381360054,-0.12190039455890656,-2.4868433475494385,0.0497368685901165,0.1018076241016388,2.1332361698150635,0.042664721608161926,-0.11490494012832642,14.337504386901855,0.16292618215084076,0.016483858227729797,1.775606393814087,0.020177345722913742,-0.013958126306533813,-16.463932037353516,0.18709014356136322,0.04053616523742676,-24.43724822998047,0.17580753564834595,0.1370794177055359,2.879652500152588,0.057593051344156265,-0.01643185317516327,-0.15279245376586914,0.003055849112570286
4,0.07999999821186066,0.3609355688095093,0.03544485196471214,0.0,270.4310302734375,92.5680923461914,270.4310302734375,92.5680923461914,1,1,0.04889816790819168,0.38183897733688354,0.03737948462367058,-0.02072787657380104,-0.9990859031677246,0.013085398823022842,0.07254334539175034,0.08885027468204498,6.237919807434082,0.02074386179447174,0.03738819435238838,0.5983457565307617,0.7819475531578064,0.030268428847193718,-0.009869148954749107,0.02998185344040394,0.09288811683654785,1.1586194038391113,0.08358350396156311,0.032963529229164124,0.023567043244838715,0.7352350354194641,0.34372514486312866,0.8268502354621887,0.10090696811676025,0.7626205153763295,0.779272123426199,0.5819475531578064,0.2027559831738472,0.0972440168261528,1.0,0.0,0.10090696811676025,0,0,0.02536545693874359,20.558677673339844,0.23362134397029877,0.07155884802341461,8.413558006286621,0.09560861438512802,-0.022725507616996765,-13.221982955932617,0.15024980902671814,-0.06118182837963104,-9.406468391418457,0.06767243146896362,-0.13712388277053833,-2.838923931121826,0.05677847936749458,0.10359233617782593,2.198906898498535,0.043978139758110046,-0.13229838013648987,20.36594009399414,0.23143114149570465,0.03477215766906738,1.5281991958618164,0.017365900799632072,-0.006228804588317871,-24.928024291992188,0.28327301144599915,0.05816596746444702,-30.837154388427734,0.22185003757476807,0.14777159690856934,3.069540023803711,0.06139080226421356,-0.032162003219127655,-0.5067340135574341,0.010134680196642876
5,0.09999999776482582,0.35660451650619507,0.04109734296798706,0.043478261679410934,265.70001220703125,60.19514083862305,265.70001220703125,60.19514083862305,1,1,0.06312131881713867,0.36943450570106506,0.05344730615615845,-0.031938280910253525,-0.998059868812561,0.011643383651971817,0.09276170283555984,0.11064138263463974,6.930499076843262,0.0319894514977932,0.05347278714179993,0.6120941042900085,0.7811775803565979,0.037229035049676895,-0.014654561877250671,0.035301100462675095,0.11784563213586807,1.187171220779419,0.10198763012886047,0.04531552642583847,0.03784996271133423,0.5951770544052124,0.32099443674087524,0.9757573008537292,0.0,0.7465526938438416,0.7680617190897465,0.581177580356598,0.17864156067371367,0.12135843932628632,1.0,0.0,0.0,0,0,0.04611201584339142,23.579872131347656,0.267953097820282,0.09139196574687958,10.303313255310059,0.1170831024646759,-0.045606568455696106,-17.64669418334961,0.20053061842918396,-0.05429546535015106,-5.693480491638184,0.04096028953790665,-0.1529340147972107,-3.1707963943481445,0.06341592967510223,0.10411252081394196,2.2863993644714355,0.045727986842393875,-0.15061353147029877,22.939102172851562,0.26067161560058594,0.05968707799911499,1.5933539867401123,0.01810629479587078,0.0050187259912490845,-29.704620361328125,0.3375525176525116,0.075406014919281,-33.760841369628906,0.24288375675678253,0.09068344533443451,2.3784902095794678,0.04756980389356613,-0.007106103003025055,-0.35791662335395813,0.007158332504332066
6,0.11999999731779099,0.3405627906322479,0.045835282653570175,0.0,308.95904541015625,60.57315444946289,308.95904541015625,60.57315444946289,1,1,0.07498801499605179,0.46135616302490234,0.07268711179494858,-0.04460657015442848,-0.9963569045066833,0.011436214670538902,0.11677168309688568,0.126011461019516,6.180660724639893,0.044739797711372375,0.07275126874446869,0.6223759055137634,0.779900312423706,0.043904200196266174,-0.019413428381085396,0.04022722691297531,0.13993152976036072,1.1339173316955566,0.11860580742359161,0.05530518293380737,0.0495462566614151,0.5999771356582642,0.22024843096733093,0.9366358518600464,0.07093018293380737,0.7273128882050515,0.7553934298455716,0.5799003124237061,0.15888683795928954,0.14111316204071045,1.0,0.0,0.07093018293380737,0,0,0.06937512755393982,25.82940101623535,0.2935159206390381,0.1117124855518341,13.07831859588623,0.14861725270748138,-0.06859177350997925,-18.501827239990234,0.21024803817272186,-0.04386349022388458,-4.642698287963867,0.03340070694684982,-0.16764554381370544,-3.4458844661712646,0.06891769170761108,0.10677146911621094,2.3490476608276367,0.046980954706668854,-0.15577153861522675,21.669353485107422,0.24624265730381012,0.07370534539222717,3.3286311626434326,0.03782535344362259,-0.008937656879425049,-27.69685935974121,0.3147370517253876,0.08772248029708862,-31.51137351989746,0.2267005294561386,0.06946443021297455,1.0752158164978027,0.021504316478967667,0.013948407024145126,0.12304466962814331,0.002460893476381898
7,0.13999999687075615,0.3637530505657196,0.05067797750234604,0.0,386.6493835449219,0.0,386.6493835449219,0.0,1,0,0.032224785536527634,0.7306422591209412,0.09492748230695724,-0.05871474742889404,-0.993751049041748,0.010346944443881512,0.14833958446979523,0.13854089379310608,4.420671463012695,0.05901534855365753,0.09507063776254654,0.6273660063743591,0.777988851070404,0.05008875951170921,-0.023694828152656555,0.044825583696365356,0.16043005883693695,1.2986328601837158,0.13508352637290955,0.062392666935920715,0.05997834354639053,0.8965609073638916,0.06131947040557861,0.9374784827232361,0.13942803740501403,0.7050725176930428,0.741285252571106,0.5779888510704041,0.13942803740501403,0.16057196259498596,1.0,0.0,0.2545892596244812,0,0,0.09867050498723984,28.114151000976562,0.31947898864746094,0.13697180151939392,16.604633331298828,0.18868900835514069,-0.09403794258832932,-16.83016014099121,0.19125181436538696,-0.034574881196022034,-7.167296409606934,0.051563285291194916,-0.1805940419435501,-3.534782886505127,0.070695661008358,0.11073613911867142,2.2586143016815186,0.04517228528857231,-0.15956205129623413,17.04979705810547,0.19374769926071167,0.08747312426567078,6.349240303039551,0.07215046137571335,-0.028859436511993408,-21.755386352539062,0.24722029268741608,0.10429424047470093,-24.308944702148438,0.17488449811935425,0.037127137184143066,0.8955795764923096,0.01791159063577652,0.01416216790676117,-0.054951392114162445,0.0010990278096869588
8,0.1599999964237213,0.4050087630748749,0.05540626496076584,0.0,432.6490173339844,0.0,432.6490173339844,0.0,1,0,0.06048308312892914,0.9758370518684387,0.12007912248373032,-0.07399144768714905,-0.9900032877922058,0.009968971833586693,0.18267317116260529,0.19224512577056885,3.199843168258667,0.07459989190101624,0.12036958336830139,0.6309347152709961,0.7755846381187439,0.05554179474711418,-0.02681518718600273,0.049299485981464386,0.17627346515655518,1.1914541721343994,0.14997223019599915,0.06256380677223206,0.06831131875514984,0.9508066177368164,-0.253643274307251,0.6717104911804199,0.12372653484344481,0.6799208775162697,0.726008552312851,0.5755846381187439,0.12372653484344481,0.17627346515655518,1.0,0.0,0.43318891525268555,0,0,0.12825652956962585,29.517444610595703,0.3354254961013794,0.16493570804595947,18.921079635620117,0.21501226723194122,-0.11839114874601364,-17.769012451171875,0.20192059874534607,-0.026497825980186462,-7.999855041503906,0.05755291506648064,-0.1883452981710434,-3.642697334289551,0.0728539451956749,0.11396627128124237,2.2548229694366455,0.04509646072983742,-0.15332934260368347,12.903990745544434,0.1466362625360489,0.1029348075389862,8.117061614990234,0.09223933517932892,-0.040281206369400024,-16.35913848876953,0.1858993023633957,0.10422909259796143,-18.587158203125,0.13372056186199188,-0.03308083862066269,-0.8480081558227539,0.016960162669420242,0.014678936451673508,0.04410809278488159,0.0008821618393994868
9,0.17999999597668648,0.438342422246933,0.06165630742907524,0.0,414.8103332519531,0.0,414.8103332519531,0.0,1,0,0.0629153847694397,1.195583701133728,0.14502958953380585,-0.0884919986128807,-0.9854620099067688,0.010508197359740734,0.22040721774101257,0.2656368613243103,2.830737590789795,0.08955726772546768,0.14554288983345032,0.634496808052063,0.7729611396789551,0.06036878004670143,-0.028562482446432114,0.053921718150377274,0.18871431052684784,1.1968921422958374,0.16507801413536072,0.0524386502802372,0.07491682469844818,0.9200360774993896,-0.6019169688224792,0.4730544090270996,0.11128568947315215,0.6549704104661942,0.7115080013871193,0.5729611396789551,0.11128568947315215,0.18871431052684784,1.0,0.0,0.48801088333129883,0,0,0.1555260717868805,31.567710876464844,0.3587239980697632,0.19485825300216675,21.54320526123047,0.24480915069580078,-0.13778477907180786,-18.701847076416016,0.21252098679542542,-0.017632320523262024,-8.12800407409668,0.05847484990954399,-0.1965886652469635,-3.7570788860321045,0.07514157891273499,0.11323051899671555,2.2002222537994385,0.044004444032907486,-0.15124738216400146,9.844486236572266,0.11186916381120682,0.10722576081752777,8.242612838745117,0.09366605430841446,-0.048631615936756134,-12.678938865661621,0.14407885074615479,0.10066664218902588,-14.557666778564453,0.10473141819238663,-0.033426154404878616,-0.546035647392273,0.010920712724328041,0.012353289872407913,0.07676719129085541,0.0015353438211604953
10,0.19999999552965164,0.45860588550567627,0.06815625727176666,0.0,389.2149353027344,0.0,389.2149353027344,0.0,1,0,0.05092710256576538,1.423927903175354,0.16848133504390717,-0.10303431749343872,-0.9803049564361572,0.013932090252637863,0.25678738951683044,0.31447073817253113,2.138274908065796,0.1047198697924614,0.1692887842655182,0.6368488669395447,0.7701046466827393,0.06446640193462372,-0.028956595808267593,0.05848987028002739,0.2025427222251892,1.3552711009979248,0.18092772364616394,0.03875620290637016,0.0823812186717987,0.9530200958251953,-0.9204257726669312,0.28518205881118774,0.09745727777481078,0.6315186649560929,0.6969656825065613,0.5701046466827393,0.09745727777481078,0.2025427222251892,1.0,0.0,0.647442638874054,0,0,0.17854043841362,31.025047302246094,0.35255736112594604,0.2238488495349884,24.185325622558594,0.27483323216438293,-0.15259024500846863,-19.519283294677734,0.22181004285812378,-0.012410938739776611,-7.320261001586914,0.05266374722123146,-0.2001224309206009,-3.8246653079986572,0.07649330794811249,0.11421292275190353,2.1888155937194824,0.04377631098031998,-0.14956516027450562,5.477695465087891,0.06224653869867325,0.09836520254611969,6.946219444274902,0.07893431186676025,-0.053615301847457886,-9.727470397949219,0.11053943634033203,0.09586441516876221,-10.576025009155273,0.07608651369810104,-0.010314509272575378,-0.005682721734046936,0.00011365443788236007,0.012954216450452805,0.1917136162519455,0.0038342722691595554
11,0.2199999950826168,0.47844070196151733,0.07454513013362885,0.0,369.6341552734375,0.0,369.6341552734375,0.0,1,0,0.041314736008644104,1.5871340036392212,0.1901959329843521,-0.11898469924926758,-0.9745094180107117,0.02097621187567711,0.291586697101593,0.3559926748275757,1.6789953708648682,0.12149567157030106,0.19136172533035278,0.6405827403068542,0.7669143080711365,0.06787335127592087,-0.028009215369820595,0.06293099373579025,0.2137022763490677,1.5315072536468506,0.19627630710601807,0.01622043177485466,0.08295281231403351,1.0035040378570557,-1.1550657749176025,0.06570422649383545,0.0862977236509323,0.6098040670156479,0.6810153007507325,0.5669143080711365,0.0862977236509323,0.2137022763490677,1.0,0.0,0.6622811555862427,0,0,0.19714979827404022,29.719261169433594,0.3377188742160797,0.25651082396507263,27.76042366027832,0.31545937061309814,-0.16750165820121765,-19.62427520751953,0.22300313413143158,-0.010281816124916077,-6.746801853179932,0.048538144677877426,-0.1998421996831894,-3.797581672668457,0.07595163583755493,0.11241395026445389,2.1723711490631104,0.04344742372632027,-0.14543545246124268,1.4724159240722656,0.016731999814510345,0.08212302625179291,5.2957234382629395,0.06017867475748062,-0.04814564436674118,-6.450553894042969,0.07330174744129181,0.08984982967376709,-7.458415985107422,0.05365766957402229,-0.004259020090103149,0.017244406044483185,0.0003448881325311959,0.008298511616885662,0.13021573424339294,0.0026043145917356014
12,0.23999999463558197,0.5073889493942261,0.08029763400554657,0.0,351.6625061035156,0.0,351.6625061035156,0.0,1,0,0.0323822945356369,1.6693003177642822,0.20880120992660522,-0.13708610832691193,-0.9683018922805786,0.027870791032910347,0.33329957723617554,0.3916962146759033,1.6388044357299805,0.1406390517950058,0.21034899353981018,0.6486898064613342,0.7633313536643982,0.07089288532733917,-0.025909829884767532,0.06734838336706161,0.22692637145519257,1.675075888633728,0.21274998784065247,-0.00770534947514534,0.07857257127761841,1.0409705638885498,-1.296713948249817,-0.20197182893753052,0.07307362854480742,0.5911987900733948,0.6629138916730881,0.5633313536643982,0.07307362854480742,0.22692637145519257,1.0,0.0,0.6369367241859436,0,0,0.21369042992591858,28.619197845458984,0.32521817088127136,0.29250800609588623,31.949567794799805,0.3630632758140564,-0.17835238575935364,-19.23577880859375,0.21858839690685272,-0.009279966354370117,-6.127509593963623,0.044082801789045334,-0.20080436766147614,-3.8213071823120117,0.07642614096403122,0.11194495856761932,2.173011541366577,0.04346023127436638,-0.14661246538162231,-2.230661392211914,0.025348424911499023,0.05907389521598816,3.3495771884918213,0.038063377141952515,-0.03786282241344452,-3.315384864807129,0.03767482936382294,0.08555567264556885,-5.51671028137207,0.03968856483697891,-0.006675533950328827,-0.04891616106033325,0.0009783231653273106,0.00542320916429162,0.11488910019397736,0.0022977821063250303
13,0.25999999418854713,0.5347366333007812,0.08740214258432388,0.0,334.4454650878906,0.0,334.4454650878906,0.0,1,0,0.029583122581243515,1.6462327241897583,0.22304782271385193,-0.15667106211185455,-0.9621349573135376,0.03756247088313103,0.3729846775531769,0.4242987036705017,1.7666504383087158,0.16142010688781738,0.2249399572610855,0.6611377596855164,0.7595695853233337,0.0739249512553215,-0.022777950391173363,0.07197239249944687,0.24296319484710693,1.7079522609710693,0.229169100522995,-0.03454633802175522,0.07293276488780975,1.034297227859497,-1.3212093114852905,-0.31896090507507324,0.057036805152893055,0.5769521772861481,0.6433289378881455,0.5595695853233338,0.057036805152893055,0.24296319484710693,1.0,0.0,0.5899263620376587,0,0,0.22647607326507568,27.38036346435547,0.3111405074596405,0.3299163281917572,36.086483001708984,0.4100736677646637,-0.18648573756217957,-19.018512725830078,0.21611946821212769,-0.00996929407119751,-5.281139373779297,0.03799380734562874,-0.19780312478542328,-3.7765636444091797,0.07553127408027649,0.10932508111000061,2.1169097423553467,0.04233819618821144,-0.13626790046691895,-4.313576698303223,0.04901791736483574,0.03490245342254639,0.9945881366729736,0.01130213774740696,-0.016595035791397095,-0.11181926727294922,0.0012706734705716372,0.06612181663513184,-4.52491569519043,0.03255334869027138,-0.014065533876419067,-0.2693783938884735,0.005387567915022373,-0.0007414841093122959,-0.017492804676294327,0.0003498560981824994
14,0.2799999937415123,0.5647937059402466,0.09521244466304779,0.0,317.7778015136719,0.0,317.7778015136719,0.0,1,0,0.030798206105828285,1.5647443532943726,0.23232205212116241,-0.17813394963741302,-0.9561876058578491,0.0455709844827652,0.4115416705608368,0.4557752311229706,1.956732988357544,0.18418461084365845,0.2344643771648407,0.6785292029380798,0.7555854916572571,0.07724864780902863,-0.018591901287436485,0.07693244516849518,0.261201411485672,1.6560163497924805,0.24466758966445923,-0.061041053384542465,0.06810241937637329,1.0200234651565552,-1.2558683156967163,-0.35318130254745483,0.03879858851432799,0.5676779478788376,0.621866050362587,0.5555854916572571,0.03879858851432799,0.261201411485672,1.0,0.0,0.538712739944458,0,0,0.23476091027259827,26.19852066040039,0.29771044850349426,0.370439738035202,40.59327697753906,0.4612872302532196,-0.18705135583877563,-18.31134033203125,0.2080834060907364,-0.010921135544776917,-4.708691120147705,0.0338754765689373,-0.19634780287742615,-3.7480623722076416,0.07496124505996704,0.10364082455635071,1.982862114906311,0.039657242596149445,-0.126520037651062,-5.765011310577393,0.06551149487495422,0.010398104786872864,-1.2543909549713135,0.014254442416131496,0.004176989197731018,2.165926456451416,0.024612801149487495,0.04684913158416748,-3.3790931701660156,0.024310022592544556,-0.01847699284553528,-0.35803312063217163,0.007160662207752466,-0.0043295565992593765,-0.09209727495908737,0.0018419454572722316
15,0.29999999329447746,0.5927807688713074,0.10385764390230179,0.0,309.0365905761719,0.0,309.0365905761719,0.0,1,0,0.03500831499695778,1.4805608987808228,0.23699593544006348,-0.20256255567073822,-0.9501581192016602,0.0556577630341053,0.4479571282863617,0.4892643392086029,2.1013360023498535,0.2100437730550766,0.23927251994609833,0.697968602180481,0.7511197924613953,0.08096040040254593,-0.013225862756371498,0.08216078579425812,0.28379788994789124,1.5912081003189087,0.2642514109611511,-0.08356514573097229,0.06106802821159363,1.0405007600784302,-1.1467485427856445,-0.3664274513721466,0.016202110052108754,0.5630040645599366,0.5974374443292618,0.5511197924613953,0.016202110052108754,0.28379788994789124,1.0,0.0,0.484413743019104,0,0,0.2384878247976303,25.249311447143555,0.28692400455474854,0.4144161343574524,45.37158966064453,0.515586256980896,-0.18064936995506287,-17.383188247680664,0.19753623008728027,-0.008537441492080688,-3.9483017921447754,0.028405047953128815,-0.1907930225133896,-3.6438381671905518,0.07287676632404327,0.09672386199235916,1.8251701593399048,0.03650340437889099,-0.11676234006881714,-6.266082763671875,0.0712054893374443,-0.018840976059436798,-3.9078333377838135,0.0444071963429451,0.020413070917129517,3.265995740890503,0.03711358830332756,0.033738136291503906,-2.0154294967651367,0.014499492943286896,-0.01594547927379608,-0.2721501290798187,0.005443002562969923,-0.003822130151093006,-0.07101841270923615,0.0014203682076185942
16,0.3199999928474426,0.6211750507354736,0.11239273846149445,0.0,310.43756103515625,0.0,310.43756103515625,0.0,1,0,0.04559521749615669,1.4100733995437622,0.2366195023059845,-0.2282571792602539,-0.9444093108177185,0.06634558737277985,0.48534491658210754,0.5236847996711731,2.1360180377960205,0.23714517056941986,0.2388850748538971,0.7188047766685486,0.7463115453720093,0.08545780926942825,-0.006745588034391403,0.0878264307975769,0.30614614486694336,1.5345759391784668,0.28313764929771423,-0.10336077213287354,0.0536198616027832,1.0937168598175049,-1.0156867504119873,-0.3564930558204651,-0.0061461448669433705,0.5633804976940155,0.5717428207397461,0.5463115453720093,-0.0061461448669433705,0.30614614486694336,1.0,0.0,0.4275361895561218,0,0,0.23774927854537964,23.916542053222656,0.2717788815498352,0.4614822566509247,50.37681579589844,0.5724638104438782,-0.17452070116996765,-16.3094539642334,0.1853346973657608,-0.010688215494155884,-4.430073261260986,0.03187103196978569,-0.183535635471344,-3.487318754196167,0.06974637508392334,0.09008017927408218,1.6657240390777588,0.033314481377601624,-0.10907894372940063,-7.0109968185424805,0.07967042177915573,-0.04090198874473572,-5.585826396942139,0.06347530335187912,0.032098278403282166,3.8291449546813965,0.04351301118731499,0.022519588470458984,-0.4627227783203125,0.0033289408311247826,-0.013388358056545258,-0.20715707540512085,0.00414314167574048,-0.004929631017148495,-0.10912322252988815,0.00218246434815228
17,0.3399999924004078,0.6459794640541077,0.12149124592542648,0.0,301.631591796875,0.0,301.631591796875,0.0,1,0,0.04328665882349014,1.4333401918411255,0.23248061537742615,-0.25384050607681274,-0.938891589641571,0.07701008021831512,0.5211405754089355,0.5626354813575745,2.0964882373809814,0.26404908299446106,0.23462741076946259,0.7387339472770691,0.7414130568504333,0.09102755039930344,0.0009853150695562363,0.09401703625917435,0.3296136260032654,1.528886318206787,0.30194520950317383,-0.1230628713965416,0.048267632722854614,1.1685093641281128,-0.956872820854187,-0.23764193058013916,-0.029613626003265392,0.5675193846225739,0.5461594939231873,0.5414130568504334,-0.029613626003265392,0.3296136260032654,1.0,0.0,0.37548327445983887,0,0,0.23437047004699707,22.3770809173584,0.2542850077152252,0.5062766075134277,54.95747375488281,0.6245167255401611,-0.16529032588005066,-14.841950416564941,0.1686585247516632,-0.013796240091323853,-4.731027603149414,0.034036170691251755,-0.17242424190044403,-3.262725830078125,0.06525451689958572,0.08265410363674164,1.5376935005187988,0.03075386956334114,-0.10234922170639038,-7.819051265716553,0.08885285258293152,-0.06685524433851242,-7.472357749938965,0.08491315692663193,0.035941556096076965,3.769294023513794,0.042832884937524796,0.0014677047729492188,0.48497843742370605,0.003489053575322032,-0.016205348074436188,-0.3612816333770752,0.007225632667541504,-0.00386844202876091,-0.0917542427778244,0.0018350848695263267
18,0.35999999195337296,0.6660738587379456,0.13217879831790924,0.0,293.8260498046875,0.0,293.8260498046875,0.0,1,0,0.06387679278850555,1.5163179636001587,0.22503814101219177,-0.277290016412735,-0.9340599775314331,0.08791650831699371,0.5538516640663147,0.6062058210372925,1.9565625190734863,0.28857845067977905,0.22698219120502472,0.7571660876274109,0.7365118265151978,0.09783931076526642,0.00997319258749485,0.10068868100643158,0.35751059651374817,1.5263803005218506,0.32573401927948,-0.14028890430927277,0.045057594776153564,1.1916415691375732,-0.9520992040634155,-0.057744741439819336,-0.05751059651374818,0.5749618589878083,0.5227099835872651,0.5365118265151978,-0.05751059651374818,0.35751059651374817,1.0,0.0,0.3292355537414551,0,0,0.22234614193439484,20.043787002563477,0.22777031362056732,0.5476461052894592,59.02727127075195,0.6707644462585449,-0.16015081107616425,-13.536149978637695,0.15381988883018494,-0.013694703578948975,-5.047800064086914,0.036315109580755234,-0.15953350067138672,-2.987365484237671,0.05974730849266052,0.07257717847824097,1.335388422012329,0.026707768440246582,-0.09426236152648926,-8.789155960083008,0.099876768887043,-0.07916069030761719,-8.017200469970703,0.09110455214977264,0.03725974261760712,3.6821584701538086,0.041842710226774216,-0.018495798110961914,2.0409297943115234,0.014682948589324951,-0.021924659609794617,-0.5106473565101624,0.010212946683168411,-0.005116453859955072,-0.1396106779575348,0.0027922135777771473
19,0.3799999915063381,0.6817469000816345,0.14327841997146606,0.0,287.8887939453125,0.0,287.8887939453125,0.0,1,0,0.061255332082509995,1.6528041362762451,0.21722450852394104,-0.299446165561676,-0.9290558695793152,0.10001865774393082,0.58138507604599,0.6589581966400146,1.8397897481918335,0.311799019575119,0.2189701795578003,0.7687501311302185,0.7314033508300781,0.1059887632727623,0.02050015889108181,0.10772070288658142,0.3904556632041931,1.5374089479446411,0.35292768478393555,-0.16016757488250732,0.04737110435962677,1.1298558712005615,-1.0300246477127075,0.1615586280822754,-0.09045566320419313,0.582775491476059,0.500553834438324,0.5314033508300782,-0.09045566320419313,0.3904556632041931,1.0,0.0,0.29070085287094116,0,0,0.20874500274658203,17.90071678161621,0.20341724157333374,0.5832533836364746,62.41832733154297,0.7092991471290588,-0.15311633050441742,-12.821052551269531,0.14569377899169922,-0.018555641174316406,-5.632754325866699,0.04052341356873512,-0.14000338315963745,-2.594381809234619,0.0518876351416111,0.06147415190935135,1.1125476360321045,0.022250952199101448,-0.08677679300308228,-9.286954879760742,0.10553357750177383,-0.0879388302564621,-8.482637405395508,0.09639360755681992,0.03614835441112518,3.1467838287353516,0.035758908838033676,-0.035211801528930664,3.8756189346313477,0.027882151305675507,-0.022164486348628998,-0.5090965628623962,0.010181930847465992,-0.003196689300239086,-0.09464558959007263,0.0018929117359220982
20,0.3999999910593033,0.6927472352981567,0.15453661978244781,0.0,281.0946044921875,0.0,281.0946044921875,0.0,1,0,0.03869054093956947,1.869768738746643,0.2088736593723297,-0.31945234537124634,-0.9242954850196838,0.1146729364991188,0.6047425270080566,0.6991583704948425,1.7920371294021606,0.33276495337486267,0.210423082113266,0.7740452289581299,0.7262756824493408,0.11551682651042938,0.032582346349954605,0.11494127660989761,0.4311677813529968,1.6039917469024658,0.3936896324157715,-0.16908517479896545,0.048211291432380676,0.9123229384422302,-1.2306132316589355,0.4754444360733032,-0.13116778135299684,0.5911263406276703,0.4805476546287537,0.5262756824493409,-0.13116778135299684,0.4311677813529968,1.0,0.0,0.2676449418067932,0,0,0.19255778193473816,14.898635864257812,0.16930268704891205,0.6101901531219482,64.4472427368164,0.7323550581932068,-0.147877037525177,-13.19312858581543,0.14992190897464752,-0.026311010122299194,-5.91926383972168,0.042584631592035294,-0.11094298958778381,-2.03287672996521,0.04065753519535065,0.04700683802366257,0.7570475935935974,0.015140951611101627,-0.08152002096176147,-10.750945091247559,0.12216982990503311,-0.09567014873027802,-8.657086372375488,0.09837598353624344,0.03412067890167236,3.1174137592315674,0.035425156354904175,-0.05956745147705078,5.665153503417969,0.040756501257419586,-0.026081517338752747,-0.619432806968689,0.012388655915856361,-0.0018232595175504684,-0.0467456579208374,0.0009349131723865867
21,0.41999999061226845,0.7023748159408569,0.1654931604862213,0.0,264.8370361328125,0.0,264.8370361328125,0.0,1,0,0.02906212769448757,2.0782063007354736,0.20028625428676605,-0.3361687660217285,-0.9202584028244019,0.12964999675750732,0.6276788711547852,0.732723593711853,1.725625991821289,0.35023799538612366,0.20165009796619415,0.7741163969039917,0.7211668491363525,0.12656380236148834,0.04615775868296623,0.12234468013048172,0.45927444100379944,1.7118401527404785,0.4101758301258087,-0.19620737433433533,0.06474144756793976,0.4965909719467163,-1.4094769954681396,0.8349663019180298,-0.15927444100379945,0.599713745713234,0.46383123397827153,0.5211668491363526,-0.15927444100379945,0.45927444100379944,1.0,0.0,0.2535741329193115,0,0,0.17212437093257904,11.405452728271484,0.1296074241399765,0.6311125755310059,65.68547821044922,0.7464258670806885,-0.15296214818954468,-14.199803352355957,0.16136139631271362,-0.03373923897743225,-6.790341377258301,0.048851378262043,-0.0802966058254242,-1.4060940742492676,0.028121881186962128,0.04033026099205017,0.6248671412467957,0.012497343122959137,-0.07499134540557861,-12.263032913208008,0.13935264945030212,-0.09241026639938354,-8.175493240356445,0.09290333092212677,0.043530672788619995,4.002155780792236,0.04547904431819916,-0.08116388320922852,8.563119888305664,0.06160517781972885,-0.025690868496894836,-0.6576381325721741,0.013152762316167355,-0.00781557708978653,-0.21672368049621582,0.004334473516792059
22,0.4399999901652336,0.7085867524147034,0.17409572005271912,0.0,192.7754364013672,211.30104064941406,192.7754364013672,211.30104064941406,1,1,0.03633321076631546,1.3847310543060303,0.1929756999015808,-0.34559670090675354,-0.9183259010314941,0.14478915929794312,0.6410424113273621,0.777837336063385,1.6321220397949219,0.3599390685558319,0.19419395923614502,0.77283775806427,0.7165342569351196,0.13927382230758667,0.06135658919811249,0.12991563975811005,0.4859622120857239,1.5218591690063477,0.41776806116104126,-0.2300080507993698,0.09340987354516983,0.8540893793106079,-1.1132787466049194,0.5892343521118164,-0.1859622120857239,0.6070243000984192,0.4544032990932465,0.5165342569351197,-0.1859622120857239,0.4859622120857239,1.0,0.0,0.2605699896812439,0,0,0.15334811806678772,8.831998825073242,0.10036361962556839,0.637906551361084,65.06983947753906,0.7394300103187561,-0.1492980569601059,-14.24189281463623,0.16183969378471375,-0.0317097008228302,-7.368193626403809,0.053008586168289185,-0.04363703727722168,-0.6949313879013062,0.013898627832531929,0.019276492297649384,0.14238609373569489,0.0028477218002080917,-0.05281412601470947,-13.260952949523926,0.1506926417350769,-0.08728966116905212,-7.917516708374023,0.08997178077697754,0.04308329522609711,4.587490081787109,0.0521305687725544,-0.14887464046478271,11.92038345336914,0.08575815707445145,-0.05223611742258072,-1.4193168878555298,0.02838633768260479,-0.017853282392024994,-0.4612199068069458,0.00922439806163311
23,0.4599999897181988,0.7701117396354675,0.18497705459594727,0.0,181.3953399658203,218.02804565429688,181.3953399658203,218.02804565429688,1,1,0.04072873294353485,0.44168078899383545,0.19366545975208282,-0.3381205201148987,-0.9209601879119873,0.1622224748134613,0.6358926892280579,0.806025505065918,2.1090729236602783,0.3518611490726471,0.19489698112010956,0.7626200914382935,0.7137381434440613,0.15476113557815552,0.07927118986845016,0.13821525871753693,0.522820234298706,1.7904918193817139,0.4556647837162018,-0.24070705473423004,0.08815157413482666,1.7881739139556885,-0.06339685618877411,0.06538915634155273,-0.22282023429870607,0.6063345402479172,0.46187947988510136,0.5137381434440613,-0.22282023429870607,0.522820234298706,1.0,0.0,0.3162956237792969,0,0,0.12675762176513672,6.2926249504089355,0.07150710374116898,0.6193247437477112,60.165985107421875,0.6837043762207031,-0.1542910784482956,-15.379855155944824,0.17477108538150787,-0.04342201352119446,-9.350817680358887,0.06727206707000732,-0.0009594857692718506,0.18151533603668213,0.0036303068045526743,0.01692003756761551,0.06946472823619843,0.001389294513501227,-0.05965346097946167,-16.723644256591797,0.1900414079427719,-0.09277094900608063,-11.460662841796875,0.13023480772972107,0.1075374037027359,14.545185089111328,0.16528619825839996,-0.31255215406417847,-54.65629959106445,0.3932107985019684,0.06745542585849762,1.7413595914840698,0.03482719138264656,0.16673332452774048,4.001580238342285,0.08003160357475281
24,0.47999998927116394,0.8342843651771545,0.19776691496372223,0.0,80.01542663574219,193.4274139404297,80.01542663574219,193.4274139404297,1,1,0.0764351338148117,0.7016785740852356,0.21670001745224,-0.3185838460922241,-0.9227921366691589,0.1753210574388504,0.6234024167060852,0.8830345869064331,2.7461678981781006,0.33242708444595337,0.21843288838863373,0.7556338310241699,0.7128138542175293,0.17213480174541473,0.1012011170387268,0.14504659175872803,0.5636631846427917,1.850810170173645,0.49707087874412537,-0.24470460414886475,0.10371306538581848,1.7602825164794922,-0.010491698980331421,0.5716586112976074,-0.26366318464279176,0.58329998254776,0.4814161539077759,0.5128138542175293,-0.26366318464279176,0.5636631846427917,1.0,0.0,0.12429839372634888,0,0,0.11930230259895325,6.300761699676514,0.0715995654463768,0.5730487704277039,53.4528923034668,0.6074192523956299,-0.16752173006534576,-16.612775802612305,0.18878154456615448,-0.039411723613739014,-4.966245174407959,0.03572838380932808,0.032546669244766235,0.7802094221115112,0.015604188665747643,0.03429226204752922,0.4709756374359131,0.009419512934982777,-0.09883183240890503,-24.504810333251953,0.278463751077652,-0.1656533181667328,-22.465059280395508,0.25528475642204285,0.13809940218925476,15.607060432434082,0.17735296487808228,-0.36498838663101196,-49.12200164794922,0.3533957004547119,0.2883206307888031,6.886115074157715,0.13772229850292206,0.15643617510795593,3.5982656478881836,0.07196531444787979
25,0.4999999888241291,0.9292710423469543,0.212940514087677,0.0,22.899837493896484,125.13723754882812,22.899837493896484,125.13723754882812,1,1,0.22876021265983582,0.5821091532707214,0.24720904231071472,-0.31891828775405884,-0.9149748682975769,0.1901504248380661,0.6279582977294922,0.9476443529129028,3.7707414627075195,0.33538618683815,0.24979883432388306,0.7682634592056274,0.7094846963882446,0.18948861956596375,0.1264045238494873,0.1476171910762787,0.6072495579719543,1.675775170326233,0.5386383533477783,-0.24494129419326782,0.13647152483463287,1.3877577781677246,-0.18250882625579834,0.9214343428611755,-0.30724955797195436,0.5527909576892853,0.4810817122459412,0.5094846963882447,-0.30724955797195436,0.6072495579719543,1.0,0.0,0.3735771179199219,0,0,0.12473058700561523,5.630690097808838,0.06398511677980423,0.5345882177352905,50.39148712158203,0.5726305246353149,-0.1638348400592804,-17.040739059448242,0.19364476203918457,-0.029281675815582275,0.2146310806274414,0.0015441084979102015,0.05638805031776428,1.178222894668579,0.023564457893371582,0.057705335319042206,1.0807486772537231,0.02161497436463833,-0.15875869989395142,-34.524898529052734,0.3923283815383911,-0.242853045463562,-29.817956924438477,0.33884042501449585,0.14485907554626465,14.502561569213867,0.16480183601379395,-0.3122062683105469,-18.43219757080078,0.13260573148727417,0.5349283218383789,12.029619216918945,0.24059239029884338,0.12365084886550903,2.5398738384246826,0.0507974773645401
26,0.5199999883770943,1.0053635835647583,0.22728407382965088,0.0,22.19186782836914,472.6090393066406,22.19186782836914,472.6090393066406,1,1,0.4178607761859894,0.28291749954223633,0.2827185094356537,-0.33636996150016785,-0.8982900381088257,0.20719721913337708,0.6580856442451477,0.9035836458206177,5.624627590179443,0.35829347372055054,0.28662705421447754,0.7902065515518188,0.7029036283493042,0.20582608878612518,0.15144552290439606,0.14656594395637512,0.6359603404998779,1.0207312107086182,0.5607030987739563,-0.25258299708366394,0.16204755008220673,0.7920725345611572,-0.43606728315353394,0.4736652374267578,-0.33596034049987794,0.5172814905643464,0.4636300384998322,0.5029036283493042,-0.33596034049987794,0.6359603404998779,1.0,0.0,0.44214606285095215,0,0,0.14126338064670563,3.961419105529785,0.045016124844551086,0.5101473331451416,49.091148376464844,0.5578539371490479,-0.15945792198181152,-16.127424240112305,0.18326617777347565,-0.02043473720550537,3.386709213256836,0.024364814162254333,0.07456016540527344,1.4698368310928345,0.02939673699438572,0.08553803712129593,1.9178836345672607,0.03835767135024071,-0.21464121341705322,-42.312904357910156,0.4808284640312195,-0.31013527512550354,-34.36479187011719,0.3905090093612671,0.11958339065313339,10.371042251586914,0.11785275489091873,-0.21179869771003723,7.9572296142578125,0.05724625661969185,0.6826969385147095,14.70044994354248,0.2940090000629425,0.09053841233253479,1.2448697090148926,0.024897394701838493
27,0.5399999879300594,1.0154675245285034,0.2369309812784195,0.0,32.03040313720703,88.47099304199219,32.03040313720703,88.47099304199219,1,1,0.08262516558170319,0.03929969668388367,0.32032057642936707,-0.332136332988739,-0.8871755599975586,0.22407224774360657,0.6789174675941467,0.8251460790634155,6.486100673675537,0.3582226634025574,0.32606786489486694,0.8032416105270386,0.6989937424659729,0.2199820578098297,0.1731170415878296,0.1436230093240738,0.6509810090065002,0.38981661200523376,0.5694960951805115,-0.26838672161102295,0.16558684408664703,0.27349063754081726,-0.2771633565425873,0.01844824105501175,-0.35098100900650026,0.479679423570633,0.46786366701126103,0.4989937424659729,-0.35098100900650026,0.6509810090065002,1.0,0.0,0.3785024881362915,0,0,0.16373692452907562,3.9825706481933594,0.04525648429989815,0.4702078402042389,44.16068649291992,0.5018259882926941,-0.15507014095783234,-13.366490364074707,0.15189193189144135,-0.011044114828109741,6.706231117248535,0.048246268182992935,0.08955469727516174,1.6627531051635742,0.033255062997341156,0.11044660210609436,2.2815709114074707,0.045631419867277145,-0.21855401992797852,-39.01469421386719,0.44334879517555237,-0.3825989067554474,-41.501609802246094,0.4716092050075531,0.14022746682167053,19.652944564819336,0.22332891821861267,-0.18192461133003235,-5.665500640869141,0.040758997201919556,0.6354065537452698,12.305699348449707,0.24611398577690125,0.2764461040496826,6.326233386993408,0.1265246719121933
28,0.5599999874830246,0.9842907786369324,0.24498754739761353,0.0,26.561647415161133,87.96577453613281,26.561647415161133,87.96577453613281,1,1,0.5321828722953796,0.37558287382125854,0.36918216943740845,-0.3227351903915405,-0.8715196251869202,0.24184897541999817,0.7036274671554565,0.8887075781822205,7.9952616691589355,0.35465532541275024,0.37812885642051697,0.8170212507247925,0.6946939826011658,0.2349650263786316,0.19430720806121826,0.14073680341243744,0.6506877541542053,0.1465827226638794,0.5675599575042725,-0.26998233795166016,0.16846303641796112,-0.060506775975227356,0.058713823556900024,-0.11990876495838165,-0.35068775415420533,0.4308178305625916,0.4772648096084595,0.49469398260116576,-0.35068775415420533,0.6506877541542053,1.0,0.0,0.1166008710861206,0,0,0.1939370185136795,3.2243165969848633,0.03663996234536171,0.4288756549358368,37.57750701904297,0.42701712250709534,-0.1337752342224121,-9.221915245056152,0.10479449480772018,-0.0008197426795959473,13.710142135620117,0.09863411635160446,0.10321816802024841,1.781080961227417,0.03562162071466446,0.1252693235874176,2.865220069885254,0.05730440095067024,-0.20923936367034912,-39.11912536621094,0.4445355236530304,-0.4343421459197998,-49.444339752197266,0.5618674755096436,0.13817697763442993,13.129613876342773,0.14920015633106232,-0.14288648962974548,-5.104883193969727,0.03672577813267708,0.6383069157600403,12.726743698120117,0.25453487038612366,0.12213028222322464,2.5826478004455566,0.05165295675396919
29,0.5799999870359898,0.9562109112739563,0.2515464425086975,0.043478261679410934,10.356832504272461,87.35151672363281,10.356832504272461,87.35151672363281,1,1,0.9295792579650879,0.500116765499115,0.41852307319641113,-0.31453612446784973,-0.8520006537437439,0.2616540491580963,0.7388572692871094,0.967532217502594,8.59756851196289,0.35365280508995056,0.43181848526000977,0.8385339379310608,0.6888906955718994,0.25042030215263367,0.21578189730644226,0.13654668629169464,0.6418728232383728,0.3867718577384949,0.5618315935134888,-0.26275384426116943,0.16524648666381836,-0.28953975439071655,0.1944531947374344,-0.16717398166656494,-0.3418728232383728,0.3814769268035889,0.4854638755321503,0.4888906955718994,-0.3418728232383728,0.6418728232383728,1.0,0.0,0.0,0,0,0.22414928674697876,3.963695526123047,0.045041993260383606,0.3774067759513855,32.22187042236328,0.3661576211452484,-0.10992800444364548,-5.663421630859375,0.06435706466436386,0.01036059856414795,18.18012809753418,0.1307922899723053,0.11895129084587097,1.986003041267395,0.03972006216645241,0.08736905455589294,2.2065742015838623,0.044131483882665634,-0.1897333860397339,-38.76612854003906,0.4405241906642914,-0.4815995991230011,-51.561180114746094,0.5859224796295166,0.12516263127326965,14.126815795898438,0.16053199768066406,-0.09718620777130127,2.2626876831054688,0.016278328374028206,0.6221230626106262,12.647760391235352,0.25295519828796387,-0.040239155292510986,-1.26725435256958,0.0253450870513916
30,0.5999999865889549,0.9237353205680847,0.26189929246902466,0.043478261679410934,2.659316062927246,93.29459381103516,2.659316062927246,93.29459381103516,1,1,1.3200148344039917,0.30830392241477966,0.4570315182209015,-0.31632715463638306,-0.8312995433807373,0.2838834226131439,0.778557300567627,1.0766133069992065,8.117213249206543,0.3636023700237274,0.474654883146286,0.8769291043281555,0.6807117462158203,0.2665537893772125,0.23775537312030792,0.13098978996276855,0.6336649656295776,0.438621461391449,0.5539776086807251,-0.26115384697914124,0.1626000851392746,-0.33538201451301575,0.05537565052509308,-0.2772024869918823,-0.33366496562957765,0.34296848177909856,0.483672845363617,0.4807117462158203,-0.33366496562957765,0.6336649656295776,1.0,0.0,0.0,0,0,0.2426753044128418,4.7591705322265625,0.05408148467540741,0.3168761134147644,24.985504150390625,0.28392618894577026,-0.08534064143896103,-3.917304515838623,0.04451482370495796,0.019168883562088013,20.5976505279541,0.14818453788757324,0.11266511678695679,1.8364238739013672,0.03672847896814346,0.028893325477838516,0.6467924118041992,0.012935847975313663,-0.1599394679069519,-34.44291305541992,0.39139673113822937,-0.5246917009353638,-56.85001754760742,0.6460229158401489,0.10882405191659927,10.168296813964844,0.11554882675409317,-0.058851540088653564,5.899505615234375,0.04244248569011688,0.5893340110778809,11.682832717895508,0.23365665972232819,-0.07086555659770966,-1.5227503776550293,0.030455008149147034
31,0.6199999861419201,0.8915126323699951,0.2738361954689026,0.043478261679410934,0.0,104.45134735107422,0.0,104.45134735107422,0,1,1.63435697555542,0.26032641530036926,0.4872225821018219,-0.32996630668640137,-0.808539628982544,0.30518943071365356,0.8167176246643066,1.1539868116378784,7.8693952560424805,0.38747093081474304,0.5089064836502075,0.9335470199584961,0.6698007583618164,0.28414595127105713,0.26040318608283997,0.12532877922058105,0.6244540214538574,0.5311010479927063,0.5452711582183838,-0.26056066155433655,0.15725891292095184,-0.42454952001571655,0.04485738277435303,-0.3159332871437073,-0.3700866222381592,0.31277741789817814,0.4700336933135987,0.4698007583618164,-0.3700866222381592,0.6700866222381592,1.0,0.0,0.0,0,0,0.255542516708374,6.666158676147461,0.07575180381536484,0.24724017083644867,16.76898765563965,0.19055667519569397,-0.060986749827861786,-6.463459491729736,0.07344840466976166,0.02476818859577179,23.835927963256836,0.17148149013519287,0.05808338522911072,0.32280123233795166,0.00645602447912097,0.02007262408733368,0.7304980158805847,0.014609959907829762,-0.12127113342285156,-27.607099533081055,0.3137170374393463,-0.5457980632781982,-57.55733108520508,0.6540606021881104,0.11041891574859619,10.706314086914062,0.12166266143321991,-0.047310829162597656,0.6078615188598633,0.004373104311525822,0.5672439932823181,11.4165620803833,0.22833123803138733,-0.070807546377182,-1.4967516660690308,0.02993503399193287
32,0.6399999856948853,0.886161744594574,0.28748124837875366,0.043478261679410934,0.0,129.146484375,0.0,129.146484375,0,1,1.7705416679382324,0.17744722962379456,0.5101572871208191,-0.3566959798336029,-0.7826282978057861,0.3315141499042511,0.8681879043579102,1.2343271970748901,7.908357620239258,0.4276391565799713,0.5353676676750183,1.0018479824066162,0.6556829214096069,0.30350732803344727,0.2838923931121826,0.12022121250629425,0.6139478087425232,0.5503911375999451,0.5358938574790955,-0.2588375508785248,0.1508404165506363,-0.454667866230011,0.028806835412979126,-0.30883273482322693,-0.41398329734802247,0.28984271287918095,0.44330402016639714,0.4556829214096069,-0.41398329734802247,0.7139832973480225,1.0,0.0,0.0,0,0,0.26192906498908997,5.406938552856445,0.061442483216524124,0.18366193771362305,9.48422622680664,0.10777530074119568,-0.039059609174728394,-11.154913902282715,0.12676037847995758,0.02500404417514801,27.849435806274414,0.2003556489944458,-0.0040242671966552734,-1.2456687688827515,0.024913376197218895,-0.0018646903336048126,0.1857043206691742,0.00371408648788929,-0.08418065309524536,-23.317346572875977,0.2649698555469513,-0.5549874305725098,-58.47523880004883,0.6644913554191589,0.11134444922208786,7.234886169433594,0.08221461623907089,-0.034692078828811646,-1.6337566375732422,0.011753644794225693,0.5795760750770569,11.759464263916016,0.235189288854599,-0.08092187345027924,-1.5931787490844727,0.03186357393860817
33,0.6599999852478504,0.8980461955070496,0.3042604327201843,0.043478261679410934,0.0,147.03033447265625,0.0,147.03033447265625,0,1,1.7264902591705322,0.06776058673858643,0.5213912129402161,-0.39780640602111816,-0.7549175024032593,0.3588482737541199,0.9233578443527222,1.3037359714508057,8.47784423828125,0.48497703671455383,0.5484805107116699,1.0812568664550781,0.6383158564567566,0.3243100345134735,0.30799227952957153,0.11580681800842285,0.6047263741493225,0.570319652557373,0.5275691747665405,-0.2566511034965515,0.14661161601543427,-0.4796862006187439,-0.028391029685735703,-0.3071799874305725,-0.4598899006843567,0.278608787059784,0.4021935939788819,0.4383158564567566,-0.4598899006843567,0.7598899006843567,1.0,0.0,0.0,0,0,0.25859373807907104,1.300750732421875,0.014781258068978786,0.12565377354621887,2.900705337524414,0.03296256065368652,-0.01456604152917862,-17.126760482788086,0.19462227821350098,0.020592018961906433,33.254966735839844,0.23924437165260315,-0.014474868774414062,-1.4061834812164307,0.02812366932630539,-0.0009934380650520325,0.40857231616973877,0.008171446621418,-0.051704466342926025,-20.937700271606445,0.23792840540409088,-0.5497726798057556,-58.49190902709961,0.6646807789802551,0.11281785368919373,3.0027828216552734,0.0341225303709507,-0.027066588401794434,-3.353278160095215,0.024124303832650185,0.6207683682441711,12.594918251037598,0.2518983781337738,-0.07802717387676239,-1.2163728475570679,0.024327456951141357
34,0.6799999848008156,0.9232103228569031,0.32330572605133057,0.043478261679410934,0.0,362.82049560546875,0.0,362.82049560546875,0,1,1.6411532163619995,0.14977891743183136,0.5220514535903931,-0.4498860239982605,-0.7246135473251343,0.38681381940841675,0.9811787009239197,1.3739689588546753,8.978129386901855,0.5556191205978394,0.5492544174194336,1.1654382944107056,0.6179701685905457,0.3461414575576782,0.3324466645717621,0.1120513528585434,0.5982328653335571,0.667755126953125,0.5215187668800354,-0.25577425956726074,0.14310911297798157,-0.5080804824829102,-0.1920890361070633,-0.3883979022502899,-0.5083199858665466,0.277948546409607,0.35011397600173955,0.41797016859054564,-0.5083199858665466,0.8083199858665466,1.0,0.0,0.0,0,0,0.24608324468135834,-5.079822540283203,0.05772525444626808,0.07182776927947998,-4.043037414550781,0.04594360664486885,0.00787053257226944,-26.534120559692383,0.3015241026878357,0.01715053617954254,41.860618591308594,0.30115553736686707,0.003021419048309326,-1.2283425331115723,0.024566851556301117,-0.006041195243597031,0.5157754421234131,0.01031550858169794,-0.021727919578552246,-20.213443756103516,0.22969822585582733,-0.532463550567627,-55.43531036376953,0.6299467086791992,0.11552251875400543,7.419417381286621,0.08431155979633331,-0.028624147176742554,-4.900461673736572,0.03525511920452118,0.6842302680015564,14.127350807189941,0.2825470268726349,-0.04539826512336731,-1.2535110712051392,0.025070222094655037
35,0.6999999843537807,0.9439120888710022,0.34319618344306946,0.043478261679410934,0.0,279.548095703125,0.0,279.548095703125,0,1,1.448438286781311,0.24967433512210846,0.5137341618537903,-0.5066026449203491,-0.6924095153808594,0.41707172989845276,1.041893720626831,1.4205628633499146,9.894218444824219,0.6316545009613037,0.5395315885543823,1.2460529804229736,0.595908522605896,0.36872154474258423,0.3573310375213623,0.1081855297088623,0.5895631909370422,0.7493972182273865,0.512398362159729,-0.2599775791168213,0.13207712769508362,-0.5571333765983582,-0.2871048152446747,-0.41081559658050537,-0.5586467504501342,0.28626583814620976,0.2933973550796509,0.395908522605896,-0.5586467504501342,0.8586467504501343,1.0,0.0,0.0,0,0,0.22705595195293427,-10.247220993041992,0.11644569039344788,0.02542385458946228,-9.169723510742188,0.10420140624046326,0.034903861582279205,-32.5644416809082,0.37005046010017395,0.01081816852092743,47.13102722167969,0.3390721380710602,0.007126331329345703,-1.4797219038009644,0.029594438150525093,-0.013977810740470886,0.5390247702598572,0.010780495591461658,0.00614243745803833,-17.059112548828125,0.19385355710983276,-0.5066015720367432,-54.796932220458984,0.6226924061775208,0.14015664160251617,5.107240200042725,0.058036819100379944,-0.036721616983413696,-7.7783989906311035,0.055959705263376236,0.7330032587051392,14.54946231842041,0.2909892499446869,0.05810286104679108,1.615185260772705,0.03230370581150055
36,0.7199999839067459,0.9825152158737183,0.3653070330619812,0.043478261679410934,0.0,170.62130737304688,0.0,170.62130737304688,0,1,1.2348074913024902,0.492837518453598,0.4959565997123718,-0.5728671550750732,-0.6525717973709106,0.4489805996417999,1.1141581535339355,1.4657725095748901,11.554343223571777,0.7204478979110718,0.5189360976219177,1.328974723815918,0.5718551874160767,0.3921143114566803,0.38270920515060425,0.1043897345662117,0.5821316838264465,1.0010212659835815,0.503764271736145,-0.2652719020843506,0.1213660016655922,-0.6511693596839905,-0.5607876181602478,-0.5133606195449829,-0.613083016872406,0.3040434002876282,0.2271328449249268,0.37185518741607665,-0.613083016872406,0.913083016872406,1.0,0.0,0.0,0,0,0.21288137137889862,-19.172605514526367,0.21787051856517792,-0.007249787449836731,-15.61148452758789,0.17740322649478912,0.06838558614253998,-48.5197868347168,0.5513612031936646,0.0006960928440093994,59.677337646484375,0.429333359003067,0.002309858798980713,-2.171846389770508,0.0434369295835495,-0.018993224948644638,0.8479806780815125,0.01695961318910122,0.0300673246383667,-16.128246307373047,0.1832755208015442,-0.46648338437080383,-53.57749938964844,0.6088352203369141,0.16910618543624878,5.490792274475098,0.0623953677713871,-0.04329496622085571,-9.432777404785156,0.06786170601844788,0.7976072430610657,13.899425506591797,0.2779885232448578,0.10358432680368423,1.9413906335830688,0.038827814161777496
37,0.7399999834597111,0.9948280453681946,0.3893330693244934,0.08695652335882187,0.0,193.30960083007812,0.0,193.30960083007812,0,1,0.8934608697891235,0.6223084330558777,0.463258296251297,-0.6497665047645569,-0.6026564836502075,0.482374906539917,1.1959939002990723,1.5653129816055298,14.956793785095215,0.8229954838752747,0.48166829347610474,1.410771369934082,0.545276403427124,0.4160311818122864,0.4084160029888153,0.10032489895820618,0.5751131176948547,1.184244155883789,0.4932961165904999,-0.2734835147857666,0.11234231293201447,-0.7920102477073669,-0.7455429434776306,-0.4683160185813904,-0.6703857898712158,0.33674170374870305,0.15023349523544316,0.345276403427124,-0.6703857898712158,0.9703857898712158,1.0,0.0,0.0,0,0,0.20089296996593475,-34.24351501464844,0.3891308605670929,-0.023432016372680664,-19.71071434020996,0.22398538887500763,0.11277765035629272,-72.1036376953125,0.819359540939331,-0.01749594509601593,80.98210144042969,0.5826050639152527,0.005019485950469971,-3.040435791015625,0.06080871447920799,-0.026170991361141205,1.193579912185669,0.02387159876525402,0.0507432222366333,-17.537723541259766,0.19929231703281403,-0.4143678545951843,-55.889076232910156,0.635103166103363,0.17254328727722168,-16.370893478393555,0.18603287637233734,-0.033666133880615234,-11.138008117675781,0.08012955635786057,0.8419188857078552,15.518485069274902,0.31036970019340515,0.04131847620010376,1.3219280242919922,0.026438560336828232
38,0.7599999830126762,0.9861792922019958,0.41484197974205017,0.08695652335882187,0.0,182.9324951171875,0.0,182.9324951171875,0,1,1.0111759901046753,0.9162395596504211,0.41666746139526367,-0.7278658151626587,-0.5446094274520874,0.51823490858078,1.2846542596817017,1.6458536386489868,16.393156051635742,0.928430438041687,0.42977631092071533,1.4817386865615845,0.5161409378051758,0.4401232898235321,0.43412768840789795,0.09593404829502106,0.570708155632019,1.5191062688827515,0.48114490509033203,-0.28902390599250793,0.10330807417631149,-0.8161100745201111,-1.098300576210022,-0.65983647108078,-0.7307341814041137,0.3833325386047364,0.07213418483734135,0.31614093780517577,-0.7307341814041137,1.0307341814041138,1.0,0.0,0.0,0,0,0.18775931000709534,-43.47303771972656,0.494011789560318,-0.04061432182788849,-22.623859405517578,0.2570893168449402,0.1238778680562973,-83.92704772949219,0.9537164568901062,-0.02741079032421112,99.18695068359375,0.7135751843452454,-0.0011562108993530273,-4.00700569152832,0.0801401138305664,-0.01999826356768608,1.3742221593856812,0.02748444303870201,0.0668986439704895,-16.776662826538086,0.19064389169216156,-0.360720157623291,-56.07540512084961,0.6372205018997192,0.1608148217201233,-29.284645080566406,0.33278006315231323,-0.01825210452079773,-1.1789367198944092,0.008481559343636036,0.8576462864875793,14.327360153198242,0.2865472137928009,-0.03681761026382446,-1.58951997756958,0.03179039806127548
39,0.7799999825656414,0.9354318380355835,0.44026613235473633,0.08695652335882187,0.0,246.03024291992188,0.0,246.03024291992188,0,1,1.357209324836731,0.7828728556632996,0.3520411252975464,-0.8038608431816101,-0.4794524312019348,0.5557914972305298,1.3810514211654663,1.7344999313354492,17.15872573852539,1.0330007076263428,0.3597509264945984,1.5447410345077515,0.484915554523468,0.46404829621315,0.4593821167945862,0.09189121425151825,0.5668274164199829,1.4664251804351807,0.4696706533432007,-0.30288195610046387,0.09468541294336319,-0.8948824405670166,-1.0278505086898804,-0.5413976907730103,-0.7922373533248901,0.44795887470245366,-0.003860843181610063,0.284915554523468,-0.7922373533248901,1.0922373533248901,1.0,0.0,0.0,0,0,0.1742318570613861,-44.97031021118164,0.5110262632369995,-0.04958491027355194,-21.801738739013672,0.2477470338344574,0.13583776354789734,-82.81221771240234,0.9410479068756104,-0.03229531645774841,101.25352478027344,0.7284426093101501,-0.0009808540344238281,-4.129103660583496,0.08258207142353058,-0.0166315920650959,1.315044641494751,0.026300892233848572,0.0811164379119873,-12.409821510314941,0.14102070033550262,-0.3049144148826599,-53.80515670776367,0.6114222407341003,0.1233939379453659,-47.44023513793945,0.539093554019928,-0.0007325708866119385,-2.942148208618164,0.02116653323173523,0.8254931569099426,13.160449981689453,0.2632089853286743,0.018595963716506958,1.6327614784240723,0.032655227929353714
40,0.7999999821186066,0.8720516562461853,0.4672313332557678,0.08695652335882187,0.0,222.91928100585938,0.0,222.91928100585938,0,1,1.8023439645767212,0.7384987473487854,0.2743759751319885,-0.8694969415664673,-0.41072219610214233,0.5950024127960205,1.4817357063293457,1.8296891450881958,17.055883407592773,1.12949800491333,0.2779407203197479,1.594238519668579,0.45182502269744873,0.4878212511539459,0.4842110276222229,0.08841909468173981,0.5597811341285706,1.5533844232559204,0.448656290769577,-0.3231656849384308,0.08732934296131134,-0.9950965046882629,-1.047282338142395,-0.5709516406059265,-0.8611465215682983,0.5256240248680115,-0.06949694156646724,0.2518250226974487,-0.8611465215682983,1.1611465215682983,1.0,0.0,0.0,0,0,0.1575513482093811,-47.703468322753906,0.5420848727226257,-0.05230605602264404,-21.406021118164062,0.24325023591518402,0.1445126235485077,-81.9788818359375,0.9315782189369202,-0.03054066002368927,103.22938537597656,0.7426574230194092,0.006409972906112671,-3.9760749340057373,0.07952149957418442,-0.017349693924188614,1.2578028440475464,0.025156056508421898,0.09139883518218994,-10.85029411315918,0.12329879403114319,-0.24015642702579498,-47.585205078125,0.540740966796875,0.0940764993429184,-51.56548309326172,0.5859714150428772,0.015638262033462524,-4.525970458984375,0.032560937106609344,0.7779055833816528,12.505574226379395,0.25011149048805237,0.024744123220443726,1.7336785793304443,0.03467357158660889
41,0.8199999816715717,0.7622488141059875,0.4942323565483093,0.043478261679410934,0.0,196.84559631347656,0.0,196.84559631347656,0,1,2.229944944381714,0.7013677954673767,0.1906486451625824,-0.9217663407325745,-0.33763790130615234,0.6353451013565063,1.578836441040039,1.9652398824691772,16.721946716308594,1.219679594039917,0.1918228715658188,1.625071406364441,0.4161526560783386,0.511726975440979,0.5090295076370239,0.08506686985492706,0.5522562265396118,1.6368101835250854,0.43028098344802856,-0.3375949263572693,0.0766478180885315,-1.0558844804763794,-1.061091423034668,-0.6620730757713318,-0.9291344404220581,0.6093513548374176,-0.12176634073257442,0.2161526560783386,-0.9291344404220581,1.229134440422058,1.0,0.0,0.0,0,0,0.13787618279457092,-49.88235092163086,0.5668448805809021,-0.05429324507713318,-21.110326766967773,0.23989008367061615,0.14594927430152893,-81.86534118652344,0.9302879571914673,-0.027909591794013977,103.48095703125,0.7444673180580139,0.013630002737045288,-3.8377223014831543,0.07675444334745407,-0.018667135387659073,1.227720856666565,0.02455441653728485,0.09356707334518433,-9.452445983886719,0.10741415619850159,-0.1763496845960617,-41.973358154296875,0.47696998715400696,0.069833904504776,-53.91010284423828,0.6126148104667664,0.03049713373184204,-4.703842639923096,0.033840592950582504,0.6774700880050659,10.083396911621094,0.2016679346561432,0.015870779752731323,1.0129473209381104,0.0202589463442564
42,0.8399999812245369,0.6162484884262085,0.5220134258270264,0.043478261679410934,0.0,116.9026870727539,0.0,116.9026870727539,0,1,2.589757204055786,0.7811319231987,0.10214528441429138,-0.9617836475372314,-0.2540445923805237,0.6804212331771851,1.6842691898345947,2.1144533157348633,16.308727264404297,1.3125553131103516,0.1023237556219101,1.633957862854004,0.37682196497917175,0.5357131361961365,0.5339194536209106,0.0810699388384819,0.5430784225463867,1.954404592514038,0.4059760272502899,-0.35492825508117676,0.06437082588672638,-1.3284416198730469,-1.2204856872558594,-0.7519007921218872,-1.0019732236862182,0.6978547155857087,-0.1617836475372314,0.17682196497917174,-1.0019732236862182,1.3019732236862183,1.0,0.0,0.0,0,0,0.11290367692708969,-51.2314567565918,0.5821756720542908,-0.04465590417385101,-19.895004272460938,0.22607959806919098,0.14979776740074158,-81.409423828125,0.9251070618629456,-0.030786529183387756,100.55814361572266,0.7234398722648621,0.009580254554748535,-3.9046449661254883,0.07809290289878845,-0.017399698495864868,1.2236366271972656,0.024472732096910477,0.09213030338287354,-7.552286624908447,0.08582144230604172,-0.10501992702484131,-35.55146026611328,0.4039938747882843,0.06240531802177429,-53.27040100097656,0.6053454875946045,0.06127944588661194,-4.078289031982422,0.029340209439396858,0.534467875957489,9.539970397949219,0.19079941511154175,0.0347309410572052,1.2484233379364014,0.0249684676527977
43,0.8599999807775021,0.43539074063301086,0.5493999719619751,0.043478261679410934,0.0,0.0,0.0,0.0,0,0,2.89428448677063,0.9458007216453552,0.011705458164215088,-0.986476719379425,-0.1634819507598877,0.7270101308822632,1.7851581573486328,2.2650797367095947,16.142648696899414,1.4065659046173096,0.011705725453794003,1.6247893571853638,0.3335230350494385,0.559626042842865,0.5586443543434143,0.0769437849521637,0.5317091941833496,1.852314829826355,0.3752429783344269,-0.3735111355781555,0.0489572212100029,-1.0262454748153687,-1.3736159801483154,-0.700763463973999,-1.0718504905700683,0.788294541835785,-0.186476719379425,0.13352303504943847,-1.0718504905700683,1.3718504905700684,1.0,0.0,0.0,0,0,0.08848551660776138,-52.13372802734375,0.5924287438392639,-0.03789682686328888,-19.42105484008789,0.22069381177425385,0.16506122052669525,-79.8091049194336,0.9069216251373291,-0.03643462061882019,98.79890441894531,0.7107834815979004,0.00420263409614563,-4.023677825927734,0.08047355711460114,-0.01178615540266037,1.2802423238754272,0.025604845955967903,0.08984988927841187,-4.862138748168945,0.055251576006412506,-0.03356064856052399,-29.436080932617188,0.33450090885162354,0.05246970057487488,-54.33031463623047,0.6173899173736572,0.0670081079006195,-5.170856475830078,0.037200406193733215,0.3276935815811157,6.720710754394531,0.1344142109155655,0.013167545199394226,0.822181224822998,0.01644362509250641
44,0.8799999803304672,0.29430434107780457,0.5806863903999329,0.1304347813129425,0.0,0.0,0.0,0.0,0,0,3.665400266647339,0.3882993459701538,-0.08164885640144348,-0.9949250221252441,-0.05880022048950195,0.7793996930122375,1.9018265008926392,2.950361728668213,17.754858016967773,1.5117647647857666,-0.08173985034227371,1.6045312881469727,0.2829890251159668,0.58506840467453,0.584596574306488,0.07458924502134323,0.521746814250946,1.6391619443893433,0.3419163227081299,-0.3922661542892456,0.03795010596513748,-1.1948128938674927,-0.8738603591918945,-0.7040186524391174,-47.528011322021484,0.7183511435985566,-0.1949250221252441,0.08298902511596679,-1.135293674468994,1.4352936744689941,-47.528011322021484,48.528011322021484,0.0,0,0,0.07647640258073807,-53.57204818725586,0.6087732911109924,-0.024772435426712036,-14.971044540405273,0.17012549936771393,0.17846643924713135,-79.07166290283203,0.8985416293144226,-0.03852812945842743,105.89561462402344,0.761838972568512,-0.008437961339950562,-4.589275360107422,0.0917855054140091,-0.0017190054059028625,1.276986837387085,0.025539737194776535,0.0962209701538086,0.7132706642150879,0.00810534879565239,0.04764646291732788,-21.445072174072266,0.243694007396698,0.0390654057264328,-61.557403564453125,0.6995159387588501,0.07217371463775635,-10.285043716430664,0.07399311661720276,-0.009888730943202972,-2.025639057159424,0.04051278159022331,0.019594945013523102,-0.566827654838562,0.011336552910506725
45,0.8999999798834324,0.47668513655662537,0.6111693382263184,0.1304347813129425,0.0,0.0,0.0,0.0,0,0,3.667710781097412,0.8221180438995361,-0.1748056411743164,-0.9845281839370728,-0.012125611305236816,0.8345784544944763,1.962877869606018,2.7745120525360107,16.207494735717773,1.5584807395935059,-0.1757083684206009,1.5741453170776367,0.23143073916435242,0.6160345077514648,0.6156768202781677,0.07550862431526184,0.4894244074821472,2.2247824668884277,0.29046159982681274,-0.3929956555366516,0.026883386075496674,-2.1394667625427246,-0.2626340389251709,-0.5507833361625671,-1.1891390800476074,0.6251943588256836,-0.1845281839370727,0.031430739164352406,-1.1891390800476074,1.4891390800476074,1.0,0.0,0.0,0,0,0.07835246622562408,-50.8690071105957,0.5780568718910217,-0.09417228400707245,-34.551666259765625,0.3926325738430023,0.1941424310207367,-76.94479370117188,0.874372661113739,-0.040667444467544556,97.98590850830078,0.7049345970153809,0.008290916681289673,-3.708613634109497,0.07417227327823639,-0.02077344059944153,0.9974997639656067,0.01994999498128891,0.06534773111343384,-7.432088851928711,0.08445555716753006,0.06079576909542084,-27.89091682434082,0.3169422447681427,0.04405553638935089,-53.54637908935547,0.6084815859794617,0.06293398141860962,-6.769847869873047,0.04870394244790077,-0.08211362361907959,-2.077669143676758,0.04155338183045387,0.01697123795747757,-1.2581515312194824,0.02516303025186062
