step,motion_time_s,joint_err_norm,lower_body_err,torque_clip_ratio,left_foot_contact_z,right_foot_contact_z,left_foot_contact_norm,right_foot_contact_norm,left_foot_contact_flag,right_foot_contact_flag,left_foot_slip_xy,right_foot_slip_xy,left_foot_x,left_foot_y,left_foot_z,right_foot_x,right_foot_y,right_foot_z,projected_gravity_x,projected_gravity_y,projected_gravity_z,root_pos_err,root_rot_err_rad,root_lin_vel_err,root_ang_vel_err,root_rot_err_roll,root_rot_err_pitch,root_rot_err_yaw,ref_root_roll,ref_root_pitch,ref_root_yaw,root_roll_err_wrapped,root_pitch_err_wrapped,root_yaw_err_wrapped,root_lin_vel_err_x,root_lin_vel_err_y,root_lin_vel_err_z,root_ang_vel_err_x,root_ang_vel_err_y,root_ang_vel_err_z,root_roll,root_pitch,root_yaw,root_height,root_xy_drift,root_x,root_y,left_foot_xy_drift,right_foot_pos_err,right_foot_vel_err,right_foot_pos_err_x,right_foot_pos_err_y,right_foot_pos_err_z,right_foot_vel_err_x,right_foot_vel_err_y,right_foot_vel_err_z,max_body_pos_err,termination_margin,termination_gravity_margin_x,termination_gravity_margin_y,termination_base_height_margin,termination_motion_far_margin,termination_motion_far_peak,termination_contact_margin,termination_contact_peak,termination_torque_margin,reset,timeout,top1_body_idx,top1_body_name,top1_body_err,top1_body_err_x,top1_body_err_y,top1_body_err_z,top1_body_ref_x,top1_body_ref_y,top1_body_ref_z,top1_body_sim_x,top1_body_sim_y,top1_body_sim_z,top2_body_idx,top2_body_name,top2_body_err,top2_body_err_x,top2_body_err_y,top2_body_err_z,top2_body_ref_x,top2_body_ref_y,top2_body_ref_z,top2_body_sim_x,top2_body_sim_y,top2_body_sim_z,top3_body_idx,top3_body_name,top3_body_err,top3_body_err_x,top3_body_err_y,top3_body_err_z,top3_body_ref_x,top3_body_ref_y,top3_body_ref_z,top3_body_sim_x,top3_body_sim_y,top3_body_sim_z,top4_body_idx,top4_body_name,top4_body_err,top4_body_err_x,top4_body_err_y,top4_body_err_z,top4_body_ref_x,top4_body_ref_y,top4_body_ref_z,top4_body_sim_x,top4_body_sim_y,top4_body_sim_z,top5_body_idx,top5_body_name,top5_body_err,top5_body_err_x,top5_body_err_y,top5_body_err_z,top5_body_ref_x,top5_body_ref_y,top5_body_ref_z,top5_body_sim_x,top5_body_sim_y,top5_body_sim_z,left_hip_pitch_joint_err,left_hip_pitch_joint_torque,left_hip_pitch_joint_torque_ratio,left_hip_roll_joint_err,left_hip_roll_joint_torque,left_hip_roll_joint_torque_ratio,left_hip_yaw_joint_err,left_hip_yaw_joint_torque,left_hip_yaw_joint_torque_ratio,left_knee_joint_err,left_knee_joint_torque,left_knee_joint_torque_ratio,left_ankle_pitch_joint_err,left_ankle_pitch_joint_torque,left_ankle_pitch_joint_torque_ratio,left_ankle_roll_joint_err,left_ankle_roll_joint_torque,left_ankle_roll_joint_torque_ratio,right_hip_pitch_joint_err,right_hip_pitch_joint_torque,right_hip_pitch_joint_torque_ratio,right_hip_roll_joint_err,right_hip_roll_joint_torque,right_hip_roll_joint_torque_ratio,right_hip_yaw_joint_err,right_hip_yaw_joint_torque,right_hip_yaw_joint_torque_ratio,right_knee_joint_err,right_knee_joint_torque,right_knee_joint_torque_ratio,right_ankle_pitch_joint_err,right_ankle_pitch_joint_torque,right_ankle_pitch_joint_torque_ratio,right_ankle_roll_joint_err,right_ankle_roll_joint_torque,right_ankle_roll_joint_torque_ratio
1,0.019999999552965164,0.6930710673332214,0.03778250142931938,0.0,0.0,21.9405460357666,0.0,21.9405460357666,0,1,0.4549413323402405,0.711115300655365,-0.09636539220809937,0.09269484877586365,0.037422969937324524,-0.00916522927582264,-0.175496906042099,0.0463532879948616,0.019400551915168762,-0.017967117950320244,-0.9996502995491028,0.016006367281079292,0.04398410767316818,0.24922233819961548,2.9978411197662354,-1.5683826208114624,-0.4395448565483093,0.11203096061944962,-0.022395413368940353,0.03676594793796539,0.568131685256958,-0.04036688804626465,0.0173642635345459,-0.0033767223358154297,-0.09941799193620682,-0.1389603316783905,-0.1814327985048294,-0.2929198145866394,2.8764567375183105,-0.7919884324073792,0.017971467226743698,0.01940177008509636,0.571508526802063,0.7827666997909546,0.007079756818711758,0.0018025207100436091,0.009792468510568142,0.006320272572338581,0.12462069094181061,1.1925324201583862,0.10689941793680191,0.06391517072916031,0.004205044358968735,1.1213386058807373,-0.39198029041290283,0.10528302192687988,0.12462069094181061,0.07799792289733887,0.7805994480848313,0.7820328820496798,0.5827666997909546,0.17537930905818938,0.12462069094181061,1.0,0.0,0.07799792289733887,0,0,12,right_ankle_roll_link,0.12462069094181061,0.10689941793680191,0.06391517072916031,0.004205044358968735,0.09773419052362442,-0.11158173531293869,0.05055833235383034,-0.00916522927582264,-0.175496906042099,0.0463532879948616,11,right_ankle_pitch_link,0.12119949609041214,0.10556548833847046,0.059391699731349945,0.004227332770824432,0.09736020117998123,-0.11384407430887222,0.06796595454216003,-0.008205283433198929,-0.17323577404022217,0.0637386217713356,10,right_knee_link,0.07415267080068588,0.017692431807518005,-0.06982283294200897,0.01761728525161743,0.09979888796806335,-0.18036895990371704,0.3604971766471863,0.08210645616054535,-0.11054612696170807,0.34287989139556885,25,body_25,0.06322832405567169,-0.04709792137145996,0.019393503665924072,0.03746330738067627,0.2749171853065491,-0.015399649739265442,0.9435716271400452,0.32201510667800903,-0.034793153405189514,0.9061083197593689,19,left_elbow_link,0.05547342821955681,-0.021602101624011993,0.050243496894836426,0.009286642074584961,-0.09693626314401627,0.24118533730506897,0.9122911691665649,-0.07533416152000427,0.19094184041023254,0.90300452709198,0.008590653538703918,2.812695264816284,0.03196244686841965,0.04288271442055702,1.3550872802734375,0.015398719348013401,0.001417413353919983,-4.309451103210449,0.048971034586429596,-0.04952624440193176,-11.412567138671875,0.08210480213165283,-0.07665306329727173,-1.2434539794921875,0.024869078770279884,0.041265614330768585,0.7356259822845459,0.014712519943714142,-0.06954445689916611,-3.6437625885009766,0.04140639305114746,0.02050381898880005,0.03538775444030762,0.00040213356260210276,-0.05020599067211151,-6.17750358581543,0.0701989009976387,0.035241127014160156,-8.409841537475586,0.06050245836377144,0.07855992019176483,1.425403356552124,0.02850806713104248,0.006752952933311462,0.23035185039043427,0.004607037175446749
2,0.03999999910593033,0.44266477227211,0.038766201585531235,0.0,186.84461975097656,27.574806213378906,186.84461975097656,27.574806213378906,1,1,0.13635048270225525,0.38489919900894165,-0.09671199321746826,0.09550874680280685,0.03490179404616356,-0.020917348563671112,-0.17067289352416992,0.05514150485396385,0.01681578904390335,0.004116312600672245,-0.9998500943183899,0.017651282250881195,0.03824756667017937,0.08915885537862778,3.044471502304077,-1.5705883502960205,0.4942738115787506,-0.20023512840270996,-0.03086262010037899,0.04414995014667511,0.5765127539634705,-0.02674579620361328,0.02733325958251953,-6.4849853515625e-05,-0.02496524155139923,-0.0855872631072998,0.0009268168359994888,-1.2748029232025146,2.432716131210327,-1.313611626625061,-0.00411690678447485,0.016816582530736923,0.5765776634216309,0.7834649085998535,0.016482535749673843,-0.0017550725024193525,0.018511522561311722,0.008631094358861446,0.13807088136672974,1.0001726150512695,0.12554490566253662,0.05744882673025131,0.0012956522405147552,0.688835620880127,-0.44832974672317505,0.5699572563171387,0.13807088136672974,0.16192911863327025,0.7831842109560967,0.7958836873993278,0.5834649085998536,0.16192911863327025,0.13807088136672974,1.0,0.0,0.39922499656677246,0,0,12,right_ankle_roll_link,0.13807088136672974,0.12554490566253662,0.05744882673025131,0.0012956522405147552,0.10462755709886551,-0.11322406679391861,0.05643715709447861,-0.020917348563671112,-0.17067289352416992,0.05514150485396385,11,right_ankle_pitch_link,0.13358603417873383,0.1228407621383667,0.052469804883003235,0.001514822244644165,0.10424941778182983,-0.11548104882240295,0.07384538650512695,-0.018591340631246567,-0.1679508537054062,0.07233056426048279,10,right_knee_link,0.08196265995502472,0.021430693566799164,-0.07644673436880112,0.020359277725219727,0.10672880709171295,-0.18033720552921295,0.36675071716308594,0.08529811352491379,-0.10389047116041183,0.3463914394378662,19,left_elbow_link,0.053521595895290375,-0.0017304643988609314,0.05348663032054901,-0.0008643269538879395,-0.09538736939430237,0.25114530324935913,0.9125339984893799,-0.09365690499544144,0.19765867292881012,0.9133983254432678,18,left_shoulder_yaw_link,0.0397832952439785,-0.0006498545408248901,0.03894492983818054,-0.008098185062408447,-0.07733042538166046,0.20940428972244263,0.9808266162872314,-0.07668057084083557,0.17045935988426208,0.9889248013496399,0.0018611699342727661,7.302801132202148,0.08298637717962265,0.025214537978172302,0.44712162017822266,0.00508092762902379,0.003209635615348816,-3.495380401611328,0.03972023352980614,-0.05932462215423584,-10.05044174194336,0.0723053365945816,-0.11365431547164917,-2.2266581058502197,0.04453316330909729,0.10301966965198517,2.155170440673828,0.0431034080684185,-0.10331915318965912,4.75897216796875,0.05407923087477684,0.0017899572849273682,-2.4002304077148438,0.027275346219539642,-0.020018398761749268,-10.972976684570312,0.12469291687011719,0.034436702728271484,-21.65677261352539,0.1558041125535965,0.08615575730800629,1.6254607439041138,0.0325092151761055,-0.003972344100475311,0.08083511143922806,0.0016167021822184324
3,0.05999999865889549,0.3171688914299011,0.04098145663738251,0.0,235.0224609375,83.12600708007812,235.0224609375,83.12600708007812,1,1,0.029507378116250038,0.33865708112716675,-0.096803218126297,0.09546489268541336,0.03495446592569351,-0.027152420952916145,-0.16561581194400787,0.058448124676942825,0.025810280814766884,-0.007083401549607515,-0.9996414184570312,0.01638425514101982,0.05293010175228119,0.06344188004732132,4.5756449699401855,-1.5711489915847778,-0.2505318522453308,0.1256333738565445,-0.04038100689649582,0.04927775636315346,0.5833860635757446,-0.04746675491333008,0.023464679718017578,-0.0017485618591308594,0.0428679883480072,-0.046766191720962524,-0.0003627166152000427,-2.9247934818267822,2.8270950317382812,-2.0951476097106934,0.007085822522640228,0.02581314742565155,0.5851345658302307,0.7828232049942017,0.023475050926208496,-0.005278856959193945,0.02463444322347641,0.008555937558412552,0.14729148149490356,1.1046749353408813,0.1379901021718979,0.05074407905340195,0.008862841874361038,0.6660095453262329,-0.360270231962204,0.8043278455734253,0.14729148149490356,0.15270851850509642,0.7741897191852332,0.7929165984503925,0.5828232049942017,0.15270851850509642,0.14729148149490356,1.0,0.0,0.3436061143875122,0,0,12,right_ankle_roll_link,0.14729148149490356,0.1379901021718979,0.05074407905340195,0.008862841874361038,0.1108376756310463,-0.11487173289060593,0.06731096655130386,-0.027152420952916145,-0.16561581194400787,0.058448124676942825,11,right_ankle_pitch_link,0.14268726110458374,0.134651780128479,0.04628702998161316,0.009277045726776123,0.11035090684890747,-0.11638008058071136,0.08479729294776917,-0.024300869554281235,-0.16266711056232452,0.07552024722099304,10,right_knee_link,0.09694410860538483,0.02929931879043579,-0.08668267726898193,0.03202849626541138,0.11850906908512115,-0.18297839164733887,0.3772082030773163,0.08920975029468536,-0.09629571437835693,0.3451797068119049,19,left_elbow_link,0.04417691007256508,0.008561015129089355,0.04043540358543396,-0.015597641468048096,-0.09635423123836517,0.2603217661380768,0.9122657775878906,-0.10491524636745453,0.21988636255264282,0.9278634190559387,9,right_hip_yaw_link,0.03777959570288658,0.011577241122722626,-0.03241298347711563,0.01557767391204834,0.12341397255659103,-0.0963113009929657,0.5505446195602417,0.11183673143386841,-0.06389831751585007,0.5349669456481934,0.008747600018978119,15.20172119140625,0.17274683713912964,0.047446828335523605,6.586748123168945,0.07484941184520721,-0.006163746118545532,-6.838068008422852,0.07770531624555588,-0.06344035267829895,-11.371452331542969,0.08180900663137436,-0.12189680337905884,-2.4771664142608643,0.04954332858324051,0.10184982419013977,2.135368585586548,0.04270737245678902,-0.1094406247138977,13.562321662902832,0.15411728620529175,0.015451610088348389,1.7868558168411255,0.020305179059505463,-0.014025777578353882,-15.526226043701172,0.17643438279628754,0.03419983386993408,-23.49942970275879,0.16906064748764038,0.13625924289226532,2.867915630340576,0.05735831335186958,-0.01680915802717209,-0.16978231072425842,0.0033956461120396852
4,0.07999999821186066,0.34535303711891174,0.04627224802970886,0.0,214.3015899658203,90.72624206542969,214.3015899658203,90.72624206542969,1,1,0.0402064248919487,0.2912483811378479,-0.09693970531225204,0.09552978724241257,0.03495553880929947,-0.03271195665001869,-0.16284750401973724,0.0608036145567894,0.035281162708997726,-0.019013307988643646,-0.9991962313652039,0.013449606485664845,0.07142621278762817,0.07724301517009735,5.796492099761963,-1.5691322088241577,-0.8833937644958496,0.3032192289829254,-0.05022008717060089,0.052726104855537415,0.594088077545166,-0.06924629211425781,0.01743769645690918,-0.006376981735229492,0.02162003517150879,-0.06766584515571594,-0.030337950214743614,-3.3993194103240967,3.8350045680999756,-2.708632707595825,0.01902630180120468,0.0352884866297245,0.6004650592803955,0.7822120785713196,0.030305296182632446,-0.00905328243970871,0.030424822121858597,0.00856618769466877,0.16553528606891632,1.2446366548538208,0.15608640015125275,0.048016227781772614,0.027081526815891266,0.6727954149246216,-0.2461136281490326,1.0177891254425049,0.16553528606891632,0.11035728454589844,0.7647188372910023,0.7809866920113564,0.5822120785713196,0.13446471393108367,0.16553528606891632,1.0,0.0,0.11035728454589844,0,0,12,right_ankle_roll_link,0.16553528606891632,0.15608640015125275,0.048016227781772614,0.027081526815891266,0.12337444722652435,-0.11483127623796463,0.08788514137268066,-0.03271195665001869,-0.16284750401973724,0.0608036145567894,11,right_ankle_pitch_link,0.16084468364715576,0.1526491791009903,0.04257133603096008,0.027512207627296448,0.12309353798627853,-0.1171012818813324,0.10529351234436035,-0.02955564297735691,-0.15967261791229248,0.0777813047170639,10,right_knee_link,0.12524275481700897,0.04576116055250168,-0.10467851161956787,0.05132320523262024,0.13561415672302246,-0.1936720311641693,0.39509719610214233,0.08985299617052078,-0.08899351954460144,0.3437739908695221,9,right_hip_yaw_link,0.05177493020892143,0.020477883517742157,-0.03858337923884392,0.02779608964920044,0.12999792397022247,-0.09449274092912674,0.5615684986114502,0.10952004045248032,-0.05590936169028282,0.5337724089622498,24,body_24,0.047981616109609604,-0.0026590973138809204,0.04733473062515259,0.00738835334777832,0.1416451781988144,0.30989784002304077,0.9706671237945557,0.1443042755126953,0.2625631093978882,0.9632787704467773,0.021101854741573334,20.167055130004883,0.22917108237743378,0.07137362658977509,9.294998168945312,0.1056249812245369,-0.017439648509025574,-8.759424209594727,0.09953891485929489,-0.05854688584804535,-10.375835418701172,0.07464630156755447,-0.13752645254135132,-2.800736904144287,0.056014738976955414,0.10392477363348007,2.2391932010650635,0.04478386417031288,-0.1017298623919487,18.859695434570312,0.21431471407413483,0.028211265802383423,1.6715028285980225,0.018994349986314774,-0.006037116050720215,-20.059131622314453,0.22794467210769653,0.021070361137390137,-26.428945541381836,0.19013629853725433,0.14598360657691956,3.0325798988342285,0.06065159663558006,-0.032840482890605927,-0.4662797152996063,0.009325594641268253
5,0.09999999776482582,0.33858954906463623,0.05292319506406784,0.043478261679410934,226.74049377441406,70.60721588134766,226.74049377441406,70.60721588134766,1,1,0.04082106798887253,0.3204183876514435,-0.0973241776227951,0.09554114937782288,0.0350009948015213,-0.039136357605457306,-0.16037197411060333,0.06393703073263168,0.04580577462911606,-0.028363535180687904,-0.9985477328300476,0.01166203711181879,0.08931843191385269,0.11442175507545471,6.9799485206604,-1.5717507600784302,-1.4291462898254395,0.5448410511016846,-0.06071458384394646,0.053263623267412186,0.6131183505058289,-0.0891118049621582,0.00744175910949707,-0.0032563209533691406,0.0028502047061920166,-0.10604745149612427,-0.04287368059158325,-3.606562614440918,4.564906597137451,-3.8566842079162598,0.028397154062986374,0.04582180827856064,0.6163746118545532,0.7816362977027893,0.037187229841947556,-0.013070574030280113,0.036115631461143494,0.008446584455668926,0.18873673677444458,1.388980507850647,0.17593446373939514,0.0457494854927063,0.05075037479400635,0.6004599332809448,-0.31763365864753723,1.2115377187728882,0.18873673677444458,0.0015850663185119629,0.754194225370884,0.7716364648193121,0.5816362977027894,0.11126326322555541,0.18873673677444458,1.0,0.0,0.0015850663185119629,0,0,12,right_ankle_roll_link,0.18873673677444458,0.17593446373939514,0.0457494854927063,0.05075037479400635,0.13679811358451843,-0.11462248861789703,0.11468740552663803,-0.039136357605457306,-0.16037197411060333,0.06393703073263168,11,right_ankle_pitch_link,0.1841251105070114,0.172590970993042,0.03880626708269119,0.0510733500123024,0.13691282272338867,-0.11816190928220749,0.13188457489013672,-0.03567814826965332,-0.15696817636489868,0.08081122487783432,10,right_knee_link,0.16147178411483765,0.06459657102823257,-0.1275171935558319,0.07509851455688477,0.15394634008407593,-0.20790062844753265,0.4176516532897949,0.08934976905584335,-0.08038344234228134,0.34255313873291016,9,right_hip_yaw_link,0.07152368873357773,0.02974417805671692,-0.04929124563932419,0.04244166612625122,0.13620033860206604,-0.0963430106639862,0.5751976370811462,0.10645616054534912,-0.04705176502466202,0.532755970954895,26,body_26,0.049252282828092575,-0.029541052877902985,0.039113640785217285,-0.004820466041564941,0.06375804543495178,0.07149040699005127,1.237199306488037,0.09329909831285477,0.032376766204833984,1.242019772529602,0.03481971472501755,22.178585052490234,0.2520293891429901,0.08920253813266754,9.468188285827637,0.10759305208921432,-0.03777167201042175,-16.574485778808594,0.18834643065929413,-0.0525481253862381,-6.805648326873779,0.04896149784326553,-0.1510014683008194,-3.1290464401245117,0.06258092820644379,0.10525619983673096,2.2705564498901367,0.0454111285507679,-0.12131472676992416,22.725563049316406,0.2582450211048126,0.0462823361158371,-0.0670783519744873,0.000762253999710083,0.009674951434135437,-28.819622039794922,0.3274956941604614,0.04018372297286987,-32.60395431518555,0.23456081748008728,0.09732401371002197,2.7541537284851074,0.05508307367563248,-0.027068212628364563,-0.5246387124061584,0.010492774657905102
6,0.11999999731779099,0.33598023653030396,0.05910919979214668,0.043478261679410934,264.3529052734375,25.36379051208496,264.3529052734375,25.36379051208496,1,1,0.09610913693904877,0.5209941864013672,-0.09775160253047943,0.0953795313835144,0.03506602719426155,-0.048312120139598846,-0.15658295154571533,0.07056874781847,0.06377264112234116,-0.04053185507655144,-0.9971408247947693,0.010456089861690998,0.11098818480968475,0.150855153799057,7.215093612670898,-1.5682413578033447,-1.5707963705062866,0.7885206341743469,-0.06976669281721115,0.052445895969867706,0.6280147433280945,-0.11039233207702637,-0.011369943618774414,0.0001862049102783203,0.011047504842281342,-0.1471472978591919,-0.031351253390312195,-3.600490093231201,4.579646110534668,-4.256864070892334,0.04062570258975029,0.06381595134735107,0.6278284192085266,0.7803507447242737,0.043888773769140244,-0.017271902412176132,0.04147019237279892,0.0081649050116539,0.2080247551202774,1.6247563362121582,0.1911778748035431,0.0415477529168129,0.07070431858301163,0.45670849084854126,-0.5870629549026489,1.4445093870162964,0.2080247551202774,0.0,0.7362273588776589,0.7594681449234486,0.5803507447242737,0.09197524487972258,0.2080247551202774,1.0,0.0,0.0,0,0,12,right_ankle_roll_link,0.2080247551202774,0.1911778748035431,0.0415477529168129,0.07070431858301163,0.14286574721336365,-0.11503519862890244,0.14127306640148163,-0.048312120139598846,-0.15658295154571533,0.07056874781847,11,right_ankle_pitch_link,0.2033672034740448,0.1876274198293686,0.03331930190324783,0.07102105021476746,0.14349496364593506,-0.11954019218683243,0.15823161602020264,-0.04413245618343353,-0.15285949409008026,0.08721056580543518,10,right_knee_link,0.19613026082515717,0.07592100650072098,-0.1517605185508728,0.09834542870521545,0.16837544739246368,-0.221321240067482,0.43935006856918335,0.0924544408917427,-0.0695607140660286,0.3410046398639679,9,right_hip_yaw_link,0.09121491014957428,0.03659810125827789,-0.06202893331646919,0.05597454309463501,0.140684112906456,-0.09984226524829865,0.58786541223526,0.1040860116481781,-0.03781333193182945,0.531890869140625,26,body_26,0.05721394345164299,-0.04407002776861191,0.0364711619913578,0.001059412956237793,0.06128226965665817,0.07150596380233765,1.237523078918457,0.10535229742527008,0.03503480181097984,1.2364636659622192,0.056794166564941406,24.789400100708008,0.28169772028923035,0.10860224813222885,11.794515609741211,0.1340285837650299,-0.0613529235124588,-21.07677459716797,0.23950880765914917,-0.045583441853523254,-1.538285732269287,0.011066803708672523,-0.1617664098739624,-3.5262229442596436,0.07052446156740189,0.10747645050287247,2.386031150817871,0.04772062227129936,-0.14657346904277802,24.98272705078125,0.2838946282863617,0.058600008487701416,0.5246529579162598,0.005961965303868055,0.0042444318532943726,-33.224945068359375,0.3775562047958374,0.07928287982940674,-37.11080551147461,0.266984224319458,0.10870100557804108,3.56061053276062,0.07121220976114273,-0.0071005672216415405,-0.5987017154693604,0.011974033899605274
7,0.13999999687075615,0.3642939031124115,0.0660352110862732,0.0,368.47296142578125,68.86961364746094,368.47296142578125,68.86961364746094,1,1,0.08213406056165695,0.6130430102348328,-0.09787286818027496,0.0949685275554657,0.0350663959980011,-0.05774472653865814,-0.14949551224708557,0.08098303526639938,0.08325053751468658,-0.056393325328826904,-0.9949315786361694,0.008985594846308231,0.14199669659137726,0.19065344333648682,6.455536842346191,-1.5530245304107666,-1.5707963705062866,1.0199588537216187,-0.07927243411540985,0.04498116299510002,0.6393811702728271,-0.13589239120483398,-0.038365840911865234,0.00870203971862793,0.01647631824016571,-0.18945470452308655,-0.013571327552199364,-3.676143169403076,4.154424667358398,-3.3016180992126465,0.056620024144649506,0.08334700763225555,0.630679190158844,0.7782281041145325,0.05012955144047737,-0.021681398153305054,0.04613596200942993,0.007736393250524998,0.22694668173789978,1.4655972719192505,0.20627865195274353,0.03260476887226105,0.08883044868707657,0.5391036868095398,-0.6705700755119324,1.1864562034606934,0.23136316239833832,0.051490187644958496,0.7167494624853135,0.7436066746711731,0.5782281041145325,0.06863683760166167,0.23136316239833832,1.0,0.0,0.051490187644958496,0,0,10,right_knee_link,0.23136316239833832,0.080320343375206,-0.17840546369552612,0.12348702549934387,0.18046972155570984,-0.2342287302017212,0.4631011486053467,0.10014937818050385,-0.055823273956775665,0.3396141231060028,12,right_ankle_roll_link,0.22694668173789978,0.20627865195274353,0.03260476887226105,0.08883044868707657,0.1485339254140854,-0.11689074337482452,0.16981348395347595,-0.05774472653865814,-0.14949551224708557,0.08098303526639938,11,right_ankle_pitch_link,0.221784308552742,0.2016124278306961,0.023102357983589172,0.08948180824518204,0.1495528370141983,-0.12216441333293915,0.1865297555923462,-0.0520595908164978,-0.14526677131652832,0.09704794734716415,9,right_hip_yaw_link,0.11064257472753525,0.040660254657268524,-0.07538975775241852,0.07003504037857056,0.14355480670928955,-0.10361331701278687,0.6015123724937439,0.10289455205202103,-0.028223559260368347,0.5314773321151733,26,body_26,0.07200708985328674,-0.06327197700738907,0.033072736114263535,0.009374022483825684,0.05692211538553238,0.07165975123643875,1.2378078699111938,0.12019409239292145,0.03858701512217522,1.2284338474273682,0.08284848183393478,27.423526763916016,0.3116309940814972,0.13633796572685242,16.031051635742188,0.1821710467338562,-0.08878608793020248,-20.59844398498535,0.2340732216835022,-0.037597402930259705,-1.9671030044555664,0.014151819981634617,-0.17281734943389893,-3.8658576011657715,0.07731714844703674,0.10974392294883728,2.4768331050872803,0.04953666031360626,-0.16011452674865723,22.899513244628906,0.2602217495441437,0.07576125860214233,3.219707489013672,0.036587584763765335,-0.011562183499336243,-29.369140625,0.333740234375,0.10154885053634644,-33.407108306884766,0.24033890664577484,0.10750804841518402,1.974961757659912,0.03949923440814018,0.006288804113864899,-0.15264886617660522,0.003052977379411459
8,0.1599999964237213,0.39653468132019043,0.07350639998912811,0.0,399.861328125,49.565643310546875,399.861328125,49.565643310546875,1,1,0.029690954834222794,0.7144325375556946,-0.09804984927177429,0.09491245448589325,0.0349760539829731,-0.06576691567897797,-0.14020781219005585,0.09430282562971115,0.10706783831119537,-0.07101613283157349,-0.9917118549346924,0.009537880308926105,0.17419154942035675,0.21082037687301636,3.9635069370269775,-1.5375463962554932,-1.5707963705062866,1.181209683418274,-0.08652950078248978,0.0382109135389328,0.6470698714256287,-0.15801715850830078,-0.06906247138977051,0.015813350677490234,-0.00023448467254638672,-0.21040338277816772,0.013251103460788727,-2.6086246967315674,2.257795810699463,-1.9511082172393799,0.07148760557174683,0.10727346688508987,0.6312564611434937,0.7757626175880432,0.05600730702280998,-0.02547283098101616,0.0507115013897419,0.007635081186890602,0.2429194152355194,1.4026484489440918,0.21854762732982635,0.021101176738739014,0.10393036156892776,0.6192649006843567,-0.758969783782959,1.003941535949707,0.2656829059123993,0.0343170940876007,0.6929321616888047,0.7289838671684266,0.5757626175880433,0.0343170940876007,0.2656829059123993,1.0,0.0,0.37233656644821167,0,0,10,right_knee_link,0.2656829059123993,0.07996973395347595,-0.20607706904411316,0.14739233255386353,0.1893567442893982,-0.24640116095542908,0.48679277300834656,0.10938701033592224,-0.04032409191131592,0.33940044045448303,12,right_ankle_roll_link,0.2429194152355194,0.21854762732982635,0.021101176738739014,0.10393036156892776,0.1527807116508484,-0.11910663545131683,0.19823318719863892,-0.06576691567897797,-0.14020781219005585,0.09430282562971115,11,right_ankle_pitch_link,0.23708584904670715,0.21210384368896484,0.010311439633369446,0.1054292619228363,0.15405809879302979,-0.1250019520521164,0.21472246944904327,-0.05804573744535446,-0.13531339168548584,0.10929320752620697,9,right_hip_yaw_link,0.12907415628433228,0.042307086288928986,-0.08939841389656067,0.08293473720550537,0.1446443796157837,-0.10787951946258545,0.6148291826248169,0.1023372933268547,-0.01848110929131508,0.5318944454193115,26,body_26,0.09125783294439316,-0.0846627950668335,0.028064846992492676,0.019302010536193848,0.052050914615392685,0.07053482532501221,1.238057017326355,0.13671371340751648,0.04246997833251953,1.2187550067901611,0.11178676038980484,29.076984405517578,0.33042028546333313,0.1620159149169922,18.56338119506836,0.21094751358032227,-0.1198105439543724,-20.499113082885742,0.23294447362422943,-0.03218911588191986,-7.971945762634277,0.057352129369974136,-0.1792118102312088,-3.461615562438965,0.06923231482505798,0.11225645244121552,2.2500412464141846,0.0450008250772953,-0.1572273075580597,16.616374969482422,0.1888224482536316,0.09574875235557556,6.731607437133789,0.07649553567171097,-0.028354331851005554,-21.222139358520508,0.24116067588329315,0.10450565814971924,-24.003446578979492,0.17268666625022888,0.052538514137268066,0.8664706349372864,0.017329413443803787,0.013323932886123657,-0.004859216511249542,9.718433284433559e-05
9,0.17999999597668648,0.4307495951652527,0.08265717327594757,0.0,407.5370178222656,0.0,407.5370178222656,0.0,1,0,0.054805733263492584,0.9529002904891968,-0.09812376648187637,0.09498026967048645,0.0349484384059906,-0.0729767456650734,-0.12714073061943054,0.10924796760082245,0.13498511910438538,-0.08499817550182343,-0.9871950149536133,0.011412890627980232,0.21207430958747864,0.26156681776046753,2.938605785369873,-1.5377498865127563,-1.5707963705062866,1.2867743968963623,-0.09652012586593628,0.03088451735675335,0.6514932513237,-0.18240904808044434,-0.10451388359069824,0.0170900821685791,-0.058723680675029755,-0.2540009319782257,0.021266382187604904,-2.2401719093322754,1.5299372673034668,-1.1297463178634644,0.08588886260986328,0.13539844751358032,0.6344031691551208,0.7731878161430359,0.06139471009373665,-0.02785632014274597,0.05556843802332878,0.007682105991989374,0.256743848323822,1.5220097303390503,0.2289922833442688,0.003950946033000946,0.11603587865829468,0.7902261018753052,-0.9580708742141724,0.87986159324646,0.30058249831199646,-0.0005824983119964711,0.6650148808956147,0.7150018244981766,0.5731878161430359,-0.0005824983119964711,0.30058249831199646,1.0,0.0,0.49556660652160645,0,0,10,right_knee_link,0.30058249831199646,0.07892286777496338,-0.23542477190494537,0.16939952969551086,0.1973828375339508,-0.258450448513031,0.5095313191413879,0.11845996975898743,-0.023025672882795334,0.3401317894458771,12,right_ankle_roll_link,0.256743848323822,0.2289922833442688,0.003950946033000946,0.11603587865829468,0.156015545129776,-0.1231897845864296,0.22528384625911713,-0.0729767456650734,-0.12714073061943054,0.10924796760082245,11,right_ankle_pitch_link,0.2509804666042328,0.22110724449157715,-0.007701456546783447,0.11850514262914658,0.1574963927268982,-0.12948864698410034,0.24160605669021606,-0.06361085921525955,-0.1217871904373169,0.12310091406106949,9,right_hip_yaw_link,0.14783310890197754,0.043957553803920746,-0.10483688116073608,0.09450709819793701,0.14637160301208496,-0.11313553899526596,0.6272691488265991,0.10241404920816422,-0.008298659697175026,0.5327620506286621,26,body_26,0.10992980003356934,-0.10353562235832214,0.02193690836429596,0.02972722053527832,0.04976490139961243,0.0676141306757927,1.2382646799087524,0.15330052375793457,0.045677222311496735,1.2085374593734741,0.14268019795417786,30.891708374023438,0.35104215145111084,0.19174769520759583,21.372005462646484,0.2428636997938156,-0.14030896127223969,-19.789113998413086,0.2248762995004654,-0.022847101092338562,-8.127140998840332,0.058468639850616455,-0.18842612206935883,-3.61137056350708,0.07222741097211838,0.11208634078502655,2.220215320587158,0.04440430551767349,-0.15093842148780823,12.260584831237793,0.1393248289823532,0.10925503075122833,8.749911308288574,0.09943080693483353,-0.04429566115140915,-15.818105697631836,0.1797512024641037,0.1043013334274292,-16.56442642211914,0.11916853487491608,0.010675065219402313,0.18531519174575806,0.0037063038907945156,0.012709341943264008,0.022030506283044815,0.00044061013613827527
10,0.19999999552965164,0.45544371008872986,0.09238862246274948,0.0,406.31707763671875,0.0,406.31707763671875,0.0,1,0,0.05829743668437004,1.2213777303695679,-0.09812451899051666,0.09496595710515976,0.03494517505168915,-0.08159143477678299,-0.10836506634950638,0.12546515464782715,0.16084590554237366,-0.09898475557565689,-0.9820030331611633,0.015543556772172451,0.24871675670146942,0.31446367502212524,2.670254945755005,-1.544793725013733,-1.5707963705062866,1.3488415479660034,-0.10549547523260117,0.02494380623102188,0.6539738774299622,-0.20595502853393555,-0.13660383224487305,0.015699386596679688,-0.14188379049301147,-0.2787007987499237,0.03289758414030075,-2.2264881134033203,1.266749620437622,-0.7538949847221375,0.10045948624610901,0.16154766082763672,0.6382744312286377,0.7704260349273682,0.06591828912496567,-0.02877243608236313,0.06027683988213539,0.0076680490747094154,0.2765272855758667,1.661530613899231,0.2438318133354187,-0.018066726624965668,0.12917804718017578,0.8544794321060181,-1.2726658582687378,0.6409919261932373,0.33719074726104736,-0.037190747261047374,0.6391540944576264,0.7010152444243432,0.5704260349273682,-0.037190747261047374,0.33719074726104736,1.0,0.0,0.5643924474716187,0,0,10,right_knee_link,0.33719074726104736,0.07732707262039185,-0.26417821645736694,0.19475111365318298,0.20373986661434174,-0.26758861541748047,0.5359674692153931,0.1264127939939499,-0.0034104064106941223,0.3412163555622101,12,right_ankle_roll_link,0.2765272855758667,0.2438318133354187,-0.018066726624965668,0.12917804718017578,0.16224037110805511,-0.12643179297447205,0.25464320182800293,-0.08159143477678299,-0.10836506634950638,0.12546515464782715,11,right_ankle_pitch_link,0.2710418701171875,0.23436008393764496,-0.030137427151203156,0.132780984044075,0.16359683871269226,-0.1329340785741806,0.270896315574646,-0.0707632452249527,-0.10279665142297745,0.13811533153057098,9,right_hip_yaw_link,0.16583631932735443,0.04248468577861786,-0.11826054751873016,0.10821819305419922,0.14556261897087097,-0.11594356596469879,0.6417973041534424,0.10307793319225311,0.002316981554031372,0.5335791110992432,26,body_26,0.13660015165805817,-0.12896093726158142,0.019032392650842667,0.04082214832305908,0.0406520739197731,0.06741946190595627,1.2387983798980713,0.16961300373077393,0.0483870692551136,1.1979762315750122,0.1684720814228058,32.25067901611328,0.36648499965667725,0.22074389457702637,23.906492233276367,0.27166467905044556,-0.1547648310661316,-20.540241241455078,0.23341183364391327,-0.016140371561050415,-7.853994846343994,0.05650356039404869,-0.19374220073223114,-3.6972410678863525,0.0739448219537735,0.11335855722427368,2.196066379547119,0.0439213290810585,-0.14500674605369568,9.58498764038086,0.10892031341791153,0.11034126579761505,8.590497970581055,0.09761929512023926,-0.05532564967870712,-12.671749114990234,0.14399714767932892,0.09876978397369385,-13.409183502197266,0.09646894782781601,-0.026934444904327393,-0.6171497106552124,0.012342994101345539,0.015158526599407196,0.1813620924949646,0.0036272418219596148
11,0.2199999950826168,0.4748343229293823,0.10183421522378922,0.0,389.9581298828125,0.0,389.9581298828125,0.0,1,0,0.048711877316236496,1.4375038146972656,-0.09809143841266632,0.09491871297359467,0.03494840860366821,-0.09092296659946442,-0.08478176593780518,0.14189963042736053,0.18442991375923157,-0.11298231780529022,-0.976330041885376,0.02265610545873642,0.28274303674697876,0.35670679807662964,2.1450908184051514,-1.5542758703231812,-1.5707963705062866,1.3836203813552856,-0.11409193277359009,0.02208569645881653,0.655879557132721,-0.22930097579956055,-0.1634061336517334,0.012929439544677734,-0.21685394644737244,-0.2784971296787262,0.0515117421746254,-1.980910062789917,0.6907088756561279,-0.4475827217102051,0.11520898342132568,0.18549180030822754,0.6429500579833984,0.7675020098686218,0.0696488469839096,-0.028172781690955162,0.06485114246606827,0.007630541455000639,0.29339149594306946,1.8513544797897339,0.25680747628211975,-0.045859575271606445,0.1342586725950241,0.8791588544845581,-1.5574928522109985,0.4783404469490051,0.3697353005409241,-0.06973530054092408,0.6155700862407685,0.6870176821947098,0.5675020098686219,-0.06973530054092408,0.3697353005409241,1.0,0.0,0.6368839740753174,0,0,10,right_knee_link,0.3697353005409241,0.07400278747081757,-0.29230618476867676,0.2139739990234375,0.20670294761657715,-0.27410414814949036,0.556397557258606,0.13270016014575958,0.018202025443315506,0.34242355823516846,12,right_ankle_roll_link,0.29339149594306946,0.25680747628211975,-0.045859575271606445,0.1342586725950241,0.16588450968265533,-0.13064134120941162,0.27615830302238464,-0.09092296659946442,-0.08478176593780518,0.14189963042736053,11,right_ankle_pitch_link,0.2885110080242157,0.2463865578174591,-0.057821303606033325,0.13852424919605255,0.16710631549358368,-0.1371939331293106,0.29240188002586365,-0.07928024232387543,-0.07937262952327728,0.1538776308298111,9,right_hip_yaw_link,0.18173392117023468,0.03923102468252182,-0.13173478841781616,0.11888688802719116,0.14340215921401978,-0.11840371787548065,0.6529954075813293,0.10417113453149796,0.013331068679690361,0.5341085195541382,26,body_26,0.16401806473731995,-0.15482953190803528,0.014473088085651398,0.05215620994567871,0.03081989660859108,0.06513253599405289,1.2394875288009644,0.18564942479133606,0.05065944790840149,1.1873313188552856,0.18921323120594025,31.95421028137207,0.3631160259246826,0.25198274850845337,26.947359085083008,0.30621999502182007,-0.16804149746894836,-20.775850296020508,0.23608921468257904,-0.013156846165657043,-7.660453796386719,0.055111177265644073,-0.19470815360546112,-3.6965444087982178,0.07393088936805725,0.111797995865345,2.1520981788635254,0.04304196313023567,-0.13920706510543823,6.005468368530273,0.06824395805597305,0.10035763680934906,7.191288948059082,0.08171918988227844,-0.055801086127758026,-9.440303802490234,0.10727617889642715,0.09002828598022461,-10.426372528076172,0.07500987499952316,-0.022065334022045135,-0.3062608242034912,0.006125216372311115,0.010437170043587685,0.11700400710105896,0.002340080216526985
12,0.23999999463558197,0.50131756067276,0.11022797971963882,0.0,367.59893798828125,0.0,367.59893798828125,0.0,1,0,0.03792255371809006,1.5952292680740356,-0.09806294739246368,0.09488777816295624,0.03494967892765999,-0.10030806809663773,-0.0572371706366539,0.15842977166175842,0.2052844911813736,-0.1281062215566635,-0.9702818393707275,0.02922133542597294,0.32342249155044556,0.3856419622898102,1.756546139717102,-1.566037654876709,-1.5707963705062866,1.4082183837890625,-0.12850093841552734,0.015432694926857948,0.6608926653862,-0.25977158546447754,-0.19132161140441895,0.010601997375488281,-0.2684222161769867,-0.2649068236351013,0.08058299124240875,-1.7302175760269165,0.015825271606445312,-0.30257391929626465,0.1312706470489502,0.2067543864250183,0.6502907276153564,0.7643459439277649,0.07280676811933517,-0.026237236335873604,0.06930416822433472,0.007607867941260338,0.31335487961769104,2.040414810180664,0.2718571722507477,-0.07707961648702621,0.13543885946273804,0.9381557106971741,-1.7834534645080566,0.3200792670249939,0.3996010720729828,-0.0996010720729828,0.5947155088186264,0.6718937784433365,0.5643459439277649,-0.0996010720729828,0.3996010720729828,1.0,0.0,0.6481653451919556,0,0,10,right_knee_link,0.3996010720729828,0.07180468738079071,-0.3176255226135254,0.23160123825073242,0.20960518717765808,-0.27607256174087524,0.5753505825996399,0.13780049979686737,0.041552960872650146,0.34374934434890747,12,right_ankle_roll_link,0.31335487961769104,0.2718571722507477,-0.07707961648702621,0.13543885946273804,0.17154909670352936,-0.13431678712368011,0.29386863112449646,-0.10030806809663773,-0.0572371706366539,0.15842977166175842,11,right_ankle_pitch_link,0.30888572335243225,0.26059770584106445,-0.08851213753223419,0.14023137092590332,0.1725391149520874,-0.14071552455425262,0.3101891577243805,-0.08805860579013824,-0.05220338702201843,0.16995778679847717,9,right_hip_yaw_link,0.19526240229606628,0.03616087883710861,-0.14193695783615112,0.1291266679763794,0.14202022552490234,-0.11711045354604721,0.6633510589599609,0.10585934668779373,0.02482650987803936,0.5342243909835815,26,body_26,0.18986859917640686,-0.178329735994339,0.015264328569173813,0.06336867809295654,0.023196276277303696,0.06784303486347198,1.2399382591247559,0.20152601599693298,0.05257870629429817,1.1765695810317993,0.20788052678108215,30.961448669433594,0.35183465480804443,0.2848489284515381,30.65211296081543,0.34831947088241577,-0.177978515625,-20.023637771606445,0.22754134237766266,-0.01141124963760376,-7.217484474182129,0.05192434787750244,-0.1966238170862198,-3.7241556644439697,0.07448311150074005,0.11140844225883484,2.168456792831421,0.04336913675069809,-0.14003300666809082,1.725362777709961,0.019606394693255424,0.07959075272083282,5.190574645996094,0.058983802795410156,-0.05061444640159607,-6.147708892822266,0.06986033171415329,0.0850520133972168,-7.353723526000977,0.052904486656188965,-0.006815455853939056,0.06068140268325806,0.0012136281002312899,0.00854337029159069,0.14396527409553528,0.002879305509850383
13,0.25999999418854713,0.5264787077903748,0.12002657353878021,0.0,351.66455078125,0.0,351.66455078125,0.0,1,0,0.032973967492580414,1.6380928754806519,-0.0980539321899414,0.09488772600889206,0.03495518118143082,-0.1081220880150795,-0.027500389143824577,0.17303144931793213,0.22214536368846893,-0.14459756016731262,-0.9642319679260254,0.03842438757419586,0.362246572971344,0.41122740507125854,1.6525815725326538,-1.588215947151184,-1.5707963705062866,1.4211736917495728,-0.1415899097919464,0.007205924950540066,0.6646472215652466,-0.29044222831726074,-0.21680831909179688,0.0027654170989990234,-0.3052591383457184,-0.25355058908462524,0.10787466913461685,-1.4960912466049194,-0.6203467845916748,-0.3284909129142761,0.14885219931602478,0.2240142673254013,0.6618818640708923,0.7610524892807007,0.07573330402374268,-0.023112863302230835,0.0737810954451561,0.007610135246068239,0.3376043438911438,2.1760096549987793,0.2877790033817291,-0.11302071809768677,0.1355959177017212,0.9648771286010742,-1.929339051246643,0.28579819202423096,0.4308278262615204,-0.1308278262615204,0.5778546363115311,0.6554024398326874,0.5610524892807007,-0.1308278262615204,0.4308278262615204,1.0,0.0,0.6093848347663879,0,0,10,right_knee_link,0.4308278262615204,0.07108579576015472,-0.34571757912635803,0.24706029891967773,0.21267540752887726,-0.2793263792991638,0.5921972990036011,0.14158961176872253,0.06639119982719421,0.34513700008392334,12,right_ankle_roll_link,0.3376043438911438,0.2877790033817291,-0.11302071809768677,0.1355959177017212,0.17965692281723022,-0.1405211091041565,0.3086273670196533,-0.1081220880150795,-0.027500389143824577,0.17303144931793213,11,right_ankle_pitch_link,0.33339518308639526,0.27549436688423157,-0.12388211488723755,0.14109717309474945,0.18029724061489105,-0.14669819176197052,0.3250504434108734,-0.09519713371992111,-0.022816073149442673,0.18395327031612396,26,body_26,0.21398332715034485,-0.20009911060333252,0.01331295445561409,0.07464563846588135,0.017175383865833282,0.06729893386363983,1.2404398918151855,0.2172744870185852,0.05398597940802574,1.1657942533493042,9,right_hip_yaw_link,0.21044401824474335,0.03358650207519531,-0.1548343151807785,0.1385098099708557,0.14167754352092743,-0.1177138239145279,0.6723312735557556,0.10809104144573212,0.03712048754096031,0.5338214635848999,0.2231709063053131,29.273681640625,0.3326554596424103,0.3184586763381958,34.3741340637207,0.39061516523361206,-0.18544647097587585,-19.524404525756836,0.22186823189258575,-0.01156267523765564,-6.034781455993652,0.04341569542884827,-0.19458431005477905,-3.7120044231414795,0.07424008846282959,0.10903210192918777,2.121713638305664,0.042434271425008774,-0.13008570671081543,-1.4159488677978516,0.016090327873826027,0.05582490563392639,2.804960250854492,0.03187454864382744,-0.032075121998786926,-2.559821605682373,0.029088882729411125,0.06649267673492432,-5.234991073608398,0.037661805748939514,-0.00843801349401474,-0.12815605103969574,0.0025631210301071405,0.0017938106320798397,0.008110273629426956,0.00016220546967815608
14,0.2799999937415123,0.5546594262123108,0.1312723308801651,0.0,330.65301513671875,0.0,330.65301513671875,0.0,1,0,0.03053528256714344,1.6010980606079102,-0.0980638787150383,0.09489826112985611,0.0349506177008152,-0.11354603618383408,0.0026749041862785816,0.1843303143978119,0.23402342200279236,-0.16327333450317383,-0.9584232568740845,0.0458548478782177,0.39992883801460266,0.4384686052799225,1.7991760969161987,-1.6130750179290771,-1.5707963705062866,1.4113881587982178,-0.15694667398929596,0.0017130569322034717,0.6694371104240417,-0.3256828784942627,-0.23450088500976562,-0.009198904037475586,-0.3300463557243347,-0.2538193464279175,0.13747677206993103,-1.3749771118164062,-1.064318299293518,-0.46227598190307617,0.1687363237142563,0.23621398210525513,0.6786360740661621,0.757524311542511,0.07875385880470276,-0.018834270536899567,0.07843183726072311,0.007617762312293053,0.3665429949760437,2.2665317058563232,0.3007453382015228,-0.14880406856536865,0.14752405881881714,0.9626002907752991,-2.0327343940734863,0.28028184175491333,0.4680502414703369,-0.16805024147033693,0.5659765779972077,0.6367266654968262,0.557524311542511,-0.16805024147033693,0.4680502414703369,1.0,0.0,0.5613527297973633,0,0,10,right_knee_link,0.4680502414703369,0.07239378988742828,-0.37500256299972534,0.27056100964546204,0.21670563519001007,-0.2826176881790161,0.6169270277023315,0.1443118453025818,0.09238485991954803,0.3463660180568695,12,right_ankle_roll_link,0.3665429949760437,0.3007453382015228,-0.14880406856536865,0.14752405881881714,0.18719930946826935,-0.14612916111946106,0.33185437321662903,-0.11354603618383408,0.0026749041862785816,0.1843303143978119,11,right_ankle_pitch_link,0.3629208207130432,0.2876608967781067,-0.15923286974430084,0.15364773571491241,0.1875913441181183,-0.15216200053691864,0.3483387529850006,-0.1000695526599884,0.007070866413414478,0.1946910172700882,26,body_26,0.23794536292552948,-0.22149106860160828,0.012848377227783203,0.08599197864532471,0.011565394699573517,0.06775760650634766,1.2408732175827026,0.2330564707517624,0.05490922927856445,1.154881238937378,9,right_hip_yaw_link,0.2288758009672165,0.030643142759799957,-0.16792941093444824,0.15246260166168213,0.14158420264720917,-0.11743763089179993,0.6851404905319214,0.11094105988740921,0.050491783767938614,0.5326778888702393,0.23389780521392822,27.667959213256836,0.31440863013267517,0.355204701423645,38.600955963134766,0.43864724040031433,-0.18529053032398224,-18.39306640625,0.20901212096214294,-0.011943891644477844,-5.228444576263428,0.03761471062898636,-0.19407397508621216,-3.7113335132598877,0.07422666996717453,0.10456621646881104,2.0125181674957275,0.04025036469101906,-0.12141460180282593,-3.9102725982666016,0.044434916228055954,0.030336633324623108,0.4855022430419922,0.005517071112990379,-0.011660844087600708,0.26590025424957275,0.0030215939041227102,0.047892093658447266,-3.5580406188964844,0.02559741400182247,-0.01601741462945938,-0.3351200520992279,0.0067024012096226215,-0.0023147761821746826,-0.06466063857078552,0.0012932127574458718
15,0.29999999329447746,0.5802725553512573,0.14389780163764954,0.0,317.11297607421875,0.0,317.11297607421875,0.0,1,0,0.03264758363366127,1.541351556777954,-0.0980643481016159,0.09490099549293518,0.03495284542441368,-0.11628814786672592,0.032212577760219574,0.1919146478176117,0.24122288823127747,-0.1851882040500641,-0.95263671875,0.055474985390901566,0.4354745149612427,0.46954867243766785,1.9624608755111694,-1.6413090229034424,-1.5707963705062866,1.3959935903549194,-0.16768774390220642,-0.006362086161971092,0.671694815158844,-0.35968852043151855,-0.24998784065246582,-0.026074886322021484,-0.34816303849220276,-0.26406562328338623,0.1718365103006363,-1.3947283029556274,-1.296126127243042,-0.4754391610622406,0.19200076162815094,0.24362576007843018,0.6977697610855103,0.7535191774368286,0.08208423852920532,-0.013339696452021599,0.08328593522310257,0.007620285265147686,0.4044468104839325,2.3608345985412598,0.317825585603714,-0.1875537633895874,0.16549229621887207,0.971084713935852,-2.1386351585388184,0.2382725179195404,0.5079764127731323,-0.20797641277313234,0.5587771117687226,0.614811795949936,0.5535191774368287,-0.20797641277313234,0.5079764127731323,1.0,0.0,0.510421633720398,0,0,10,right_knee_link,0.5079764127731323,0.07446904480457306,-0.4036634862422943,0.2992493212223053,0.22113047540187836,-0.2848735451698303,0.6465694904327393,0.1466614305973053,0.11878993362188339,0.34732016921043396,12,right_ankle_roll_link,0.4044468104839325,0.317825585603714,-0.1875537633895874,0.16549229621887207,0.20153744518756866,-0.15534119307994843,0.35740694403648376,-0.11628814786672592,0.032212577760219574,0.1919146478176117,11,right_ankle_pitch_link,0.4011725187301636,0.3039294183254242,-0.1974196434020996,0.17202264070510864,0.20143234729766846,-0.1610935628414154,0.3739955723285675,-0.10249706357717514,0.036326080560684204,0.20197293162345886,26,body_26,0.26128870248794556,-0.24203531444072723,0.013019956648349762,0.09757649898529053,0.006777435541152954,0.06838549673557281,1.2413628101348877,0.2488127499818802,0.05536554008722305,1.1437863111495972,9,right_hip_yaw_link,0.24928711354732513,0.027690157294273376,-0.18078207969665527,0.16939646005630493,0.1421663761138916,-0.11610275506973267,0.7000657916069031,0.11447621881961823,0.06467932462692261,0.5306693315505981,0.23999656736850739,26.488304138183594,0.30100345611572266,0.3956015110015869,43.08289337158203,0.48957833647727966,-0.17815935611724854,-17.247920989990234,0.19599910080432892,-0.009015709161758423,-4.312207221984863,0.031023073941469193,-0.18948373198509216,-3.6235761642456055,0.07247152179479599,0.09860794246196747,1.8707884550094604,0.0374157689511776,-0.11322933435440063,-5.18088436126709,0.05887368693947792,-0.0010028108954429626,-2.3850746154785156,0.0271031204611063,0.006378829479217529,1.9405064582824707,0.022051209583878517,0.03480100631713867,-2.089949607849121,0.015035608783364296,-0.01610366255044937,-0.2958019971847534,0.005916039925068617,-0.00258453655987978,-0.05292368680238724,0.0010584737174212933
16,0.3199999928474426,0.6135610342025757,0.15483605861663818,0.0,329.55975341796875,0.0,329.55975341796875,0.0,1,0,0.03795661777257919,1.4111583232879639,-0.09806562215089798,0.09490378201007843,0.034947749227285385,-0.11643289029598236,0.0596737414598465,0.1991400420665741,0.2447318136692047,-0.21090885996818542,-0.9463739991188049,0.06581714749336243,0.4746537506580353,0.497573584318161,2.0833916664123535,-1.6644083261489868,-1.5707963705062866,1.3684340715408325,-0.1807713508605957,-0.01424431148916483,0.6749550104141235,-0.40004801750183105,-0.2614874839782715,-0.04389309883117676,-0.34641215205192566,-0.292757123708725,0.2046249508857727,-1.471235990524292,-1.3969286680221558,-0.47389405965805054,0.2192765772342682,0.24724309146404266,0.7188479900360107,0.7487742304801941,0.08615341037511826,-0.006781991571187973,0.08852292597293854,0.007622653152793646,0.4377506971359253,2.416126251220703,0.3370268940925598,-0.22615785896778107,0.16398528218269348,1.0185084342956543,-2.190439224243164,-0.04777982831001282,0.533832848072052,-0.233832848072052,0.5552681863307953,0.5890911400318146,0.5487742304801941,-0.233832848072052,0.533832848072052,1.0,0.0,0.45200735330581665,0,0,10,right_knee_link,0.533832848072052,0.0751645565032959,-0.42793765664100647,0.3101566731929779,0.22557500004768372,-0.2827822268009186,0.658475935459137,0.15041044354438782,0.1451554298400879,0.34831926226615906,12,right_ankle_roll_link,0.4377506971359253,0.3370268940925598,-0.22615785896778107,0.16398528218269348,0.22059398889541626,-0.16648411750793457,0.3631253242492676,-0.11643289029598236,0.0596737414598465,0.1991400420665741,11,right_ankle_pitch_link,0.4338532090187073,0.3221808671951294,-0.23504067957401276,0.17083320021629333,0.21969732642173767,-0.17152522504329681,0.37992018461227417,-0.10248355567455292,0.06351545453071594,0.20908698439598083,26,body_26,0.28273409605026245,-0.2602321207523346,0.015479043126106262,0.10944497585296631,0.004390037152916193,0.07053735107183456,1.2415990829467773,0.26462215185165405,0.0550583079457283,1.132154107093811,9,right_hip_yaw_link,0.2641688287258148,0.025167755782604218,-0.19303172826766968,0.1785791516304016,0.1443091332912445,-0.113491490483284,0.7066138982772827,0.11914137750864029,0.07954023033380508,0.5280347466468811,0.24359741806983948,25.80571174621582,0.29324671626091003,0.4417848587036133,48.22335433959961,0.5479926466941833,-0.1727713942527771,-16.486753463745117,0.18734946846961975,-0.010474950075149536,-4.810825347900391,0.03461025282740593,-0.1834200620651245,-3.492140293121338,0.06984280794858932,0.09228898584842682,1.723998785018921,0.03447997570037842,-0.12818968296051025,-7.482571125030518,0.08502921462059021,-0.024087153375148773,-3.967085361480713,0.04508051648736,0.019393622875213623,2.684070110321045,0.03050079755485058,0.04710507392883301,0.05751609802246094,0.0004137848736718297,-0.00017620623111724854,0.12821941077709198,0.0025643883273005486,-0.0036161355674266815,-0.08101334422826767,0.001620266935788095
17,0.3399999924004078,0.6455093026161194,0.1658487617969513,0.0,331.47900390625,0.0,331.47900390625,0.0,1,0,0.06083058938384056,1.310218334197998,-0.09811317920684814,0.09495485574007034,0.03494206815958023,-0.11342025548219681,0.08524389564990997,0.20645542442798615,0.24538768827915192,-0.23802337050437927,-0.9397498369216919,0.07614225149154663,0.5139240026473999,0.527329683303833,2.0598814487457275,-1.6839091777801514,-1.5707963705062866,1.3408020734786987,-0.1925046145915985,-0.023359881713986397,0.67766934633255,-0.44057154655456543,-0.27127957344055176,-0.06188058853149414,-0.3434116840362549,-0.3340734839439392,0.2203177809715271,-1.4328113794326782,-1.4431347846984863,-0.3279099464416504,0.24806687235832214,0.24791958928108215,0.739549994468689,0.743625819683075,0.09145348519086838,0.0006284099072217941,0.09443103522062302,0.0076600974425673485,0.47102785110473633,2.5241918563842773,0.35510826110839844,-0.2677498757839203,0.15516237914562225,1.0546510219573975,-2.2729339599609375,-0.30500370264053345,0.5547265410423279,-0.2547265410423279,0.5546123117208481,0.5619766294956208,0.543625819683075,-0.2547265410423279,0.5547265410423279,1.0,0.0,0.3910747170448303,0,0,10,right_knee_link,0.5547265410423279,0.07230660319328308,-0.4522145390510559,0.3130419850349426,0.2289026975631714,-0.2816108763217926,0.6629520654678345,0.1565960943698883,0.1706036478281021,0.34991008043289185,12,right_ankle_roll_link,0.47102785110473633,0.35510826110839844,-0.2677498757839203,0.15516237914562225,0.24168801307678223,-0.18250598013401031,0.3616178035736084,-0.11342025548219681,0.08524389564990997,0.20645542442798615,11,right_ankle_pitch_link,0.46623072028160095,0.3390372395515442,-0.27566248178482056,0.16258853673934937,0.2398557960987091,-0.18661880493164062,0.3785886764526367,-0.09918144345283508,0.08904368430376053,0.21600013971328735,26,body_26,0.3036571443080902,-0.2774676978588104,0.017058901488780975,0.12218153476715088,0.003600355237722397,0.07088551670312881,1.2418367862701416,0.2810680568218231,0.05382661521434784,1.1196552515029907,9,right_hip_yaw_link,0.2775919437408447,0.021460741758346558,-0.2068263441324234,0.18390101194381714,0.1466856598854065,-0.11229071766138077,0.7093396186828613,0.12522491812705994,0.09453562647104263,0.5254386067390442,0.2468416392803192,25.394060134887695,0.2885688543319702,0.48932039737701416,53.585426330566406,0.6089252829551697,-0.16234946250915527,-14.492280960083008,0.16468501091003418,-0.013303279876708984,-5.502202033996582,0.03958418592810631,-0.1741672307252884,-3.276655435562134,0.0655331090092659,0.08245860040187836,1.526682734489441,0.030533654615283012,-0.14944988489151,-9.934399604797363,0.11289090663194656,-0.050227344036102295,-5.66866397857666,0.06441663950681686,0.024810582399368286,2.8708813190460205,0.03262365236878395,0.04740750789642334,0.07018470764160156,0.0005049259634688497,0.0028521791100502014,0.046696409583091736,0.000933928182348609,-0.003621515817940235,-0.08632081747055054,0.0017264164052903652
18,0.35999999195337296,0.6614614129066467,0.17881254851818085,0.0,307.10736083984375,0.0,307.10736083984375,0.0,1,0,0.05182010680437088,1.4151489734649658,-0.09832367300987244,0.09522490203380585,0.03493352234363556,-0.10663123428821564,0.1115657165646553,0.20693153142929077,0.24215391278266907,-0.2595929205417633,-0.9348653554916382,0.08641184121370316,0.5463958978652954,0.5603798627853394,1.8107889890670776,-1.6959154605865479,-1.5707963705062866,1.3192048072814941,-0.20491425693035126,-0.030823420733213425,0.6843796372413635,-0.4757697582244873,-0.2754085063934326,-0.07339215278625488,-0.37181374430656433,-0.36154475808143616,0.21228642761707306,-1.0293551683425903,-1.4716598987579346,-0.23152048885822296,0.2708556056022644,0.24458521604537964,0.7577718496322632,0.739051878452301,0.0982353612780571,0.008860956877470016,0.10114783048629761,0.00787410605698824,0.5151475667953491,2.6844494342803955,0.3768591284751892,-0.3172125220298767,0.15076607465744019,0.9479914903640747,-2.5087718963623047,-0.11681299656629562,0.5720101594924927,-0.2720101594924927,0.557846087217331,0.5404070794582367,0.5390518784523011,-0.2720101594924927,0.5720101594924927,1.0,0.0,0.35534578561782837,0,0,10,right_knee_link,0.5720101594924927,0.06862469017505646,-0.4743826389312744,0.31216567754745483,0.23243634402751923,-0.28078922629356384,0.6638299226760864,0.16381165385246277,0.19359339773654938,0.3516642451286316,12,right_ankle_roll_link,0.5151475667953491,0.3768591284751892,-0.3172125220298767,0.15076607465744019,0.2702278792858124,-0.205646812915802,0.35769760608673096,-0.10663123428821564,0.1115657165646553,0.20693153142929077,11,right_ankle_pitch_link,0.509016215801239,0.35917139053344727,-0.3238787055015564,0.15873244404792786,0.26706287264823914,-0.20844094455242157,0.3747404217720032,-0.09210851788520813,0.11543776094913483,0.21600797772407532,26,body_26,0.3258781433105469,-0.29581454396247864,0.016989663243293762,0.13565278053283691,0.003092740196734667,0.0689336434006691,1.242018699645996,0.2989072799682617,0.051943980157375336,1.1063659191131592,9,right_hip_yaw_link,0.29004770517349243,0.0163918137550354,-0.22101551294326782,0.18711262941360474,0.14902400970458984,-0.11209290474653244,0.7103561758995056,0.13263219594955444,0.10892261564731598,0.5232435464859009,0.24014247953891754,22.911603927612305,0.26035913825035095,0.5286078453063965,56.72956848144531,0.6446542143821716,-0.15910273790359497,-14.011281967163086,0.15921911597251892,-0.012654334306716919,-5.016537189483643,0.036090195178985596,-0.16264408826828003,-3.0521631240844727,0.06104326248168945,0.07186509668827057,1.3278368711471558,0.02655673772096634,-0.1334071159362793,-10.504137992858887,0.11936520785093307,-0.06739410012960434,-7.341094970703125,0.08342153578996658,0.03144250810146332,3.640094757080078,0.04136471450328827,0.0020209550857543945,-1.411625862121582,0.01015558186918497,-0.032416053116321564,-0.9052295684814453,0.018104590475559235,-0.006292764563113451,-0.16705477237701416,0.003341095522046089
19,0.3799999915063381,0.6748260259628296,0.1917984038591385,0.0,278.03070068359375,0.0,278.03070068359375,0.0,1,0,0.05304840952157974,1.6661874055862427,-0.0985635370016098,0.09543175995349884,0.03492950648069382,-0.09600084275007248,0.14028312265872955,0.197204127907753,0.23850154876708984,-0.2786467969417572,-0.9303078055381775,0.09781192988157272,0.5724505186080933,0.6136340498924255,1.7245718240737915,-1.7049440145492554,-1.5707963705062866,1.3005180358886719,-0.21245567500591278,-0.03785436227917671,0.6869469881057739,-0.5034730434417725,-0.27867698669433594,-0.08293938636779785,-0.42773663997650146,-0.37886202335357666,0.22372226417064667,-0.774434506893158,-1.5406074523925781,0.030463427305221558,0.2910173535346985,0.24082258343696594,0.7698862552642822,0.7346469163894653,0.10631478577852249,0.018678218126296997,0.10832227766513824,0.00802946649491787,0.5644300580024719,2.8860349655151367,0.39487627148628235,-0.37252962589263916,0.1545175164937973,0.698104739189148,-2.7893810272216797,0.2473890781402588,0.5825074911117554,-0.2825074911117554,0.5614984512329102,0.5213532030582428,0.5346469163894654,-0.2825074911117554,0.5825074911117554,1.0,0.0,0.32142090797424316,0,0,10,right_knee_link,0.5825074911117554,0.06554490327835083,-0.4900963306427002,0.30793580412864685,0.23699212074279785,-0.2767343521118164,0.6599364280700684,0.17144721746444702,0.2133619785308838,0.3520006239414215,12,right_ankle_roll_link,0.5644300580024719,0.39487627148628235,-0.37252962589263916,0.1545175164937973,0.2988754212856293,-0.2322465032339096,0.3517216444015503,-0.09600084275007248,0.14028312265872955,0.197204127907753,11,right_ankle_pitch_link,0.5568510293960571,0.3760809898376465,-0.3772929012775421,0.16216127574443817,0.2945365011692047,-0.23349367082118988,0.36868929862976074,-0.08154449611902237,0.14379923045635223,0.20652802288532257,26,body_26,0.34832635521888733,-0.3142603635787964,0.020053863525390625,0.1488943099975586,0.003056265413761139,0.07012968510389328,1.2422199249267578,0.31731662154197693,0.050075821578502655,1.0933256149291992,9,right_hip_yaw_link,0.29902103543281555,0.01107548177242279,-0.2316371500492096,0.18877273797988892,0.15216702222824097,-0.10949982702732086,0.7091103196144104,0.14109154045581818,0.12213732302188873,0.5203375816345215,0.23033499717712402,20.683788299560547,0.23504304885864258,0.5604594945907593,59.714962005615234,0.6785790920257568,-0.15392237901687622,-13.189945220947266,0.14988574385643005,-0.014421314001083374,-4.225882053375244,0.030402028933167458,-0.14572760462760925,-2.7160234451293945,0.05432046949863434,0.06155920773744583,1.1193503141403198,0.022387005388736725,-0.11135488748550415,-10.027535438537598,0.11394926905632019,-0.08406370133161545,-8.90584945678711,0.1012028381228447,0.036022529006004333,3.6927595138549805,0.04196317493915558,-0.03629922866821289,-0.4611778259277344,0.003317826194688678,-0.048710357397794724,-1.1443850994110107,0.02288770116865635,-0.004584192764014006,-0.12690363824367523,0.0025380728766322136
20,0.3999999910593033,0.684137761592865,0.20569032430648804,0.0,263.7096862792969,0.0,263.7096862792969,0.0,1,0,0.04091121628880501,1.9933885335922241,-0.09907571226358414,0.09564139693975449,0.034946657717227936,-0.08114062994718552,0.17298445105552673,0.17677411437034607,0.23371532559394836,-0.29668065905570984,-0.9259361028671265,0.11188068985939026,0.5952343344688416,0.6604964137077332,1.7617480754852295,-1.7138820886611938,-1.5707963705062866,1.2977224588394165,-0.21650849282741547,-0.04747079312801361,0.6917986869812012,-0.5265848636627197,-0.2833678722381592,-0.08527922630310059,-0.4820680618286133,-0.3770734965801239,0.24835756421089172,-0.5601716637611389,-1.66548752784729,0.1269453912973404,0.3100762665271759,0.23589709401130676,0.7770779132843018,0.7301356196403503,0.1155395656824112,0.03029016964137554,0.11552684009075165,0.008161086589097977,0.6326807737350464,3.1281633377075195,0.4241161048412323,-0.44128546118736267,0.16024234890937805,0.3267709016799927,-3.0366835594177246,0.676150918006897,0.6326807737350464,-0.3326807737350464,0.5662846744060517,0.5033193409442902,0.5301356196403504,-0.3326807737350464,0.6326807737350464,1.0,0.0,0.301729679107666,0,0,12,right_ankle_roll_link,0.6326807737350464,0.4241161048412323,-0.44128546118736267,0.16024234890937805,0.3429754674434662,-0.26830101013183594,0.3370164632797241,-0.08114062994718552,0.17298445105552673,0.17677411437034607,11,right_ankle_pitch_link,0.6224680542945862,0.40411150455474854,-0.44322603940963745,0.1664663702249527,0.3369840383529663,-0.2677000164985657,0.3535096347332001,-0.06712745130062103,0.17552603781223297,0.18704326450824738,10,right_knee_link,0.5798541307449341,0.063442662358284,-0.4986937344074249,0.2889816462993622,0.24283595383167267,-0.2694896459579468,0.6383586525917053,0.17939329147338867,0.22920408844947815,0.34937700629234314,26,body_26,0.3694363534450531,-0.33178362250328064,0.016837015748023987,0.16161489486694336,0.004146654158830643,0.06555984169244766,1.242647409439087,0.3359302878379822,0.048722825944423676,1.0810325145721436,9,right_hip_yaw_link,0.30308258533477783,0.006844907999038696,-0.24048112332820892,0.1843394637107849,0.15760517120361328,-0.10666356980800629,0.700036346912384,0.15076026320457458,0.13381755352020264,0.5156968832015991,0.21702241897583008,17.614587783813477,0.2001657634973526,0.5849521160125732,61.44778823852539,0.698270320892334,-0.14907649159431458,-13.651869773864746,0.1551348865032196,-0.018851041793823242,-3.5348424911499023,0.025430520996451378,-0.11964273452758789,-2.2276086807250977,0.04455217346549034,0.04790474474430084,0.8145231604576111,0.016290463507175446,-0.09380662441253662,-10.689605712890625,0.1214727908372879,-0.10029518604278564,-10.07376766204834,0.11447463184595108,0.03741931915283203,3.7472689151763916,0.04258260130882263,-0.06804788112640381,2.751516342163086,0.01979508250951767,-0.04417714476585388,-0.9439861178398132,0.0188797228038311,-0.002148060128092766,-0.05455324798822403,0.0010910650016739964
