frame,time_s,left_foot_x,left_foot_y,left_foot_z,left_foot_xy_drift_from_0p5,left_foot_z_delta_from_0p5,left_foot_speed,left_foot_speed_xy,left_foot_speed_z,left_foot_roll,left_foot_pitch,left_foot_yaw,left_foot_rot_drift_deg,left_foot_contact_patch_min_z,right_foot_z,right_foot_contact_patch_min_z,root_vx,root_vy,root_vz,root_speed,root_roll,root_pitch,root_yaw,root_height,root_rel_left_foot_x_world,root_rel_left_foot_y_world,root_rel_left_foot_x_local,root_rel_left_foot_y_local,com_x,com_y,com_z,com_rel_left_foot_x_world,com_rel_left_foot_y_world,com_rel_left_foot_x_local,com_rel_left_foot_y_local
25,0.5,-0.09260131418704987,0.07687685638666153,0.03648430109024048,0.0,0.0,0.22700247168540955,0.1351245641708374,0.18240468204021454,0.04855284984817658,-0.1793482538094866,0.7870976605017069,0.0,-0.00311301571211009,0.22099779546260834,0.17889960422101564,0.21498624980449677,0.08722025901079178,0.16623683273792267,0.2854139804840088,-0.21238013826249683,-0.06786829558745433,0.7258356591160953,0.8060972094535828,0.06650298088788986,-0.021253298968076706,0.0318908517786635,-0.06210734865402652,0.021535928438143934,0.10169318985892417,0.7436754496716539,0.1141372426251938,0.02481633347226264,0.09814753483347292,-0.06332631338709936
26,0.52,-0.0910220816731453,0.07485420256853104,0.03734786808490753,0.002566145732998848,0.0008635669946670532,0.17132164537906647,0.12779350578784943,0.11410488933324814,0.04060856067899273,-0.16602752673084242,0.7864252638461634,0.8928595134519562,-0.0014794808826289682,0.22338855266571045,0.1788539221231116,0.1755177080631256,0.0738307386636734,0.10576510429382324,0.21781574189662933,-0.2080999558874259,-0.06681893108268988,0.7220238667113941,0.806542694568634,0.0704537183046341,-0.017278116196393967,0.03753709204995421,-0.062074362201138156,0.02584371962327971,0.10392743153184371,0.7419406906991786,0.116865801296425,0.029073228963312672,0.10313066243142441,-0.062184681565995666
27,0.54,-0.08976839482784271,0.07327865064144135,0.03796923905611038,0.004579576198011637,0.0014849379658699036,0.11986927688121796,0.10504619032144547,0.057740289717912674,0.030893279758233597,-0.15509619616466686,0.7845768864621372,1.7389815517350196,-0.00014321539529782434,0.23488560318946838,0.18750238660540314,0.12164092063903809,0.055564407259225845,0.06037071719765663,0.1467260718345642,-0.21169357033835934,-0.06938933723801788,0.7200099094513858,0.8070737719535828,0.07014014571905136,-0.013089001178741455,0.04038957127174807,-0.05881874298071353,0.027085697816758236,0.10675653056918558,0.7416289264389794,0.11685409264460095,0.03347787992774423,0.10634914048878819,-0.0588685631686848
28,0.56,-0.0889919325709343,0.07230009883642197,0.0379573255777359,0.005828751716762781,0.0014730244874954224,0.08079342544078827,0.07831943035125732,0.01984049566090107,0.029053171893251423,-0.14976048393629204,0.7792181074224809,2.1192219615886008,0.00012747557907346468,0.241532564163208,0.19293489992296808,0.07206341624259949,0.03856952488422394,0.03280322626233101,0.08807267248630524,-0.21510831540874342,-0.06926410175502462,0.7130202833916318,0.8074585795402527,0.07117501646280289,-0.013075873255729675,0.041449684246646225,-0.059319348493838804,0.028986339409502102,0.10581497562686992,0.7412399420213515,0.1179782719804364,0.033514876790447956,0.1074888864143885,-0.05906148426143229
29,0.58,-0.08837102353572845,0.07149757444858551,0.03763299062848091,0.0068433936685323715,0.0011486895382404327,0.055748991668224335,0.055731259286403656,-0.0014060266548767686,0.030768595675636418,-0.14757786057408295,0.7763645377879279,2.221220135778765,-0.00013973969364367012,0.24850620329380035,0.19920521809597042,0.03852284699678421,0.025940168648958206,0.01829792931675911,0.04991709440946579,-0.22286773713679106,-0.07160584615988719,0.7089419757934982,0.8077704906463623,0.07058916985988617,-0.012482840567827225,0.04161633800171088,-0.058367222149739245,0.0295806217302544,0.10530233736232046,0.7414534782940166,0.11795164526598285,0.03380476291373495,0.1078411077546315,-0.05852903633975229
30,0.6,-0.08792634308338165,0.07093435525894165,0.03696113079786301,0.007560996804386377,0.0004768297076225281,0.040956925600767136,0.039517879486083984,-0.010761359706521034,0.03173130128929305,-0.14994562518294452,0.7750736788529174,2.111663599726619,-0.0009407809036477421,0.253274530172348,0.20379365451797943,0.02341245487332344,0.01713830791413784,0.01100224256515503,0.03103085421025753,-0.2335329786626398,-0.0721514045014171,0.7075878635186353,0.807988166809082,0.06833058595657349,-0.009926583617925644,0.04186697238559946,-0.0549068544241591,0.028293211880695626,0.10657207909346213,0.7415873868008622,0.11621955496407728,0.03563772383452048,0.107961866871074,-0.055868306022880496
31,0.62,-0.08763017505407333,0.07048644870519638,0.036788202822208405,0.00809626653790474,0.000303901731967926,0.03119451180100441,0.02856973372399807,-0.012524689547717571,0.03273957788315144,-0.1485796022637964,0.7756621638209933,2.1334846584795053,-0.0010763715116456907,0.2518894076347351,0.20240894871419676,0.022830327972769737,0.010744026862084866,0.0071075959131121635,0.02621404081583023,-0.2343646033140354,-0.06996355197559367,0.705871310999259,0.8080160021781921,0.07006118446588516,-0.009667277336120605,0.043251790554977756,-0.05595809533610482,0.029901170213545897,0.10591599869413022,0.7413624670876008,0.11753134526761923,0.03542954998893384,0.10871977207879341,-0.05699895869197874
32,0.64,-0.08740050345659256,0.07019279897212982,0.03627847880125046,0.008469064719974995,-0.00020582228899002075,0.023395763710141182,0.021292148157954216,-0.009695676155388355,0.03430646603227399,-0.15117345180971142,0.7758751029015567,1.9642565220588555,-0.001739550385266582,0.25178179144859314,0.20262731529678543,0.030619589611887932,0.006543449126183987,0.0047795274294912815,0.031673647463321686,-0.2387297796897413,-0.07026671313377375,0.7047328158307927,0.8081350922584534,0.06911484152078629,-0.009934160858392715,0.04237745685791874,-0.0554950450099742,0.029033590043821486,0.10498218329433832,0.7413260049974041,0.11643409350041405,0.0347893843222085,0.10747607047649826,-0.0567106133427621
33,0.66,-0.08718902617692947,0.06992730498313904,0.03600302338600159,0.008808468468487263,-0.0004812777042388916,0.017216939479112625,0.016674356535077095,-0.0042882198467850685,0.034635075320506886,-0.1521451883105922,0.7774464723103299,1.8752117252573315,-0.0020662870555247376,0.2487199604511261,0.20016566755227838,0.04075491055846214,0.004738014657050371,0.003168049966916442,0.04115152731537819,-0.24038932988588826,-0.06802041413873039,0.7050408975731969,0.8082167506217957,0.06935759633779526,-0.009244967252016068,0.04294665741227216,-0.055240657186173374,0.028887744420512354,0.10508407046158051,0.7409246511333485,0.11607677059744183,0.035156765478441473,0.10738986178769733,-0.05636694435976228
34,0.68,-0.08712306618690491,0.06975728273391724,0.0361669585108757,0.008983291685581207,-0.0003173425793647766,0.014288500882685184,0.014100523665547371,0.002310088137164712,0.034217842365888346,-0.14941593239599915,0.7786440483894659,1.9951282157636254,-0.0017702013635044755,0.24198366701602936,0.19436070773430408,0.04820440337061882,0.004146300256252289,0.0018118270672857761,0.04841630905866623,-0.23670861149820122,-0.06411352146878846,0.7040114168376655,0.8082465529441833,0.07130183279514313,-0.009143944829702377,0.044335458081142906,-0.05658560102826874,0.029724014579112543,0.10487156756365403,0.740117021919453,0.11684708076601745,0.03511428482973679,0.1078408043036432,-0.05706675222743464
35,0.7,-0.08707821369171143,0.069652259349823,0.03619998320937157,0.00909392349421978,-0.00028431788086891174,0.015755241736769676,0.012782864272594452,0.009210103191435337,0.03373309698532999,-0.1480753038521212,0.7801003248626731,2.050168976723712,-0.001665521680275818,0.23511971533298492,0.1882195820671369,0.0495121031999588,0.0017258822917938232,0.0004787821089848876,0.04954449087381363,-0.23356255450282654,-0.059891875444246345,0.7037094408535041,0.8082912564277649,0.07237494736909866,-0.009172491729259491,0.044995744295403206,-0.05742517397889035,0.029697076371454086,0.10488811011843821,0.7392259130725027,0.1167752900631655,0.03523585076861521,0.10779205658896147,-0.0570868293483417
36,0.72,-0.08693291246891022,0.06928075850009918,0.03644099086523056,0.009477946907281876,-4.331022500991821e-05,0.019659623503684998,0.011510109528899193,0.01593794673681259,0.03180003221779463,-0.14561894114163443,0.7853797476356525,2.167083295875942,-0.0012681874035683632,0.22811464965343475,0.18215959406471005,0.04327511787414551,-0.006034038960933685,-0.0008482545963488519,0.04370200261473656,-0.22945360543821616,-0.056863164963276924,0.7028455472645833,0.8083015084266663,0.07331623882055283,-0.008356723934412003,0.045934377008763905,-0.057750659896879566,0.02950533086078475,0.10535372829302202,0.7383396538219488,0.11643824332969496,0.036072969792922835,0.10784275949706588,-0.05682484389282899
37,0.74,-0.0869489461183548,0.06897086650133133,0.03691476956009865,0.009718741290271282,0.00043046846985816956,0.024050313979387283,0.009154061786830425,0.02224007062613964,0.029816600342053957,-0.1426630941177487,0.7896925221467413,2.3539795916370956,-0.0006139731876548676,0.2171422392129898,0.17210156283329928,0.03006790764629841,-0.020538320764899254,-0.002010127529501915,0.036468371748924255,-0.22294319316026906,-0.05146004334152554,0.7028063491665186,0.8082635998725891,0.07474137842655182,-0.007094737142324448,0.047584457371613535,-0.05807175183227037,0.028980912571253264,0.10636273633152084,0.736962575135189,0.11592985868960806,0.03739186983018951,0.10817534889118245,-0.055999803191272735
38,0.76,-0.08686917275190353,0.06866109371185303,0.03738442063331604,0.01001779455691576,0.0009001195430755615,0.028640903532505035,0.006643957924097776,0.027859633788466454,0.029454286782277826,-0.13998975339960773,0.7952966189905388,2.5178977025452154,-1.4913746970060537e-05,0.20646195113658905,0.16294412899101143,0.012035094201564789,-0.03934979438781738,-0.0028027931693941355,0.04124445840716362,-0.2139702515060009,-0.048374659939987685,0.7025662972009628,0.8081710934638977,0.07523053139448166,-0.007368046790361404,0.04740555234687645,-0.05887813324221993,0.02791426746511254,0.10609012062412913,0.735796735636704,0.11478344021701607,0.037429026912276106,0.10708377974380281,-0.055760508600925775
39,0.78,-0.0869387686252594,0.06853727996349335,0.0380905382335186,0.010080325417220592,0.001606237143278122,0.03409850224852562,0.010827021673321724,0.03233393654227257,0.02812482072926116,-0.13590764989565618,0.79892278882539,2.788301480960098,0.0009079028793587199,0.19499564170837402,0.15301984839290397,-0.0073603116907179356,-0.05737043544650078,-0.00323981954716146,0.057931315153837204,-0.2019831974489108,-0.045517625992411936,0.698752565745707,0.808079719543457,0.07524216175079346,-0.008953582495450974,0.04606364787315881,-0.060163858661600525,0.026369612575981995,0.10472827355803112,0.7347639125654698,0.1133083812012414,0.03619099359453777,0.10496487524405046,-0.05595491249932069
40,0.8,-0.08710678666830063,0.06853774935007095,0.038725346326828,0.009986517950892448,0.0022410452365875244,0.04119906947016716,0.022221438586711884,0.03469252213835716,0.029882771261038353,-0.1348150092187208,0.8008058904414979,2.8299254638765734,0.0015503017166753966,0.18424881994724274,0.1441416367585002,-0.02315720170736313,-0.07003498077392578,-0.004002871923148632,0.07387270778417587,-0.19260919246376404,-0.04170997621838701,0.6941036057670531,0.8079829812049866,0.07461203634738922,-0.01065019890666008,0.04429359311729709,-0.06097917934356682,0.024424215160076743,0.10318042264210722,0.7338945675864268,0.11153100182837737,0.03464267329203627,0.10251047022996813,-0.0559542909426176
41,0.82,-0.08749759942293167,0.06891420483589172,0.039760999381542206,0.00945789273828268,0.0032766982913017273,0.050964225083589554,0.038945648819208145,0.03287230804562569,0.03577163384814484,-0.13245828330130416,0.799612825855448,2.846924859912661,0.0025529843078919076,0.17419499158859253,0.13596180183509,-0.028672708198428154,-0.07524824142456055,-0.007182938512414694,0.08084563165903091,-0.18109068299313047,-0.03883350995106327,0.6938033306156598,0.8079144954681396,0.07504874467849731,-0.013037443161010742,0.0429588324427868,-0.06290332039842915,0.02357793968209623,0.10119142486949019,0.7336682475217567,0.1110755391050279,0.03227722003359847,0.10056346982580064,-0.057154027479830304
42,0.84,-0.08814985305070877,0.06949051469564438,0.040453068912029266,0.008624009788036346,0.003968767821788788,0.06584034115076065,0.06171981990337372,0.02292628400027752,0.042871664586000946,-0.13365740605435117,0.7976308442718005,2.6948492146542953,0.003023056696609773,0.16575519740581512,0.12983691370628725,-0.016804471611976624,-0.0729309692978859,-0.017178785055875778,0.07678819447755814,-0.1749081628876088,-0.03610776373831315,0.6888279934125036,0.8080072999000549,0.07311533391475677,-0.014361172914505005,0.04078572087206632,-0.0623588030184399,0.02040489413744319,0.09993839138987012,0.7336002758450387,0.10855474718815196,0.030447876694225745,0.09760675121618735,-0.05642808209829281
43,0.86,-0.08885857462882996,0.07000035047531128,0.04130921885371208,0.007829075679183006,0.004824917763471603,0.08930359035730362,0.08929958939552307,-0.0008451868779957294,0.04466124364878728,-0.1324844158804379,0.8040658220293175,2.852568458410922,0.0038905296800662847,0.15672673285007477,0.1223285669457613,0.016042040660977364,-0.06422841548919678,-0.04060203582048416,0.07766055315732956,-0.1617230838544703,-0.03272156415639982,0.6804459395319498,0.8078358173370361,0.07260435819625854,-0.01798652485013008,0.03741817849709587,-0.06476718168358443,0.01921891033949951,0.09568498558981227,0.7338846409393276,0.10807748496832947,0.02568463511450099,0.0934800974917359,-0.060015952970690165
44,0.88,-0.08983505517244339,0.070822574198246,0.04192771017551422,0.006656314246356487,0.005443409085273743,0.1221836507320404,0.11443568021059036,-0.04281728342175484,0.04786186794641243,-0.1318060733305657,0.8126232418112861,3.089035616719099,0.004465029171155384,0.14952410757541656,0.11762592086325707,0.06570441275835037,-0.05171818658709526,-0.0830937996506691,0.11788307875394821,-0.1560673819520178,-0.031702323007584576,0.675069626254503,0.8078963756561279,0.07277455925941467,-0.019455868750810623,0.03591272392574093,-0.06621890639752624,0.017765937589987176,0.0928708609851034,0.7344192429888011,0.10760099276243057,0.0220482867868574,0.08999513663053574,-0.06296805520696466
45,0.9,-0.0913514569401741,0.0722348615527153,0.04305277019739151,0.004807312972843647,0.0065684691071510315,0.16018307209014893,0.12513935565948486,-0.09999378770589828,0.05018927736380169,-0.1253692326038145,0.8183135686891092,3.5809245922838118,0.005829287752234666,0.14051394164562225,0.1073566082681084,0.12039998173713684,-0.039509113878011703,-0.14285001158714294,0.19095352292060852,-0.14483832398915805,-0.02570284263014555,0.666185526477335,0.8079585433006287,0.07679338753223419,-0.021873485296964645,0.03651717238476017,-0.07100823789345952,0.019039281769395584,0.08875552826894763,0.7350224152191316,0.11039073870956968,0.016520666716232327,0.08750690272487802,-0.06929350328199645
