frame,t,rz,pgz,lv_norm,av_norm,top_cf_name,top_cf_val,apparent_force_norm,tau_tensor_norm,tau_tensor_max,tau_tensor_nz,wrote_actuation,control_mode
0,0.0,0.38999998569488525,1.0,0.0,0.0,pelvis,0.0,0.0,0.0,0.0,0,True,noPD_zero_write
1,0.02,0.3877927362918854,1.0,0.19619997,4.346425e-08,pelvis,0.0,160.33415,0.0,0.0,0,True,noPD_zero_write
2,0.04,0.38166162371635437,1.0,0.3923999,7.568191e-08,pelvis,0.0,160.33412,0.0,0.0,0,True,noPD_zero_write
3,0.06,0.3716062605381012,1.0,0.5885998,1.0873828e-07,pelvis,0.0,160.33409,0.0,0.0,0,True,noPD_zero_write
4,0.08,0.3576270043849945,1.0,0.7847997,1.611478e-07,pelvis,0.0,160.33409,0.0,0.0,0,True,noPD_zero_write
5,0.1,0.33972373604774475,1.0,0.9809996,2.0524479e-07,pelvis,0.0,160.33409,0.0,0.0,0,True,noPD_zero_write
6,0.12,0.3178965449333191,1.0,1.1772,2.5498534e-07,pelvis,0.0,160.33449,0.0,0.0,0,True,noPD_zero_write
7,0.14,0.292145311832428,1.0,1.3734003,3.130858e-07,pelvis,0.0,160.33449,0.0,0.0,0,True,noPD_zero_write
8,0.16,0.2624701261520386,1.0,1.5696007,3.3436393e-07,pelvis,0.0,160.33449,0.0,0.0,0,True,noPD_zero_write
9,0.18,0.22887086868286133,1.0,1.7658011,3.3873874e-07,pelvis,0.0,160.33449,0.0,0.0,0,True,noPD_zero_write
10,0.2,0.1913476288318634,1.0,1.9620014,3.7574367e-07,pelvis,0.0,160.33449,0.0,0.0,0,True,noPD_zero_write
11,0.22,0.14990031719207764,1.0,2.158201,4.407187e-07,pelvis,0.0,160.33379,0.0,0.0,0,True,noPD_zero_write
12,0.24,0.1045290008187294,1.0,2.3544004,4.964341e-07,pelvis,0.0,160.3337,0.0,0.0,0,True,noPD_zero_write
13,0.26,0.055233828723430634,1.0,2.5505998,5.43356e-07,pelvis,0.0,160.3337,0.0,0.0,0,True,noPD_zero_write
14,0.28,0.0020146071910858154,1.0,2.7467992,5.4482314e-07,pelvis,0.0,160.3337,0.0,0.0,0,True,noPD_zero_write
15,0.3,-0.05512857437133789,1.0,2.9429986,5.7054655e-07,pelvis,0.0,160.3337,0.0,0.0,0,True,noPD_zero_write
16,0.32,-0.11619580537080765,1.0,3.139198,5.676305e-07,pelvis,0.0,160.3337,0.0,0.0,0,True,noPD_zero_write
17,0.34,-0.1811869740486145,1.0,3.3353975,5.682332e-07,pelvis,0.0,160.3337,0.0,0.0,0,True,noPD_zero_write
18,0.36,-0.250102162361145,1.0,3.531597,6.219853e-07,pelvis,0.0,160.3337,0.0,0.0,0,True,noPD_zero_write
19,0.38,-0.32294130325317383,1.0,3.7277963,6.824351e-07,pelvis,0.0,160.3337,0.0,0.0,0,True,noPD_zero_write
20,0.4,-0.3997043967247009,1.0,3.9239957,7.582386e-07,pelvis,0.0,160.3337,0.0,0.0,0,True,noPD_zero_write
21,0.42,-0.48039135336875916,1.0,4.1201963,8.242775e-07,pelvis,0.0,160.33467,0.0,0.0,0,True,noPD_zero_write
22,0.44,-0.5650023818016052,1.0,4.3163977,8.1953743e-07,pelvis,0.0,160.33525,0.0,0.0,0,True,noPD_zero_write
23,0.46,-0.6535375714302063,1.0,4.512599,8.1054606e-07,pelvis,0.0,160.33525,0.0,0.0,0,True,noPD_zero_write
24,0.48,-0.7459969520568848,1.0,4.7088003,8.0944255e-07,pelvis,0.0,160.33525,0.0,0.0,0,True,noPD_zero_write
25,0.5,-0.8423799276351929,1.0,4.9050016,8.1255007e-07,pelvis,0.0,160.33525,0.0,0.0,0,True,noPD_zero_write
26,0.52,-0.9426868557929993,1.0,5.101203,8.2403585e-07,pelvis,0.0,160.33525,0.0,0.0,0,True,noPD_zero_write
27,0.54,-1.0469181537628174,1.0,5.2974043,9.0236165e-07,pelvis,0.0,160.33525,0.0,0.0,0,True,noPD_zero_write
28,0.56,-1.1550740003585815,1.0,5.4936056,9.835794e-07,pelvis,0.0,160.33525,0.0,0.0,0,True,noPD_zero_write
29,0.58,-1.2671537399291992,1.0,5.689807,1.0673089e-06,pelvis,0.0,160.33525,0.0,0.0,0,True,noPD_zero_write
30,0.6,-1.3831570148468018,1.0,5.8860083,1.151719e-06,pelvis,0.0,160.33525,0.0,0.0,0,True,noPD_zero_write
31,0.62,-1.5030840635299683,1.0,6.0822096,1.2368873e-06,pelvis,0.0,160.33525,0.0,0.0,0,True,noPD_zero_write
32,0.64,-1.6269354820251465,1.0,6.278411,1.3226842e-06,pelvis,0.0,160.33525,0.0,0.0,0,True,noPD_zero_write
33,0.66,-1.75471031665802,1.0,6.474612,1.4019541e-06,pelvis,0.0,160.33525,0.0,0.0,0,True,noPD_zero_write
34,0.68,-1.886410117149353,1.0,6.6708136,1.4867945e-06,pelvis,0.0,160.33525,0.0,0.0,0,True,noPD_zero_write
35,0.7000000000000001,-2.02203369140625,1.0,6.867015,1.5492818e-06,pelvis,0.0,160.33525,0.0,0.0,0,True,noPD_zero_write
36,0.72,-2.161581039428711,1.0,7.063216,1.6358887e-06,pelvis,0.0,160.33525,0.0,0.0,0,True,noPD_zero_write
37,0.74,-2.3050527572631836,1.0,7.2594175,1.6494214e-06,pelvis,0.0,160.33525,0.0,0.0,0,True,noPD_zero_write
38,0.76,-2.452448606491089,1.0,7.455619,1.6460232e-06,pelvis,0.0,160.33525,0.0,0.0,0,True,noPD_zero_write
39,0.78,-2.603766679763794,1.0,7.65182,1.6466707e-06,pelvis,0.0,160.33525,0.0,0.0,0,True,noPD_zero_write
40,0.8,-2.759010076522827,1.0,7.8480215,1.6498645e-06,pelvis,0.0,160.33525,0.0,0.0,0,True,noPD_zero_write
41,0.8200000000000001,-2.918177843093872,1.0,8.044222,1.6479174e-06,pelvis,0.0,160.33449,0.0,0.0,0,True,noPD_zero_write
42,0.84,-3.081271171569824,1.0,8.240419,1.6458796e-06,pelvis,0.0,160.33214,0.0,0.0,0,True,noPD_zero_write
43,0.86,-3.248286008834839,1.0,8.436617,1.6448851e-06,pelvis,0.0,160.33214,0.0,0.0,0,True,noPD_zero_write
44,0.88,-3.4192256927490234,1.0,8.632814,1.6461456e-06,pelvis,0.0,160.33214,0.0,0.0,0,True,noPD_zero_write
45,0.9,-3.594089984893799,1.0,8.829012,1.5785322e-06,pelvis,0.0,160.33214,0.0,0.0,0,True,noPD_zero_write
46,0.92,-3.772876501083374,1.0,9.025209,1.6056446e-06,pelvis,0.0,160.33214,0.0,0.0,0,True,noPD_zero_write
47,0.9400000000000001,-3.9555883407592773,1.0,9.221407,1.6067851e-06,pelvis,0.0,160.33214,0.0,0.0,0,True,noPD_zero_write
48,0.96,-4.142223834991455,1.0,9.417604,1.7078368e-06,pelvis,0.0,160.33214,0.0,0.0,0,True,noPD_zero_write
49,0.98,-4.332782745361328,1.0,9.613802,1.8064483e-06,pelvis,0.0,160.33214,0.0,0.0,0,True,noPD_zero_write
50,1.0,-4.5272650718688965,1.0,9.809999,1.9086724e-06,pelvis,0.0,160.33214,0.0,0.0,0,True,noPD_zero_write
