frame,t,rz,pgz,lv_norm,av_norm,dof_pos_err_max,dof_vel_max,tau_max,tau_cmd_max,tau_sat,saturated_joints,L_fz,R_fz,non_foot_cf_sum,top_cf,top_cf_val,kneeL,kneeR,kneeL_vel,kneeR_vel,kneeL_tau,kneeR_tau,kneeL_tau_cmd,kneeR_tau_cmd,knee_hit,bz_min
0,0.0,0.4103291630744934,0.9999562098746537,0.0,0.0,0.0,0.0,0.0,0.0,0.0,,0.0,0.0,0,pelvis,0.0,0.4244813621044159,0.4350522756576538,0.0,0.0,0.0,0.0,0.0,0.0,False,0.03364689
1,0.02,0.40812188386917114,0.9999562098746537,0.192132,0.068791136,1.4901161193847656e-08,1.3132964372634888,0.0,1.3132964,0.0,,0.0,22.089802,0,right_ankle_roll_link,22.089802,0.4244813621044159,0.4350522756576538,0.012202293612062931,-0.16971461474895477,0.0,0.0,-0.03660688,0.5091438,False,0.0314397
2,0.04,0.40516412258148193,0.9999667188749299,0.17573176,0.6272769,0.088559091091156,6.679009437561035,1.3132964,27.121758,0.0,,48.359135,29.415897,0,left_ankle_roll_link,48.359135,0.47356897592544556,0.5236113667488098,4.224009990692139,6.679009437561035,-0.03660688,0.5091438,-16.59904,-27.121758,False,0.030997872
3,0.06,0.410525918006897,0.995727970264852,1.5222374,8.059941,0.4002099335193634,36.01874542236328,27.121758,140.07303,0.0,,0.0,0.0,0,pelvis,0.0,0.14038965106010437,0.03484233841300011,-35.669803619384766,-36.01874542236328,-16.59904,-27.121758,129.73676,140.07303,False,0.032046437
4,0.08,0.4084410071372986,0.9982406218769029,0.84058785,2.808875,0.47021809220314026,36.11697006225586,140.07303,145.90007,0.0,,0.0,0.0,0,pelvis,0.0,0.8946994543075562,0.7911611795425415,36.094207763671875,36.11697006225586,129.73676,140.07303,-145.90007,-136.83961,False,0.055879522
5,0.1,0.41094961762428284,0.995372966863215,0.39525607,6.164922,0.4167199730873108,36.083805084228516,145.90007,133.88554,0.0,,177.93987,0.0,0,left_ankle_roll_link,177.93987,0.1796002835035324,0.10008732974529266,-35.06928253173828,-35.69611740112305,-145.90007,-136.83961,124.79833,133.88554,False,0.036158763
6,0.12,0.40636488795280457,0.9999255963775795,0.8318737,4.970015,0.5080770254135132,36.13407516479492,133.88554,146.44098,0.0,,0.0,0.0,0,pelvis,0.0,0.9029989838600159,0.8379372358322144,36.05318832397461,36.13407516479492,124.79833,133.88554,-146.44098,-140.63303,False,0.062875114
7,0.14,0.4046920835971832,0.9931756863370538,0.65699345,11.95213,0.41392576694488525,36.81644821166992,146.44098,128.78078,0.0,,0.0,168.53671,0,right_ankle_roll_link,168.53671,0.20295289158821106,0.16375231742858887,-35.528419494628906,-35.6922607421875,-146.44098,-140.63303,124.30754,128.78078,False,0.037657805
8,0.16,0.3998481035232544,0.9871323062106967,1.0025947,6.672056,0.5292185544967651,36.1344108581543,128.78078,147.66139,0.0,,0.0,0.0,0,pelvis,0.0,0.9167447686195374,0.8650516271591187,36.093441009521484,36.1344108581543,124.30754,128.78078,-147.66139,-142.80318,False,0.067985006
9,0.18,0.39542055130004883,0.9565899409353733,1.0011749,17.179155,0.3768501281738281,36.86472702026367,147.66139,127.227455,0.0,,71.48458,186.58311,0,right_ankle_roll_link,186.58311,0.2135830521583557,0.1929337978363037,-35.43730545043945,-35.952659606933594,-147.66139,-142.80318,123.183784,127.227455,False,0.03371881
10,0.2,0.3926943242549896,0.9277259036898613,0.9714197,7.133839,0.5574086308479309,36.06336212158203,127.227455,145.86687,0.0,,0.0,0.0,0,pelvis,0.0,0.8954411745071411,0.8967884182929993,36.06336212158203,36.01644515991211,123.183784,127.227455,-145.86687,-144.98822,False,0.07317686
11,0.22,0.38816413283348083,0.8533136695623398,1.1650252,21.002016,0.4797145426273346,36.62188720703125,145.86687,122.67322,0.0,,0.0,242.46399,0,right_ankle_roll_link,242.46399,0.20430856943130493,0.22364072501659393,-35.019798278808594,-35.15926742553711,-145.86687,-144.98822,122.67322,122.390724,False,0.03965427
12,0.24,0.388597309589386,0.7794006913900375,1.0345082,7.228527,0.5857101082801819,36.17692947387695,122.67322,145.83214,0.0,,0.0,0.0,0,pelvis,0.0,0.8740987777709961,0.901319146156311,36.054664611816406,36.17692947387695,122.67322,122.390724,-144.13339,-145.83214,False,0.08593762
13,0.26,0.38372576236724854,0.6297012865543365,1.1812568,23.725391,0.5354027152061462,36.88733673095703,145.83214,122.39698,0.0,,0.0,174.74423,0,right_ankle_roll_link,174.74423,0.191147118806839,0.217473104596138,-34.57674789428711,-33.81340026855469,-144.13339,-145.83214,122.39698,118.846535,False,0.05816348
14,0.28,0.3842812180519104,0.5060830116271973,1.2688837,6.2322216,0.5983895659446716,36.44152069091797,122.39698,143.6307,0.0,,0.0,0.0,0,pelvis,0.0,0.848837673664093,0.8638792037963867,36.04350280761719,36.44152069091797,122.39698,118.846535,-142.07901,-143.6307,False,0.1079661
15,0.3,0.37210825085639954,0.2915726900100708,1.2043573,21.834604,0.5453634262084961,36.288299560546875,143.6307,126.93103,0.0,,0.0,0.0,0,pelvis,0.0,0.17257119715213776,0.15136460959911346,-34.014705657958984,-34.74534225463867,-142.07901,-143.6307,122.19693,126.93103,False,0.086419344
16,0.32,0.3611254394054413,0.17080903053283691,1.7101423,5.2041707,0.6290233135223389,36.085609436035156,126.93103,140.68074,0.0,,0.0,0.0,0,pelvis,0.0,0.8315884470939636,0.7865966558456421,36.037391662597656,36.085609436035156,122.19693,126.93103,-140.68074,-136.38037,False,0.13311046
17,0.34,0.34693485498428345,-0.1249929666519165,1.3550808,29.134098,0.6224506497383118,36.612125396728516,140.68074,121.13928,0.0,,0.0,0.0,0,pelvis,0.0,0.17074640095233917,0.13996772468090057,-33.613494873046875,-30.35015296936035,-140.68074,-136.38037,121.13928,114.65723,False,0.12670706
18,0.36,0.32480955123901367,-0.18447470664978027,2.3984692,6.513304,0.6061055660247803,36.04730987548828,121.13928,137.37175,0.0,,0.0,0.0,0,pelvis,0.0,0.7910257577896118,0.7079601883888245,36.01606750488281,36.04730987548828,121.13928,114.65723,-137.37175,-129.97456,False,0.120957285
19,0.38,0.29717332124710083,-0.45053887367248535,2.0886786,28.135588,0.6550878286361694,36.60293960571289,137.37175,121.69776,0.0,,0.0,0.0,0,pelvis,0.0,0.1498444378376007,0.09180761128664017,-33.24226760864258,-28.708919525146484,-137.37175,-129.97456,121.69776,113.58633,False,0.04669218
20,0.4,0.2614728510379791,-0.4501640796661377,2.3750305,5.66616,0.6606059074401855,36.480281829833984,121.69776,131.40349,0.0,,0.0,0.0,0,pelvis,0.0,0.743014931678772,0.6399012804031372,35.30693435668945,35.40510940551758,121.69776,113.58633,-131.40349,-122.60326,False,-0.015803408
21,0.42,0.22989363968372345,-0.6887903213500977,2.8467443,33.520477,0.7832305431365967,36.55717849731445,131.40349,122.044846,0.0,,0.0,0.0,0,pelvis,0.0,0.1474875658750534,0.08642102777957916,-33.29511260986328,-25.78316879272461,-131.40349,-122.60326,122.044846,105.240005,False,-0.07348122
22,0.44,0.2163456678390503,-0.5607705116271973,1.2686884,11.245689,0.9456518888473511,36.311153411865234,122.044846,130.19463,0.0,,0.0,0.0,0,pelvis,0.0,0.6961758136749268,0.584413468837738,36.15302658081055,34.67536163330078,122.044846,105.240005,-130.19463,-115.97498,False,-0.075935766
23,0.46,0.21759384870529175,-0.7136855125427246,1.6577077,30.805079,0.8388493061065674,36.2604866027832,130.19463,121.34714,0.0,,0.0,0.0,0,pelvis,0.0,0.1867033690214157,0.04296690598130226,-33.8303337097168,-27.89746856689453,-130.19463,-115.97498,120.51324,115.059235,False,-0.08287378
24,0.48,0.21702007949352264,-0.5527942180633545,1.5169475,21.255087,1.1964445114135742,37.127342224121094,121.34714,134.39932,0.0,,0.0,0.0,0,pelvis,0.0,0.7121975421905518,0.45016035437583923,37.127342224121094,35.22117614746094,120.51324,115.059235,-134.39932,-106.87218,False,-0.070964985
25,0.5,0.21670988202095032,-0.7215410470962524,1.746426,31.38907,0.9009947180747986,36.169307708740234,134.39932,120.099106,0.0,,0.0,0.0,0,pelvis,0.0,0.3149970769882202,-8.278605673694983e-05,-34.15877914428711,-0.04656008630990982,-134.39932,-106.87218,111.23508,34.950485,True,-0.07980719
26,0.52,0.21843187510967255,-0.5371441841125488,1.4315583,15.098186,1.0578612089157104,39.19551086425781,120.099106,150.33498,0.0,,0.0,0.0,0,pelvis,0.0,0.8669512867927551,0.010673272423446178,38.31245803833008,-4.644611358642578,111.23508,34.950485,-150.33498,47.88415,False,-0.058736682
27,0.54,0.22127243876457214,-0.6998240947723389,1.157398,28.020897,0.7406211495399475,36.726131439208984,150.33498,119.87306,0.0,,0.0,0.0,0,pelvis,0.0,0.29219406843185425,0.5614844560623169,-35.70847702026367,36.58616256713867,-150.33498,47.88415,117.70841,-119.87306,False,-0.07255076
28,0.56,0.21958215534687042,-0.5613889694213867,1.2577852,32.25316,0.8381049633026123,37.275611877441406,119.87306,148.20557,0.0,,0.0,0.0,0,pelvis,0.0,0.9244755506515503,-0.0025013331323862076,36.06867599487305,-1.0613059997558594,117.70841,-119.87306,-148.20557,38.188206,True,-0.049537346
29,0.58,0.22945015132427216,-0.6873475313186646,0.5061112,30.482668,0.41875845193862915,37.510929107666016,148.20557,115.813095,0.0,,0.0,0.0,0,pelvis,0.0,0.3005600869655609,0.2437073141336441,-35.29979705810547,36.82051086425781,-148.20557,38.188206,115.813095,-95.15394,False,-0.052172706
30,0.6,0.2291131615638733,-0.524199366569519,0.928354,34.36393,0.5348905324935913,36.53425216674805,115.813095,146.124,0.0,,0.0,0.0,0,pelvis,0.0,0.9593719244003296,-0.0008910915348678827,34.444252014160156,-0.6582385897636414,115.813095,-95.15394,-146.124,36.850185,True,-0.013316764
31,0.62,0.23301559686660767,-0.6088939905166626,0.63713557,30.948717,0.3007742464542389,36.8864860534668,146.124,119.78479,0.0,,0.0,0.0,0,pelvis,0.0,0.28044822812080383,0.26565369963645935,-36.087379455566406,36.72727966308594,-146.124,36.850185,119.78479,-96.62995,False,-0.013098955
32,0.64,0.22479334473609924,-0.4762711524963379,0.616475,41.47613,0.5404871702194214,36.3940315246582,119.78479,151.01126,0.0,,0.0,0.0,0,pelvis,0.0,0.9649685025215149,-0.0009033821988850832,35.924095153808594,0.1781659722328186,119.78479,-96.62995,-151.01126,34.341953,True,0.04130669
33,0.66,0.2206331342458725,-0.4328807592391968,0.8370288,32.13316,0.30107927322387695,36.35284423828125,151.01126,122.03066,0.0,,0.0,0.0,0,pelvis,0.0,0.25144585967063904,0.1960894763469696,-36.06260681152344,35.9157600402832,-151.01126,34.341953,122.03066,-88.630264,False,0.05646988
34,0.68,0.2072850614786148,-0.389707088470459,0.6736025,41.845146,0.5148462653160095,36.38850021362305,122.03066,148.31488,0.0,,0.0,0.0,0,pelvis,0.0,0.9318886399269104,-0.0007863678620196879,35.907432556152344,0.3102724552154541,122.03066,-88.630264,-148.31488,33.936275,True,0.06553888
35,0.7000000000000001,0.19671952724456787,-0.20649313926696777,0.9061704,35.843113,0.38271310925483704,36.670135498046875,148.31488,125.65623,0.0,,0.0,0.0,0,pelvis,0.0,0.20735158026218414,0.251976877450943,-36.095279693603516,36.670135498046875,-148.31488,33.936275,125.65623,-95.36437,False,0.062462457
36,0.72,0.17962029576301575,-0.2928657531738281,1.122337,38.427765,0.560925304889679,36.27259063720703,125.65623,144.89508,0.0,,0.0,0.0,0,pelvis,0.0,0.8860707879066467,-0.0006791321793571115,35.98930740356445,0.41984301805496216,125.65623,-95.36437,-144.89508,33.598984,True,0.029346595
37,0.74,0.1591324359178543,-0.015347123146057129,1.147473,38.811214,0.41368380188941956,36.53403091430664,144.89508,129.17671,0.0,,0.0,0.0,0,pelvis,0.0,0.163040891289711,0.24135643243789673,-36.087158203125,36.53403091430664,-144.89508,33.598984,129.17671,-94.10643,False,0.017657015
38,0.76,0.12994147837162018,-0.2218550443649292,2.1673357,38.286827,0.5897826552391052,36.18242645263672,129.17671,128.76408,0.0,,373.0706,0.0,0,left_ankle_roll_link,373.0706,0.7970086932182312,-0.0006746075814589858,32.98729705810547,0.8901315331459045,129.17671,-94.10643,-128.76408,32.187756,True,-0.020308975
39,0.78,0.10071541368961334,-0.06187760829925537,0.5632187,25.276054,0.3936355710029602,37.32537841796875,128.76408,136.27206,0.0,,0.0,0.0,4583.7041015625,torso_link,4583.704,0.053961824625730515,0.2566801607608795,-35.54350280761719,35.86398696899414,-128.76408,32.187756,136.27206,-93.3222,False,-0.08152437
40,0.8,0.10514179617166519,-0.33767807483673096,0.7291858,28.3992,0.5464556217193604,36.11196517944336,136.27206,137.6887,0.0,,0.0,0.0,3658.587158203125,torso_link,3658.5872,0.7913914918899536,-0.0006540305912494659,36.11196517944336,0.47040867805480957,136.27206,-93.3222,-137.6887,33.445282,True,-0.09328936
41,0.8200000000000001,0.11779648065567017,-0.1285771131515503,1.2461371,25.582754,0.484999418258667,36.61339569091797,137.6887,137.43655,0.0,,0.0,0.0,0,pelvis,0.0,0.05835917219519615,0.38364991545677185,-36.048927307128906,36.61339569091797,-137.6887,33.445282,137.43655,-105.728,False,-0.09848353
42,0.84,0.12279672175645828,-0.2857663631439209,1.1025195,23.853445,0.5853366851806641,36.140865325927734,137.43655,135.49377,0.0,,0.0,0.0,0,pelvis,0.0,0.7660160660743713,-0.0006450437940657139,36.057003021240234,0.8366709351539612,137.43655,-105.728,-135.49377,32.34577,True,-0.07765429
43,0.86,0.11746399849653244,-0.07069051265716553,0.98743886,20.857454,0.45370614528656006,37.51155471801758,135.49377,119.56463,0.0,,146.93834,0.0,293.8766784667969,left_hip_yaw_link,146.93834,0.018180526793003082,0.38668158650398254,-29.020187377929688,37.51155471801758,-135.49377,32.34577,119.56463,-108.665016,False,-0.06976233
44,0.88,0.11065302044153214,-0.1946408748626709,1.3668777,18.81925,0.5670291185379028,36.150142669677734,119.56463,130.43861,0.0,,0.0,0.0,0,pelvis,0.0,0.7030938863754272,-0.0007960520451888442,36.049869537353516,1.1780834197998047,119.56463,-108.665016,-130.43861,31.333616,True,-0.061352246
45,0.9,0.10694360733032227,0.023090481758117676,1.2546816,20.550152,0.44594183564186096,36.704227447509766,130.43861,109.97724,0.0,,0.0,0.0,367.4445495605469,left_hip_yaw_link,367.44455,-1.9595770481828367e-06,0.4350546598434448,-11.985898971557617,36.65901565551758,-130.43861,31.333616,69.91637,-109.97724,True,-0.061164733
46,0.92,0.11755719035863876,-0.18384277820587158,1.247807,30.590988,0.6527805924415588,36.24583435058594,109.97724,127.08613,0.0,,60.83557,0.0,0,left_ankle_roll_link,60.83557,0.6763764023780823,-0.0006722845719195902,35.644840240478516,1.0330805778503418,69.91637,-109.97724,-127.08613,31.758722,True,-0.0586869
47,0.9400000000000001,0.11467381566762924,-0.0077972412109375,0.7144972,19.744408,0.4244803488254547,36.53001403808594,127.08613,98.84966,0.0,,0.0,0.0,0,pelvis,0.0,1.0004754358305945e-06,0.3007975220680237,-0.0011442708782851696,36.53001403808594,-127.08613,31.758722,33.96186,-98.84966,True,-0.05807222
48,0.96,0.11309386789798737,-0.19239234924316406,1.3834964,31.411272,0.6234848499298096,36.220375061035156,98.84966,121.343445,0.0,,0.0,0.0,0,pelvis,0.0,0.6136370897293091,-0.0006529091624543071,35.403663635253906,0.8563128709793091,33.96186,-98.84966,-121.343445,32.287476,True,-0.055551637
49,0.98,0.10228148102760315,-0.02542591094970703,0.45761213,21.50341,0.4244801998138428,36.4488410949707,121.343445,100.34452,0.0,,0.0,0.0,0,pelvis,0.0,1.1500106893436168e-06,0.3225272297859192,-0.0012495603878051043,36.4488410949707,-121.343445,32.287476,33.962166,-100.34452,True,-0.06401415
50,1.0,0.09776604920625687,-0.19568121433258057,0.34747905,33.977345,0.5194430351257324,36.092491149902344,100.34452,94.835014,0.0,,0.0,0.0,6985.830078125,left_hip_yaw_link,3492.915,0.5041000247001648,-0.00036465772427618504,17.40055274963379,0.40525612235069275,33.962166,-100.34452,-58.57115,33.617588,True,-0.0705428
51,1.02,0.11019687354564667,-0.09160041809082031,0.8186781,17.604532,0.424480676651001,36.2088508605957,94.835014,94.98449,0.0,,0.0,0.0,0,pelvis,0.0,6.779146133339964e-07,0.2627059817314148,-0.0007836902514100075,35.74800109863281,-58.57115,33.617588,33.960804,-93.4563,True,-0.06939243
52,1.04,0.12041156738996506,-0.3308100700378418,0.6785964,39.251987,0.495208740234375,36.256317138671875,94.98449,107.84979,0.0,,0.0,0.0,1126.2540283203125,torso_link,1126.254,0.6344833374023438,-0.0005579721182584763,30.34988021850586,0.6110661029815674,33.960804,-93.4563,-107.84979,33.01562,True,-0.061954252
53,1.06,0.13989770412445068,-0.21435260772705078,1.0856284,21.522575,0.424480676651001,36.363075256347656,107.84979,94.51485,0.0,,0.0,0.0,0,pelvis,0.0,6.882985985612322e-07,0.13027241826057434,-0.0007621427648700774,26.016029357910156,-107.84979,33.01562,33.96074,-53.6657,True,-0.041681677
54,1.08,0.1375003457069397,-0.3201855421066284,0.94117755,40.25624,0.47245165705680847,36.27524948120117,94.51485,122.25449,0.0,,0.0,0.0,0,pelvis,0.0,0.6117138266563416,-0.0002697276358958334,35.75863265991211,0.11507229506969452,33.96074,-53.6657,-122.25449,34.48054,True,-0.03779497
55,1.1,0.14244525134563446,-0.19270777702331543,0.9510543,23.368187,0.4244807958602905,36.218544006347656,122.25449,94.49596,0.0,,0.0,0.0,0,pelvis,0.0,5.593497576228401e-07,0.10673490911722183,-0.00062820955645293,20.821535110473633,-122.25449,34.48054,33.96035,-36.19922,True,-0.004066116
56,1.12,0.13291406631469727,-0.24512028694152832,1.0568129,43.61052,0.4654482901096344,36.383174896240234,94.49596,115.015396,0.0,,0.0,0.0,0,pelvis,0.0,0.6104202270507812,-0.0002480952243786305,33.380096435546875,0.005563884973526001,33.96035,-36.19922,-115.015396,34.80734,True,-0.00049341656
57,1.1400000000000001,0.1286224126815796,-0.15361356735229492,1.1480633,20.265638,0.42448097467422485,36.286258697509766,115.015396,95.16481,0.0,,0.0,0.0,0,pelvis,0.0,3.7903919292148203e-07,0.13656961917877197,-0.00040761768468655646,26.886930465698242,-115.015396,34.80734,33.9597,-56.782177,True,0.03407284
58,1.16,0.117609404027462,-0.21133136749267578,1.1349766,46.858807,0.43563392758369446,36.38164520263672,95.16481,107.16957,0.0,,0.0,0.0,0,pelvis,0.0,0.4838290810585022,-0.0005816624034196138,34.14058303833008,0.14909473061561584,33.9597,-56.782177,-107.16957,34.40343,True,0.023250407
59,1.18,0.10993698239326477,-0.1986445188522339,1.6108375,15.873543,0.42448216676712036,36.38984680175781,107.16957,95.03198,0.0,,0.0,0.0,0,pelvis,0.0,-8.151906172315648e-07,0.22606822848320007,-0.029719645157456398,36.337772369384766,-107.16957,34.40343,34.04773,-92.2946,True,0.018252647
60,1.2,0.09262878447771072,-0.1305248737335205,1.0456524,48.00129,0.435747891664505,36.50838088989258,95.03198,108.2745,0.0,,0.0,0.0,0,pelvis,0.0,0.5697026252746582,-0.0006956295692361891,32.21893310546875,0.3675687313079834,34.04773,-92.2946,-108.2745,33.757126,True,0.04255766
61,1.22,0.08494113385677338,-0.11890029907226562,1.4227242,22.4792,0.42448315024375916,36.46047592163086,108.2745,95.27602,0.0,,0.0,26.520535,1962.3402099609375,torso_link,1962.3402,-1.798198468350165e-06,0.052617765963077545,-0.3279106020927429,13.805214881896973,-108.2745,33.757126,34.942383,-10.820885,True,0.015035417
62,1.24,0.05570640042424202,0.039131760597229004,1.2546378,35.397896,0.39033451676368713,36.269710540771484,95.27602,113.99944,0.0,,54.425167,0.0,0,left_ankle_roll_link,54.425167,0.5936499238014221,0.1479557901620865,33.488651275634766,-16.595239639282227,34.942383,-10.820885,-113.99944,72.75344,False,0.031421907
63,1.26,0.05005749315023422,0.02962338924407959,0.68106365,16.445024,0.4244827330112457,36.575103759765625,113.99944,131.14444,0.0,,403.85327,0.0,403.853271484375,left_ankle_roll_link,403.85327,-1.3821753555021132e-06,0.7027913928031921,0.19942587614059448,36.575103759765625,-113.99944,72.75344,33.36034,-131.14444,True,0.02705941
64,1.28,0.06442047655582428,0.09178471565246582,1.063692,38.508846,0.5243011116981506,37.130680084228516,131.14444,104.76902,0.0,,0.0,0.0,0,pelvis,0.0,0.4672805070877075,-0.004529312252998352,31.935781478881836,-5.4923529624938965,33.36034,-131.14444,-99.23128,51.643585,True,0.041089974
65,1.3,0.0785236805677414,0.027351200580596924,0.64798075,17.812319,0.4244827628135681,36.71883773803711,104.76902,107.121864,0.0,,0.0,0.0,0,pelvis,0.0,-1.4101809711064561e-06,0.3971192538738251,-0.0002877996303141117,36.71883773803711,-99.23128,51.643585,33.959484,-107.121864,True,0.059003714
66,1.32,0.10100492835044861,-0.040244102478027344,1.434967,46.918056,0.6348551511764526,36.20600891113281,107.121864,103.44519,0.0,,0.0,0.0,0,pelvis,0.0,0.5255594849586487,-0.0003001778677571565,24.7459716796875,0.4296550452709198,33.959484,-107.121864,-82.324165,33.53923,True,0.07380769
67,1.34,0.12177063524723053,-0.15222668647766113,0.26057342,10.904703,0.42478638887405396,36.72349166870117,103.44519,100.43697,0.0,,0.0,0.0,0,pelvis,0.0,-0.0003050336381420493,0.3133835196495056,0.3732760548591614,36.72349166870117,-82.324165,33.53923,32.863083,-100.43697,True,0.05151731
68,1.36,0.12715020775794983,-0.21034038066864014,1.6449832,45.888958,0.5099544525146484,36.4313850402832,100.43697,120.216,0.0,,0.0,0.0,0,pelvis,0.0,0.6070728302001953,-0.0005009770393371582,35.20289611816406,0.5741201639175415,32.863083,-100.43697,-120.216,33.121902,True,0.04859858
69,1.3800000000000001,0.1347273290157318,-0.2550525665283203,0.8665101,15.048693,0.42607009410858154,36.52001190185547,120.216,97.43545,0.0,,0.0,0.0,0,pelvis,0.0,-0.0015887239715084434,0.28349488973617554,2.483116388320923,36.52001190185547,-120.216,33.121902,26.636261,-97.43545,True,0.03622977
70,1.4000000000000001,0.12943892180919647,-0.28670525550842285,1.5913364,46.260605,0.47612395882606506,36.44112777709961,97.43545,101.01912,0.0,,0.0,0.0,0,pelvis,0.0,0.22395525872707367,-0.0005916095688007772,13.927037239074707,0.6916683912277222,26.636261,-97.43545,-25.739025,32.776505,True,0.017697005
71,1.42,0.1351766139268875,-0.324673056602478,0.71376735,9.055703,0.32716917991638184,36.55447769165039,101.01912,92.09573,0.0,,0.0,0.0,0,pelvis,0.0,0.1361149698495865,0.21358685195446014,-22.061599731445312,36.157989501953125,-25.739025,32.776505,89.254105,-90.75674,False,0.023899902
72,1.44,0.11015085875988007,-0.2409271001815796,1.5879866,47.8827,0.4547961950302124,36.603145599365234,92.09573,145.63947,0.0,,0.0,0.0,100.392822265625,torso_link,100.39282,0.872356653213501,-0.0006661727675236762,36.603145599365234,0.6974684596061707,89.254105,-90.75674,-145.63947,32.765068,True,0.02142718
73,1.46,0.09739542007446289,-0.10727429389953613,1.2542524,14.329105,0.37498781085014343,37.23009490966797,145.63947,137.58257,0.0,,0.0,0.0,0,pelvis,0.0,0.10082787275314331,0.17153005301952362,-37.23009490966797,30.14570426940918,-145.63947,32.765068,137.58257,-69.35533,False,0.044994086
74,1.48,0.05428566783666611,0.0451083779335022,2.238613,62.31919,0.6535837650299072,39.599910736083984,137.58257,118.41485,0.0,,380.74533,0.0,0,left_ankle_roll_link,380.74533,0.528276801109314,-0.0005278614116832614,31.97791290283203,-0.12452256679534912,137.58257,-69.35533,-104.23737,35.219982,True,0.038692433
75,1.5,0.05536392331123352,-0.02446901798248291,1.5457681,7.7283454,0.48887738585472107,36.291988372802734,118.41485,101.91662,0.0,,0.0,0.0,308.85528564453125,torso_link,308.8553,-0.000607088441029191,0.011590052396059036,1.5254154205322266,7.711869239807129,-104.23737,35.219982,29.43083,10.741367,True,0.026076946
76,1.52,0.05742171034216881,0.04539632797241211,1.5868772,31.423393,0.546730637550354,36.2578010559082,101.91662,124.35426,0.0,,0.0,69.12339,0,right_ankle_roll_link,69.12339,0.6192420721054077,0.6433923244476318,36.2578010559082,31.436767578125,29.43083,10.741367,-124.35426,-110.97751,False,-0.010613911
77,1.54,0.08780039846897125,-0.10620474815368652,0.10863672,18.627228,0.5192031860351562,36.354515075683594,124.35426,102.24633,0.0,,0.0,0.0,0,pelvis,0.0,-0.001789073459804058,6.524047876155237e-06,2.5579898357391357,-0.008943699300289154,-124.35426,-110.97751,26.427666,34.830494,True,-0.021355016
78,1.56,0.09173298627138138,-0.01623523235321045,1.2507775,34.945995,0.46191689372062683,36.42171859741211,102.24633,115.982086,0.0,,0.0,0.0,0,pelvis,0.0,0.08664039522409439,0.5634199976921082,5.475790500640869,35.23755645751953,26.427666,34.830494,10.599907,-115.982086,False,-0.038339753
79,1.58,0.12479811906814575,-0.3136402368545532,0.52587134,24.685076,0.45842331647872925,36.355316162109375,115.982086,127.70334,0.0,,0.0,0.0,0,pelvis,0.0,0.7011495232582092,-7.907705003162846e-05,35.18996047973633,0.05175650119781494,10.599907,-115.982086,-127.70334,34.65524,True,-0.055838425
80,1.6,0.13729216158390045,-0.23912620544433594,1.343124,29.771076,0.43466728925704956,36.43844985961914,127.70334,138.38087,0.0,,0.0,0.0,0,pelvis,0.0,0.0490197129547596,0.4738372266292572,-36.114646911621094,35.31760025024414,-127.70334,34.65524,138.38087,-109.0556,False,-0.06166915
81,1.62,0.1445341408252716,-0.34434807300567627,0.96256846,21.631298,0.4552566111087799,37.07567596435547,138.38087,139.67915,0.0,,0.0,390.07266,0,right_ankle_roll_link,390.07266,0.8014252185821533,3.826738247880712e-05,36.50788497924805,8.17594051361084,138.38087,-109.0556,-139.67915,10.2733,True,-0.06333232
82,1.6400000000000001,0.14200247824192047,-0.2098226547241211,1.3371382,28.098661,0.4323371350765228,36.60151290893555,139.67915,136.17676,0.0,,0.0,0.0,0,pelvis,0.0,0.07749703526496887,0.0027151410467922688,-36.139339447021484,-1.0297749042510986,-139.67915,10.2733,136.17676,37.676296,True,-0.077691026
83,1.6600000000000001,0.13667932152748108,-0.42026519775390625,1.6544986,26.03834,0.40579625964164734,36.77091598510742,136.17676,141.09625,0.0,,0.0,0.0,0,pelvis,0.0,0.8302776217460632,0.5591967701911926,36.210853576660156,33.088436126708984,136.17676,37.676296,-141.09625,-109.19686,False,-0.0845208
84,1.68,0.12670297920703888,-0.2650744915008545,1.299503,27.133173,0.4322454333305359,37.81293487548828,141.09625,138.4081,0.0,,1468.86,1468.86,0,left_ankle_roll_link,1468.86,0.11236514896154404,0.00280685699544847,-37.81293487548828,-0.6563770771026611,-141.09625,-109.19686,138.4081,36.548767,True,-0.08020093
85,1.7,0.11975613236427307,-0.2667696475982666,1.4198254,15.9226885,0.466232568025589,36.80353927612305,138.4081,146.09262,0.0,,0.0,0.0,0,pelvis,0.0,0.8907139301300049,0.5836120247840881,36.26466751098633,35.87006378173828,138.4081,36.548767,-146.09262,-119.49497,False,-0.060476154
86,1.72,0.10349945724010468,-0.12107551097869873,1.1885939,30.876602,0.4347968101501465,37.011009216308594,146.09262,127.6806,0.0,,0.0,0.0,0,pelvis,0.0,0.18642361462116241,0.00025545337121002376,-36.21199417114258,-0.29090356826782227,-146.09262,-119.49497,127.6806,35.656456,True,-0.051642284
87,1.74,0.11365585774183273,-0.08962678909301758,1.3853472,15.528537,0.5009473562240601,36.578792572021484,127.6806,147.8979,0.0,,0.0,0.0,0,pelvis,0.0,0.9254286885261536,0.3582684397697449,35.940704345703125,27.988082885742188,127.6806,35.656456,-147.8979,-77.82154,False,-0.04109345
88,1.76,0.1278173178434372,-0.13280272483825684,0.90303767,18.67333,0.4847273528575897,36.230796813964844,147.8979,125.4763,0.0,,136.43967,136.43967,0,left_ankle_roll_link,136.43967,0.1939171999692917,0.004172664135694504,-35.677059173583984,-1.1180849075317383,-147.8979,-77.82154,125.4763,37.824627,True,-0.018349033
89,1.78,0.12924563884735107,-0.02156543731689453,1.1095406,12.784719,0.5202752351760864,37.256263732910156,125.4763,150.58221,0.0,,0.0,0.0,1928.0262451171875,right_knee_link,1928.0262,0.9447565674781799,0.5661525726318359,36.320068359375,-10.03061294555664,125.4763,37.824627,-150.58221,19.603815,False,-0.008156478
90,1.8,0.14871414005756378,-0.20080828666687012,1.2679428,13.997816,0.7068988084793091,36.50182342529297,150.58221,131.10355,0.0,,0.0,67.55402,67.55402374267578,right_knee_link,67.55402,0.21145859360694885,1.141951084136963,-35.28758239746094,24.850543975830078,-150.58221,19.603815,122.90457,-131.10355,False,0.022338416
91,1.82,0.15379509329795837,0.05159473419189453,0.9878768,16.72535,0.534157395362854,32.959835052490234,131.10355,141.61209,0.0,,843.2987,277.8576,503.3762512207031,left_ankle_roll_link,843.2987,0.9586387276649475,0.46388915181159973,32.959835052490234,-26.175487518310547,122.90457,-131.10355,-141.61209,76.219505,False,0.024278153
92,1.84,0.1755221039056778,-0.1849764585494995,1.1155088,24.40498,0.7117389440536499,36.23949432373047,141.61209,135.78815,0.0,,0.0,615.31067,615.3106689453125,right_knee_link,615.31067,0.19650430977344513,1.1467912197113037,-36.125572204589844,26.283008575439453,-141.61209,76.219505,126.61488,-135.78815,False,0.038838662
93,1.86,0.18372990190982819,-0.05161643028259277,1.5707539,10.867476,0.5804797410964966,36.31121063232422,135.78815,149.35304,0.0,,0.0,0.0,0,pelvis,0.0,0.9373207092285156,0.4298366904258728,36.1086311340332,-36.1114501953125,126.61488,-135.78815,-149.35304,108.751595,False,0.055234525
94,1.8800000000000001,0.2009468972682953,-0.19541895389556885,0.96046454,25.956888,0.6483383178710938,36.506980895996094,149.35304,160.40875,0.0,,0.0,0.0,0,pelvis,0.0,0.18769554793834686,1.0833905935287476,-36.1888313293457,36.180564880371094,-149.35304,108.751595,127.50936,-160.40875,False,0.06909027
95,1.9000000000000001,0.20112217962741852,-0.07460641860961914,1.1780399,11.409359,0.509902834892273,33.205528259277344,160.40875,140.40881,0.0,,571.2515,571.2515,0,left_ankle_roll_link,571.2515,0.9343841671943665,0.3671253025531769,33.205528259277344,-31.94010353088379,127.50936,-160.40875,-140.40881,101.25447,False,0.08003399
96,1.92,0.2082807868719101,-0.18273913860321045,0.6433917,18.922867,0.6079347729682922,38.14688491821289,140.40881,138.08508,0.0,,0.0,0.0,0,pelvis,0.0,0.17075112462043762,1.025277853012085,-32.141624450683594,30.28900909423828,-140.40881,101.25447,116.7233,-138.08508,False,0.0790409
97,1.94,0.20554254949092865,-0.08254790306091309,0.95778525,11.785115,0.5120201110839844,36.26308822631836,138.08508,147.29187,0.0,,0.0,0.0,0,pelvis,0.0,0.9110956192016602,0.32022225856781006,36.12091064453125,-36.026893615722656,116.7233,-138.08508,-147.29187,117.26708,False,0.09377421
98,1.96,0.19869153201580048,-0.0957862138748169,1.3511089,23.792744,0.6258004903793335,36.42915725708008,147.29187,152.25052,0.0,,0.0,0.0,0,pelvis,0.0,0.15064994990825653,0.9824506044387817,-36.173439025878906,36.15288162231445,-147.29187,117.26708,130.42683,-152.25052,False,0.07341745
99,1.98,0.1877286732196808,-0.02746713161468506,0.75912595,14.234727,0.5346254110336304,36.245452880859375,152.25052,145.91064,0.0,,0.0,357.43484,0,right_ankle_roll_link,357.43484,0.8938910961151123,0.3400561213493347,36.11928939819336,-29.546594619750977,130.42683,-152.25052,-145.91064,96.23948,False,0.08891532
100,2.0,0.1769975870847702,-0.028797149658203125,0.97987795,19.599232,0.6172420382499695,36.85273361206055,145.91064,142.25919,0.0,,0.0,0.0,0,pelvis,0.0,0.18233956396579742,1.0234394073486328,-32.913246154785156,31.729406356811523,-145.91064,96.23948,118.111084,-142.25919,False,0.08394563
101,2.02,0.173893541097641,-0.10197925567626953,0.26706707,14.606211,0.5081729888916016,36.34136199951172,142.25919,149.10255,0.0,,0.0,0.0,0,pelvis,0.0,0.9326543807983398,0.31941765546798706,36.14957046508789,-36.0427360534668,118.111084,-142.25919,-149.10255,117.378975,False,0.072474115
102,2.04,0.15708386898040771,-0.07242941856384277,1.5675626,23.808205,0.6453630924224854,36.2224006652832,149.10255,151.48863,0.0,,0.0,0.0,0,pelvis,0.0,0.18863685429096222,0.9739218950271606,-36.09047317504883,36.1263542175293,-149.10255,117.378975,127.138985,-151.48863,False,0.087968774
103,2.06,0.14712347090244293,-0.2015615701675415,0.26562047,16.925827,0.5240577459335327,34.82773208618164,151.48863,117.60377,0.0,,0.0,0.0,1257.6910400390625,left_knee_link,1257.691,0.9438685774803162,0.26735639572143555,13.601999282836914,-34.729366302490234,127.138985,-151.48863,-82.35698,117.60377,False,0.033427346
104,2.08,0.1226760596036911,-0.12427115440368652,1.9410288,23.00285,0.6818087100982666,36.26463317871094,117.60377,147.46423,0.0,,0.0,0.0,0,pelvis,0.0,0.2099180370569229,0.9238548278808594,-36.10672378540039,36.12001037597656,-82.35698,117.60377,125.485245,-147.46423,False,-0.007405476
105,2.1,0.1111125722527504,-0.2797740697860718,0.93390507,13.235521,0.5555894374847412,36.323951721191406,147.46423,152.84787,0.0,,0.0,0.0,204.2060546875,torso_link,204.20605,0.9800708293914795,0.2321362942457199,36.13357162475586,-34.52268600463867,125.485245,-147.46423,-152.84787,119.80133,False,-0.053323776
106,2.12,0.09481513500213623,-0.10886871814727783,0.56308293,15.021195,0.6404270529747009,36.27566909790039,152.84787,145.2274,0.0,,0.0,0.0,0,pelvis,0.0,0.2270895093679428,0.8950095176696777,-36.1270866394043,36.14360809326172,-152.84787,119.80133,124.17261,-145.2274,False,-0.057040527
107,2.14,0.11234036833047867,-0.31495189666748047,1.1629955,14.301116,0.5589224696159363,36.23332214355469,145.2274,151.93558,0.0,,0.0,0.0,0,pelvis,0.0,0.9691896438598633,0.1871928572654724,36.1196403503418,-35.93727111816406,124.17261,-145.2274,-151.93558,127.640564,False,-0.059032112
108,2.16,0.1061025932431221,-0.14995074272155762,0.5823337,17.138416,0.6563791632652283,36.27693176269531,151.93558,141.74963,0.0,,0.0,0.0,0,pelvis,0.0,0.20935751497745514,0.8505904674530029,-36.10966491699219,36.168861389160156,-151.93558,127.640564,125.5389,-141.74963,False,-0.05507107
109,2.18,0.11623610556125641,-0.34579038619995117,0.8800817,14.900568,0.5926896333694458,36.29239273071289,141.74963,151.19348,0.0,,0.0,0.0,0,pelvis,0.0,0.9599423408508301,0.1422673463821411,36.11886978149414,-35.95344543457031,125.5389,-141.74963,-151.19348,131.28313,False,-0.068831444
110,2.2,0.10606729239225388,-0.16275560855865479,0.624436,17.971811,0.6546087861061096,36.256446838378906,151.19348,138.96297,0.0,,0.0,0.0,0,pelvis,0.0,0.1993645280599594,0.8156846761703491,-36.096248626708984,36.17079162597656,-151.19348,131.28313,126.29809,-138.96297,False,-0.06383192
111,2.22,0.11350429803133011,-0.34508001804351807,0.8665106,14.165213,0.606056809425354,36.17856216430664,138.96297,150.48859,0.0,,0.0,0.0,0,pelvis,0.0,0.9515291452407837,0.10980287194252014,36.10825729370117,-35.97992706298828,126.29809,-138.96297,-150.48859,133.95973,False,-0.072793074
112,2.24,0.09958182275295258,-0.150010347366333,0.5808185,18.846521,0.6354472637176514,36.2384033203125,150.48859,136.98256,0.0,,0.0,0.0,0,pelvis,0.0,0.1901189535856247,0.7907766103744507,-36.08427810668945,36.174869537353516,-150.48859,133.95973,127.00183,-136.98256,False,-0.06475203
113,2.2600000000000002,0.1051352396607399,-0.3257540464401245,0.78663266,13.993563,0.6075823903083801,36.201473236083984,136.98256,149.84567,0.0,,0.0,0.0,0,pelvis,0.0,0.9433853030204773,0.0852372944355011,36.11111831665039,-36.0097541809082,127.00183,-136.98256,-149.84567,136.01447,False,-0.07265556
114,2.2800000000000002,0.09097284823656082,-0.13941466808319092,0.6423125,17.720675,0.615395724773407,36.217529296875,149.84567,135.19981,0.0,,0.0,0.0,0,pelvis,0.0,0.1792912781238556,0.7687772512435913,-36.083160400390625,36.16727066040039,-149.84567,136.01447,127.864685,-135.19981,False,-0.065552756
115,2.3000000000000003,0.10984277725219727,-0.3506079912185669,0.81727445,15.575109,0.6104412078857422,36.162654876708984,135.19981,148.35562,0.0,,0.0,0.0,0,pelvis,0.0,0.9252347946166992,0.06335463374853134,36.09844970703125,-36.063446044921875,127.864685,-135.19981,-148.35562,137.92615,False,-0.06974508
116,2.32,0.09986888617277145,-0.17497646808624268,0.6412869,19.04164,0.6082495450973511,36.230655670166016,148.35562,134.40456,0.0,,0.0,0.0,0,pelvis,0.0,0.15969856083393097,0.7580605149269104,-36.07304763793945,36.187965393066406,-148.35562,137.92615,129.40176,-134.40456,False,-0.06559733
117,2.34,0.10723262280225754,-0.3452298641204834,0.6647837,14.255091,0.5852391719818115,36.31690979003906,134.40456,147.97281,0.0,,0.0,0.0,0,pelvis,0.0,0.9188286662101746,0.04723848029971123,36.14167404174805,-36.02383041381836,129.40176,-134.40456,-147.97281,139.09659,False,-0.07089442
118,2.36,0.09296445548534393,-0.16132080554962158,0.7654401,19.62399,0.6617087125778198,36.20632553100586,147.97281,133.2824,0.0,,0.0,0.0,0,pelvis,0.0,0.15277962386608124,0.7442373037338257,-36.06866455078125,36.18252944946289,-147.97281,139.09659,129.94214,-133.2824,False,-0.061530158
119,2.38,0.10184644162654877,-0.34079551696777344,0.8352523,5.8378773,0.5759769678115845,36.180824279785156,133.2824,146.6811,0.0,,0.0,0.0,384.77239990234375,torso_link,384.7724,0.9042662978172302,0.03001066856086254,36.09943771362305,-36.14662170410156,129.94214,-133.2824,-146.6811,140.8432,False,-0.06786577
120,2.4,0.09300385415554047,-0.13144135475158691,0.9839747,16.611324,0.5675519108772278,36.24692153930664,146.6811,132.57542,0.0,,0.0,0.0,0,pelvis,0.0,0.1492881327867508,0.7344772815704346,-36.08460235595703,36.2071418762207,-146.6811,140.8432,130.26926,-132.57542,False,-0.05677434
121,2.42,0.11132454872131348,-0.3205070495605469,0.7316545,15.789276,0.5671230554580688,36.415287017822266,132.57542,146.30263,0.0,,0.0,0.0,0,pelvis,0.0,0.898221492767334,0.02640228345990181,36.13447189331055,-36.14208221435547,130.26926,-132.57542,-146.30263,141.11824,False,-0.060971357
122,2.44,0.09995855391025543,-0.1454312801361084,0.906588,19.84809,0.5797156095504761,36.25094985961914,146.30263,132.10199,0.0,,0.0,0.0,0,pelvis,0.0,0.1401483416557312,0.7286553978919983,-36.084476470947266,36.20458221435547,-146.30263,141.11824,131.00008,-132.10199,False,-0.049764372
123,2.46,0.10305962711572647,-0.3083263635635376,0.5314219,14.766632,0.5298914909362793,36.5799446105957,132.10199,145.85707,0.0,,0.0,0.0,0,pelvis,0.0,0.8993289470672607,0.014008142054080963,35.9564208984375,-22.567432403564453,131.00008,-132.10199,-145.85707,101.38583,False,-0.057353437
124,2.48,0.08862746506929398,-0.1341552734375,0.8868597,21.011839,0.661562442779541,36.208919525146484,145.85707,131.28627,0.0,,0.0,0.0,0,pelvis,0.0,0.13612645864486694,0.7046434879302979,-36.072628021240234,36.1656379699707,-145.85707,101.38583,131.28627,-130.06421,False,-0.04512457
125,2.5,0.1049688383936882,-0.3404606580734253,1.2583467,8.707964,0.5306946635246277,36.91372299194336,131.28627,124.235825,0.0,,0.0,0.0,100.16596245765686,torso_link,96.36493,0.872689425945282,-0.0005141518777236342,29.459726333618164,-6.487909317016602,131.28627,-130.06421,-124.235825,54.309044,True,-0.053039126
126,2.52,0.10065165162086487,-0.16463112831115723,1.1930531,16.630602,0.6104007363319397,36.22712326049805,124.235825,131.36047,0.0,,0.0,0.0,0,pelvis,0.0,0.13424789905548096,0.6059991121292114,-36.04726791381836,36.120487213134766,-124.235825,54.309044,131.36047,-122.03722,False,-0.04137119
127,2.54,0.10979485511779785,-0.31154847145080566,0.7052304,15.879305,0.47710633277893066,36.3035774230957,131.36047,145.59729,0.0,,0.0,0.0,496.8502502441406,torso_link,496.85025,0.893139660358429,-0.00010927888070000336,36.034873962402344,0.056489311158657074,131.36047,-122.03722,-145.59729,34.643456,True,-0.05079523
128,2.56,0.09742548316717148,-0.15227210521697998,1.0873126,16.09737,0.676265299320221,36.779762268066406,145.59729,133.56715,0.0,,0.0,0.0,0,pelvis,0.0,0.13413293659687042,0.6010904908180237,-36.779762268066406,31.861339569091797,-145.59729,34.643456,133.56715,-108.86707,False,-0.035980195
129,2.58,0.09985824674367905,-0.2826656103134155,0.39540282,10.23978,0.48697006702423096,28.044551849365234,133.56715,84.68796,0.0,,0.0,0.0,1958.4994850158691,left_knee_link,1923.6538,0.8756714463233948,0.0011460597161203623,6.7594428062438965,-0.011014685034751892,133.56715,-108.86707,-56.373535,34.74554,True,-0.03936299
130,2.6,0.08657959848642349,-0.13626253604888916,1.7441477,13.073126,0.6845481991767883,35.212249755859375,84.68796,126.94653,0.0,,0.0,0.0,0,pelvis,0.0,0.15810908377170563,0.5781227946281433,-35.212249755859375,30.43340301513672,-56.373535,34.74554,126.94653,-102.74585,False,-0.028140709
131,2.62,0.09396764636039734,-0.2530134916305542,1.395517,8.766692,0.48874029517173767,29.967103958129883,126.94653,89.25862,0.0,,0.0,0.0,1181.6048583984375,left_knee_link,1181.6049,0.8032200932502747,0.0009912686655297875,5.954808235168457,-1.3141191005706787,126.94653,-102.74585,-48.163525,38.667236,True,-0.03267672
132,2.64,0.09545151889324188,-0.20099449157714844,1.5794975,10.469166,0.6729329228401184,36.199588775634766,89.25862,132.72334,0.0,,0.0,0.0,0,pelvis,0.0,0.11611606180667877,0.6033235192298889,-36.01803970336914,35.9707145690918,-48.163525,38.667236,132.72334,-121.37384,False,-0.014610823
133,2.66,0.10470696538686752,-0.3069692850112915,1.4913274,7.236425,0.541476309299469,36.46356964111328,132.72334,139.85289,0.0,,0.0,0.0,193.1453399658203,torso_link,193.14534,0.9053197503089905,-0.0002955340314656496,33.79527282714844,-0.49442553520202637,132.72334,-121.37384,-139.85289,36.3111,True,-0.022707058
134,2.68,0.09946288168430328,-0.22409415245056152,1.4360359,11.078952,0.6330693960189819,36.22675704956055,139.85289,128.80917,0.0,,0.0,0.0,0,pelvis,0.0,0.1660909652709961,0.518390953540802,-36.04597854614258,35.09342575073242,-139.85289,36.3111,128.80917,-111.947365,False,0.0023836773
135,2.7,0.10564056783914566,-0.2777140140533447,0.9365102,16.069357,0.5125740766525269,36.14344787597656,128.80917,148.05634,0.0,,0.0,0.0,0,pelvis,0.0,0.9214296936988831,-5.642311225528829e-05,36.100154876708984,0.014338962733745575,128.80917,-111.947365,-148.05634,34.76568,True,-0.004425904
136,2.72,0.09559715539216995,-0.2311331033706665,1.5865039,18.822264,0.6516593098640442,36.291141510009766,148.05634,129.28227,0.0,,0.0,0.0,0,pelvis,0.0,0.16020312905311584,0.5959131121635437,-36.04667282104492,34.83700180053711,-148.05634,34.76568,129.28227,-117.37987,False,0.013835377
137,2.74,0.09649123251438141,-0.27179408073425293,1.3150011,18.128866,0.45735791325569153,33.435665130615234,129.28227,94.312805,0.0,,0.0,0.0,956.9932861328125,left_knee_link,956.9933,0.8014630079269409,5.7589280913816765e-05,15.273372650146484,-0.026523061096668243,129.28227,-117.37987,-75.97865,34.879147,True,0.004991537
138,2.7600000000000002,0.09850403666496277,-0.25203752517700195,1.8326833,11.166124,0.6474670767784119,37.70110321044922,94.312805,104.04315,0.0,,862.82245,862.82245,862.8224487304688,left_ankle_roll_link,862.82245,0.1039971262216568,0.5882841348648071,-20.528127670288086,30.594865798950195,-75.97865,34.879147,87.223114,-104.04315,False,0.027620632
139,2.7800000000000002,0.10100740194320679,-0.24907338619232178,1.4341881,18.553854,0.4794411063194275,36.29850387573242,104.04315,142.3083,0.0,,0.0,0.0,0,pelvis,0.0,0.8499845862388611,-0.0010414571734145284,36.08934783935547,3.22784686088562,87.223114,-104.04315,-142.3083,25.20396,True,0.022757884
140,2.8000000000000003,0.10389487445354462,-0.2831406593322754,1.3612022,20.661207,0.5852169394493103,36.298465728759766,142.3083,136.72968,0.0,,0.0,0.0,115.03978729248047,torso_link,115.03979,0.07023005932569504,0.6237189769744873,-36.12985610961914,36.08612823486328,-142.3083,25.20396,136.72968,-123.35172,False,0.0021672323
141,2.82,0.11151011288166046,-0.2600846290588379,1.3293241,18.52817,0.4458363950252533,36.27684020996094,136.72968,141.46527,0.0,,0.0,0.0,0,pelvis,0.0,0.8370119333267212,-0.0001413184654666111,36.15427780151367,0.12339763343334198,136.72968,-123.35172,-141.46527,34.445293,True,0.018932603
142,2.84,0.11252669990062714,-0.2796354293823242,1.4415662,20.26217,0.6372308731079102,36.07314682006836,141.46527,124.78714,0.0,,575.13135,0.0,0,left_ankle_roll_link,575.13135,0.0770108699798584,0.6446240544319153,-28.446733474731445,36.00713348388672,-141.46527,34.445293,113.13784,-124.78714,False,0.0055054445
143,2.86,0.11544693261384964,-0.2812223434448242,1.1843712,26.448565,0.43505439162254333,35.740962982177734,124.78714,138.89102,0.0,,0.0,0.0,0,pelvis,0.0,0.8203330039978027,-2.1033481516496977e-06,35.740962982177734,-0.007348904386162758,113.13784,-124.78714,-138.89102,34.826397,True,0.015320412
144,2.88,0.11540506035089493,-0.3180711269378662,1.6960349,16.477861,0.6427245736122131,36.15740203857422,138.89102,136.11781,0.0,,0.0,0.0,1361.4481201171875,torso_link,1361.4481,0.06296713650226593,0.6421274542808533,-35.73222351074219,36.10724639892578,-138.89102,34.826397,136.11781,-124.88776,False,-0.005381003
145,2.9,0.12124982476234436,-0.3228182792663574,1.3911864,24.6665,0.43518656492233276,36.2148323059082,136.11781,138.68884,0.0,,0.0,0.0,0,pelvis,0.0,0.8040593266487122,-0.0001343025651294738,36.10753631591797,0.15905675292015076,136.11781,-124.88776,-138.68884,34.337757,True,0.015209235
146,2.92,0.11677094548940659,-0.319103479385376,1.9003706,14.932244,0.645930826663971,36.338645935058594,138.68884,137.94952,0.0,,0.0,0.0,0,pelvis,0.0,0.04736946150660515,0.5696820020675659,-35.926856994628906,36.00473403930664,-138.68884,34.337757,137.94952,-118.784584,False,0.0047856346
147,2.94,0.11385570466518402,-0.3210470676422119,1.0719689,24.37588,0.4351423382759094,36.17436218261719,137.94952,137.83922,0.0,,0.0,0.0,0,pelvis,0.0,0.7933258414268494,-9.00681916391477e-05,36.11055374145508,0.10584694147109985,137.94952,-118.784584,-137.83922,34.493847,True,0.021982048
148,2.96,0.10105931013822556,-0.2772853374481201,2.0156393,19.09178,0.66424560546875,36.344093322753906,137.83922,138.78012,0.0,,0.0,0.0,0,pelvis,0.0,0.03496556729078293,0.6424745917320251,-35.87295150756836,35.77705764770508,-137.83922,34.493847,138.78012,-123.92496,False,0.010725819
149,2.98,0.0931202620267868,-0.2631274461746216,1.1592532,20.586304,0.4376511871814728,36.43407440185547,138.78012,137.81993,0.0,,0.0,799.1133,799.11328125,right_ankle_roll_link,799.1133,0.7945154309272766,-0.0025989022105932236,36.07240295410156,-3.714686155319214,138.78012,-123.92496,-137.81993,46.156155,True,0.010721203
150,3.0,0.08132990449666977,-0.16627514362335205,1.822118,21.590984,0.6843295693397522,36.12823486328125,137.81993,137.96275,0.0,,0.0,0.0,0,pelvis,0.0,0.054755799472332,0.6591428518295288,-36.12823486328125,35.543060302734375,-137.81993,46.156155,137.96275,-124.55643,False,0.027878918
151,3.02,0.07957755029201508,-0.20574569702148438,0.8902256,20.5215,0.4368191361427307,35.370933532714844,137.96275,95.81671,0.0,,0.0,71.80979,1281.242431640625,left_knee_link,890.50305,0.6144194006919861,-0.0017668604850769043,12.719964981079102,-20.290395736694336,137.96275,-124.55643,-53.354942,95.81671,True,0.009654468
152,3.04,0.09020078927278519,-0.16783130168914795,1.3663824,9.6085825,0.6778604388237,35.60758590698242,95.81671,113.173645,0.0,,0.0,0.0,0,pelvis,0.0,-3.0690741823491408e-06,0.6807010769844055,-14.29971981048584,31.173912048339844,-53.354942,95.81671,76.85791,-113.173645,True,0.030708209
153,3.06,0.10404300689697266,-0.2582550048828125,1.4168694,22.438713,0.4352102279663086,36.2967643737793,113.173645,133.8706,0.0,,0.0,0.0,0,pelvis,0.0,0.7440282106399536,-0.00015794394130352885,36.1022834777832,0.030117526650428772,76.85791,-113.173645,-133.8706,34.726467,True,0.019884834
154,3.08,0.10588238388299942,-0.2404724359512329,1.3775102,20.900639,0.6600991487503052,36.7679443359375,133.8706,113.36138,0.0,,0.0,0.0,0,pelvis,0.0,-2.92924551104079e-06,0.4975891709327698,-0.13112053275108337,36.119476318359375,-133.8706,34.726467,34.352104,-113.36138,True,0.032013193
155,3.1,0.10840708017349243,-0.3073585033416748,1.3725522,13.090092,0.4354444444179535,36.77000427246094,113.36138,96.79648,0.0,,0.0,0.0,0,pelvis,0.0,0.44176068902015686,-0.00039217076846398413,30.797758102416992,-0.3273390531539917,34.352104,-113.36138,-93.77562,35.817574,True,0.008919051
156,3.12,0.09774214029312134,-0.26498985290527344,1.9599583,16.371159,0.46267029643058777,36.30813980102539,96.79648,110.87221,0.0,,0.0,0.0,0,pelvis,0.0,-0.0007346876664087176,0.5954092144966125,1.1225777864456177,32.681217193603516,-93.77562,35.817574,30.649551,-110.87221,True,0.018633246
157,3.14,0.08385202288627625,-0.2110459804534912,0.58179694,20.890335,0.43517738580703735,36.77983856201172,110.87221,123.8654,0.0,,0.0,0.0,0,pelvis,0.0,0.5935549139976501,-0.0001250976201845333,36.77983856201172,0.18903908133506775,30.649551,-110.87221,-123.8654,34.247074,True,0.008594107
158,3.16,0.07628311216831207,-0.13389253616333008,1.3316542,28.964598,0.5733804106712341,36.31711196899414,123.8654,122.53894,0.0,,0.0,0.0,0,pelvis,0.0,-0.0006166334496811032,0.6744428873062134,1.5761687755584717,34.46256637573242,-123.8654,34.247074,29.279333,-122.53894,True,0.03158535
159,3.18,0.0639239251613617,-0.14613604545593262,0.38194224,25.437477,0.3609204590320587,38.148719787597656,122.53894,124.236176,0.0,,0.0,243.09608,2813.299072265625,torso_link,2813.299,0.4048403203487396,0.0741318091750145,36.756710052490234,-31.787513732910156,29.279333,-122.53894,-108.698845,124.236176,False,0.015833182
160,3.2,0.06674027442932129,-0.12678742408752441,1.2905712,20.592457,0.5001522302627563,36.1749153137207,124.236176,138.5552,0.0,,0.0,0.0,0,pelvis,0.0,-0.0008525401935912669,0.8118592500686646,1.189375638961792,36.13688278198242,-108.698845,124.236176,30.458588,-138.5552,True,0.019760976
161,3.22,0.0676911249756813,-0.16142380237579346,0.8117901,22.987373,0.349006712436676,36.55598449707031,138.5552,123.261734,0.0,,0.0,117.87697,0,right_ankle_roll_link,117.87697,0.5156125426292419,0.08604557067155838,36.55598449707031,-31.780399322509766,30.458588,-138.5552,-116.95845,123.261734,False,0.02237013
162,3.24,0.06529299914836884,-0.12629187107086182,1.2703615,27.81456,0.5463131070137024,36.16423416137695,123.261734,137.44746,0.0,,0.0,0.0,0,pelvis,0.0,-0.000811563921160996,0.800251305103302,1.212570309638977,36.077178955078125,-116.95845,123.261734,30.385723,-137.44746,True,0.017559268
163,3.2600000000000002,0.0638100877404213,-0.14682257175445557,0.9110573,22.132214,0.34083291888237,36.7322998046875,137.44746,135.10173,0.0,,0.0,0.0,0,pelvis,0.0,0.47450777888298035,0.09421935677528381,36.7322998046875,-35.945030212402344,30.385723,-137.44746,-114.19901,135.10173,False,0.021856457
164,3.2800000000000002,0.056390922516584396,-0.05191051959991455,1.6626714,28.358547,0.6533821821212769,36.1302375793457,135.10173,134.98784,0.0,,0.0,0.0,0,pelvis,0.0,-0.0008311358978971839,0.7695502638816833,1.2498188018798828,36.07600021362305,-114.19901,135.10173,30.275541,-134.98784,True,0.026324384
165,3.3000000000000003,0.04762871563434601,-0.07625532150268555,0.6351735,20.289858,0.34373974800109863,37.86514663696289,134.98784,115.52985,0.0,,0.0,220.3467,2437.200439453125,torso_link,2437.2004,0.48888149857521057,0.16410300135612488,36.7926139831543,-30.53832244873047,30.275541,-134.98784,-115.52985,113.29091,False,0.011431099
166,3.3200000000000003,0.04918263852596283,-0.010127782821655273,1.350157,27.151285,0.6133494973182678,36.14071273803711,115.52985,144.58946,0.0,,0.0,0.0,0,pelvis,0.0,-0.0007704528397880495,0.8892894387245178,1.1449531316757202,36.08349609375,-115.52985,113.29091,30.585285,-144.58946,True,0.012893628
167,3.34,0.05622268095612526,-0.10001230239868164,1.2332771,15.467271,0.33340635895729065,36.641258239746094,144.58946,125.19353,0.0,,0.0,0.0,0,pelvis,0.0,0.3372334837913513,0.15783673524856567,36.641258239746094,-34.33876037597656,30.585285,-144.58946,-102.94395,125.19353,False,0.012050394
168,3.36,0.0597166009247303,-0.004261493682861328,1.7988391,24.88607,0.5436374545097351,36.18745422363281,125.19353,141.34058,0.0,,0.0,0.0,233.5162811279297,left_hip_yaw_link,233.51628,-0.0009848300833255053,0.8478434085845947,1.6401278972625732,36.10576248168945,-102.94395,125.19353,29.116909,-141.34058,True,0.010601327
169,3.38,0.0676465854048729,-0.09083104133605957,1.029097,18.54834,0.3288874328136444,36.563716888427734,141.34058,117.2523,0.0,,0.0,313.48148,294.7958984375,right_ankle_roll_link,313.48148,0.5189957618713379,0.12665770947933197,36.563716888427734,-28.006893157958984,29.116909,-141.34058,-117.2523,108.69224,False,0.009134725
170,3.4,0.06784951686859131,-0.021133899688720703,1.5972838,29.90751,0.616395890712738,36.146278381347656,117.2523,139.02237,0.0,,0.0,0.0,0,pelvis,0.0,-0.0008283816277980804,0.8271992802619934,1.260597586631775,35.8835334777832,-117.2523,108.69224,30.242989,-139.02237,True,0.0139887035
171,3.42,0.06978019326925278,-0.13854801654815674,0.8339955,21.030062,0.33339864015579224,36.72117233276367,139.02237,134.87344,0.0,,0.0,0.0,0,pelvis,0.0,0.4778415560722351,0.10260458290576935,36.72117233276367,-36.0925407409668,30.242989,-139.02237,-114.43233,134.87344,False,-0.0012472104
172,3.44,0.06893868744373322,-0.053385138511657715,1.5438747,28.34597,0.6492448449134827,36.11775588989258,134.87344,133.23401,0.0,,0.0,0.0,0,pelvis,0.0,-0.0007766007911413908,0.7477030158042908,1.2463324069976807,36.07398223876953,-114.43233,134.87344,30.281641,-133.23401,True,-0.003347464
173,3.46,0.07092650979757309,-0.1681206226348877,0.7031973,20.386503,0.39675378799438477,36.702613830566406,133.23401,139.85107,0.0,,0.0,0.0,0,pelvis,0.0,0.5347756147384644,0.038298480212688446,36.702613830566406,-36.03692626953125,30.281641,-133.23401,-118.93138,139.85107,False,-0.016117893
174,3.48,0.0680205449461937,-0.05624127388000488,1.4651295,27.44169,0.6236664056777954,36.10824966430664,139.85107,132.466,0.0,,0.0,0.0,0,pelvis,0.0,-0.000694613961968571,0.7375051379203796,1.167615294456482,36.08992385864258,-118.93138,139.85107,30.51123,-132.466,True,-0.023203753
175,3.5,0.06659675389528275,-0.1502213478088379,1.2268478,13.5924835,0.4060354232788086,36.938201904296875,132.466,128.7129,0.0,,0.0,0.0,0,pelvis,0.0,0.5244982838630676,0.02901683747768402,36.938201904296875,-32.076690673828125,30.51123,-132.466,-118.81596,128.7129,False,-0.018670822
176,3.52,0.06770514696836472,-0.0607759952545166,1.5912962,14.08044,0.4990077614784241,36.59177017211914,128.7129,129.73224,0.0,,0.0,0.0,140.3386993408203,left_hip_yaw_link,140.3387,-0.0008125300519168377,0.7079507112503052,0.6500306725502014,35.96678924560547,-118.81596,128.7129,32.073418,-129.73224,True,-0.041379765
177,3.54,0.0798608735203743,-0.18351411819458008,0.78546333,14.554595,0.435138076543808,36.8032112121582,129.73224,124.8155,0.0,,0.0,0.0,0,pelvis,0.0,0.6045545935630798,-8.579461427871138e-05,36.8032112121582,-25.10426139831543,32.073418,-129.73224,-124.8155,110.123825,True,-0.041039523
178,3.56,0.0756976380944252,-0.008266091346740723,1.4033369,29.903006,0.5808882713317871,36.09820556640625,124.8155,129.90936,0.0,,0.0,0.0,0,pelvis,0.0,-0.0006611153949052095,0.7059540748596191,1.6402589082717896,36.079071044921875,-124.8155,110.123825,29.090622,-129.90936,True,-0.04563109
179,3.58,0.08669091016054153,-0.20080113410949707,0.9034948,19.283356,0.4351772367954254,36.91203689575195,129.90936,107.051186,0.0,,0.0,0.0,0,pelvis,0.0,0.37841978669166565,-0.00012495055852923542,36.91203689575195,-3.262875556945801,29.090622,-129.90936,-107.051186,44.602806,True,-0.040045492
180,3.6,0.09127022325992584,0.0437585711479187,1.5040629,32.540318,0.7542271614074707,36.1995964050293,107.051186,124.55318,0.0,,0.0,0.0,0,pelvis,0.0,-0.0008775361347943544,0.6420482993125916,1.3165348768234253,35.997833251953125,-107.051186,44.602806,30.079105,-124.55318,True,-0.046861995
181,3.62,0.09468012303113937,-0.09137892723083496,0.25328645,19.176859,0.43513917922973633,36.75093078613281,124.55318,107.041756,0.0,,0.0,0.0,0,pelvis,0.0,0.3843434154987335,-8.689147216500714e-05,36.75093078613281,0.07145875692367554,30.079105,-124.55318,-107.041756,34.59676,True,-0.027554797
182,3.64,0.09297942370176315,0.06243932247161865,1.7529022,17.817951,0.841530442237854,30.37053871154785,107.041756,107.32715,0.0,,0.0,0.0,3429.780517578125,left_hip_yaw_link,3429.7805,-0.0008686088840477169,0.6377464532852173,1.3632004261016846,30.37053871154785,-107.041756,34.59676,29.938398,-107.32715,True,-0.036888562
183,3.66,0.11275933682918549,-0.15826678276062012,0.55228025,20.437187,0.45545750856399536,36.756038665771484,107.32715,115.11148,0.0,,0.0,0.0,0,pelvis,0.0,0.4850234389305115,-7.420390465995297e-05,36.756038665771484,0.05095887929201126,29.938398,-107.32715,-115.11148,34.65724,True,-0.017680712
184,3.68,0.10900015383958817,0.037528038024902344,1.5682523,30.676048,0.9309077262878418,36.23064041137695,115.11148,119.384384,0.0,,0.0,0.0,0,pelvis,0.0,-0.0008702574414201081,0.6411679983139038,1.2062236070632935,34.29837417602539,-115.11148,34.65724,30.409458,-119.384384,True,-0.020529743
185,3.7,0.1140327900648117,-0.10652875900268555,0.34155303,19.302485,0.5701643228530884,36.89700698852539,119.384384,113.102005,0.0,,0.0,0.0,0,pelvis,0.0,0.45461857318878174,-7.722611189819872e-05,36.89700698852539,0.06705937534570694,30.409458,-119.384384,-113.102005,34.60918,True,-0.006329634
186,3.72,0.10908273607492447,0.013768017292022705,1.5808437,21.954592,0.9748607873916626,36.21464538574219,113.102005,113.24632,0.0,,0.0,0.0,0,pelvis,0.0,-0.0008872399339452386,0.5641454458236694,1.1617869138717651,34.30628967285156,-113.102005,34.60918,30.544127,-113.24632,True,-0.015621051
187,3.74,0.11020495742559433,-0.13824880123138428,0.3283886,20.392633,0.6141157746315002,36.89685821533203,113.24632,118.88696,0.0,,0.0,0.0,0,pelvis,0.0,0.5269362330436707,0.00025199499214068055,36.89685821533203,-0.3820071816444397,30.544127,-113.24632,-118.88696,35.930042,True,-0.01275878
188,3.7600000000000002,0.09255567193031311,0.013693690299987793,1.2989438,18.508808,1.0610052347183228,31.35102081298828,118.88696,106.796524,0.0,,0.0,0.0,1730.3470458984375,left_hip_yaw_link,1730.347,-0.0008216084097512066,0.5943455696105957,1.0075583457946777,31.35102081298828,-118.88696,35.930042,31.001564,-106.796524,True,-0.030890819
189,3.7800000000000002,0.0990157425403595,-0.17750048637390137,0.59672457,21.02638,0.6340911388397217,36.87507629394531,106.796524,120.39719,0.0,,0.0,0.0,0,pelvis,0.0,0.5466307997703552,0.00028240212122909725,36.87507629394531,-0.2959496080875397,31.001564,-106.796524,-120.39719,35.669437,True,-0.028490005
190,3.8000000000000003,0.0899871289730072,-0.006186723709106445,1.5298811,25.668404,1.0766944885253906,34.09838104248047,120.39719,109.691055,0.0,,0.0,0.0,422.0413818359375,left_hip_yaw_link,422.04138,-0.0008399685611948371,0.5972118973731995,1.4981462955474854,31.736656188964844,-120.39719,35.669437,29.53127,-108.18274,True,-0.042524617
191,3.8200000000000003,0.09936980903148651,-0.16841638088226318,0.958266,20.670475,0.6598252654075623,36.90201187133789,109.691055,117.791985,0.0,,0.0,0.0,0,pelvis,0.0,0.513055682182312,9.222823427990079e-05,36.90201187133789,-0.17219439148902893,29.53127,-108.18274,-117.791985,35.313385,True,-0.031537697
192,3.84,0.09491600841283798,0.007208883762359619,1.8482357,25.530605,1.0527998208999634,36.21435546875,117.791985,106.00397,0.0,,0.0,0.0,0,pelvis,0.0,-0.0008764871163293719,0.5756322145462036,1.1785551309585571,31.585859298706055,-117.791985,35.313385,30.492964,-106.00397,True,-0.037143093
193,3.86,0.0998724102973938,-0.12582576274871826,1.1215379,21.75352,0.6465504169464111,36.91363525390625,106.00397,118.68581,0.0,,0.0,0.0,0,pelvis,0.0,0.5237926244735718,0.0004977697390131652,36.91363525390625,-0.32323092222213745,30.492964,-106.00397,-118.68581,35.734055,True,-0.024775296
194,3.88,0.09176590293645859,0.026843667030334473,1.5784384,26.7125,1.0776094198226929,36.190364837646484,118.68581,114.01033,0.0,,0.0,0.0,0,pelvis,0.0,-0.0008187356870621443,0.611713707447052,1.1691246032714844,33.29247283935547,-118.68581,35.734055,30.516632,-114.01033,True,-0.032349523
195,3.9,0.09418880939483643,-0.12534523010253906,1.3766017,23.583622,0.685881495475769,36.91493606567383,114.01033,120.79378,0.0,,0.0,0.0,0,pelvis,0.0,0.550093412399292,-4.390938556753099e-05,36.91493606567383,0.014780158177018166,30.516632,-114.01033,-120.79378,34.76335,True,-0.031033078
196,3.92,0.08486877381801605,-0.05213940143585205,1.3421727,23.885918,1.0704315900802612,36.19730758666992,120.79378,108.03312,0.0,,0.0,0.0,0,pelvis,0.0,-0.0008769924752414227,0.5783182978630066,1.2848660945892334,32.19061279296875,-120.79378,34.76335,30.174068,-108.03312,True,-0.035844542
197,3.94,0.08756551146507263,-0.22450315952301025,1.6307472,22.426699,0.6838858723640442,37.49492263793945,108.03312,123.81202,0.0,,0.0,0.0,4153.873046875,torso_link,2116.2493,0.5660719275474548,0.0006490617524832487,37.49492263793945,-0.03440234065055847,30.174068,-108.03312,-123.81202,34.855465,True,-0.050359145
198,3.96,0.0860980972647667,-0.14992284774780273,0.68720055,19.157982,1.058546781539917,36.17643356323242,123.81202,105.20564,0.0,,0.0,0.0,0,pelvis,0.0,-0.0008416273631155491,0.564339280128479,1.522485375404358,31.620893478393555,-123.81202,34.855465,29.458382,-105.20564,True,-0.03368344
199,3.98,0.09520086646080017,-0.24985980987548828,1.7806718,24.260626,0.6829364895820618,37.07301712036133,105.20564,123.13498,0.0,,0.0,0.0,365.14581298828125,torso_link,365.1458,0.5734304189682007,3.677335553220473e-05,37.07301712036133,-0.023593712598085403,29.458382,-105.20564,-123.13498,34.87202,True,-0.033282347
200,4.0,0.09789273142814636,-0.22064828872680664,0.43377417,15.863207,1.0105040073394775,36.18169021606445,123.13498,104.71183,0.0,,0.0,0.0,0,pelvis,0.0,-0.0008741097408346832,0.5207400321960449,1.6054956912994385,32.61893844604492,-123.13498,34.87202,29.211952,-104.71183,True,-0.00569015
201,4.0200000000000005,0.10823856294155121,-0.2874152660369873,1.5924908,25.527697,0.7077871561050415,37.00937271118164,104.71183,125.44952,0.0,,0.0,0.0,0,pelvis,0.0,0.6047487854957581,-3.787739115068689e-05,37.00937271118164,0.031881578266620636,29.211952,-104.71183,-125.44952,34.711567,True,-0.012404576
202,4.04,0.10432415455579758,-0.29445886611938477,0.3422567,10.712331,0.9373679161071777,36.212493896484375,125.44952,105.05029,0.0,,0.0,0.0,0,pelvis,0.0,-0.0010790545493364334,0.49995139241218567,2.047257423400879,29.23794937133789,-125.44952,34.711567,27.90306,-92.905785,True,0.014455469
203,4.0600000000000005,0.10827834159135818,-0.3100852966308594,1.3433418,28.43435,0.6389313340187073,36.992774963378906,105.05029,127.88262,0.0,,0.0,0.0,0,pelvis,0.0,0.6357850432395935,-4.390040703583509e-05,36.992774963378906,0.03923289477825165,27.90306,-92.905785,-127.88262,34.689995,True,0.0005391501
204,4.08,0.09934362024068832,-0.284348726272583,0.63844115,1.8193192,0.7382411360740662,36.51445007324219,127.88262,105.09318,0.0,,0.0,0.0,0,pelvis,0.0,-0.002334200544282794,0.5051032900810242,2.9505043029785156,30.515480041503906,-127.88262,34.689995,25.293732,-97.15052,True,0.015303595
205,4.1,0.10393339395523071,-0.30370116233825684,1.2706794,33.129932,0.7466586232185364,36.78295135498047,105.09318,129.88011,0.0,,0.0,67.180046,91.03825378417969,torso_link,91.03825,0.6686220765113831,0.019565792754292488,36.78295135498047,-25.951433181762695,25.293732,-97.15052,-129.88011,111.093216,False,-0.00057376176
206,4.12,0.09498459100723267,-0.24430203437805176,0.7463164,10.526397,0.47601038217544556,37.73765182495117,129.88011,125.14386,0.0,,0.0,0.0,0,pelvis,0.0,-0.004418726544827223,0.638991117477417,0.5492874383926392,36.276248931884766,-129.88011,111.093216,32.664146,-125.14386,True,0.0014014672
207,4.14,0.11349707096815109,-0.29401636123657227,1.752692,18.621115,0.6766992211341858,36.80595016479492,125.14386,132.19955,0.0,,0.0,0.0,0,pelvis,0.0,0.6658634543418884,0.027651114389300346,36.80595016479492,-33.202484130859375,32.664146,-125.14386,-129.72841,132.19955,False,-0.010086335
208,4.16,0.10508543998003006,-0.2319391965866089,1.2642362,16.380583,0.42829078435897827,36.92256546020508,132.19955,123.8895,0.0,,0.0,0.0,0,pelvis,0.0,-0.0038094306364655495,0.6233540177345276,1.8403340578079224,36.27511978149414,-129.72841,132.19955,28.742262,-123.8895,True,-0.0048466166
209,4.18,0.1090351790189743,-0.24429941177368164,0.94507015,16.78304,0.601800799369812,36.661617279052734,123.8895,125.366776,0.0,,0.0,545.10406,545.1040649414062,right_ankle_roll_link,545.10406,0.616755485534668,0.13741634786128998,36.661617279052734,-15.612759590148926,28.742262,-123.8895,-125.366776,70.649155,False,-0.01689203
210,4.2,0.10676845163106918,-0.23584425449371338,0.8478695,8.415314,0.42643171548843384,36.300357818603516,125.366776,133.52664,0.0,,0.0,0.0,0,pelvis,0.0,-0.0019503397634252906,0.7472547888755798,3.0326576232910156,36.18347930908203,-125.366776,70.649155,25.016563,-133.52664,True,-0.014674949
211,4.22,0.10843125730752945,-0.24191772937774658,0.85084295,18.228277,0.5405661463737488,36.53798294067383,133.52664,133.84653,0.0,,0.0,0.0,0,pelvis,0.0,0.5824604034423828,0.09475082904100418,36.53798294067383,-35.540802001953125,25.016563,-133.52664,-122.25227,133.84653,False,0.0023840144
212,4.24,0.08897463977336884,-0.15360474586486816,1.3966867,13.067345,0.42559757828712463,36.175235748291016,133.84653,130.43034,0.0,,0.0,0.0,0,pelvis,0.0,-0.001116204191930592,0.7097039818763733,2.2822141647338867,36.15273666381836,-122.25227,133.84653,27.201164,-130.43034,True,0.03334311
213,4.26,0.07297370582818985,-0.07410085201263428,0.6734846,25.429531,0.6587746739387512,35.11355209350586,130.43034,129.7086,0.0,,0.0,0.0,574.9779663085938,left_knee_link,574.97797,0.5258237719535828,0.09000757336616516,-4.896443843841553,-34.03500747680664,27.201164,-130.43034,6.581938,129.7086,False,0.0369074
214,4.28,0.07621549069881439,-0.09166097640991211,0.5074207,7.121747,0.40752825140953064,36.54267501831055,129.7086,132.2683,0.0,,0.0,0.0,0,pelvis,0.0,0.8320096135139465,0.7180557250976562,8.281184196472168,36.54267501831055,6.581938,129.7086,-57.445812,-132.2683,False,0.03670309
215,4.3,0.055137328803539276,-0.0038335323333740234,1.1356245,29.359255,0.6167437434196472,36.405948638916016,132.2683,131.64421,0.0,,0.0,0.0,0,pelvis,0.0,0.1562459021806717,0.061113081872463226,-34.23917007446289,-33.909690856933594,-57.445812,-132.2683,124.176346,131.64421,False,0.017388683
216,4.32,0.06604455411434174,-0.09444630146026611,0.81775683,18.905043,0.4659646451473236,36.06570053100586,131.64421,145.25769,0.0,,0.0,0.0,0,pelvis,0.0,0.8904460072517395,0.6404779553413391,35.99350357055664,36.06570053100586,124.176346,131.64421,-145.25769,-124.63115,False,-0.004683584
217,4.34,0.052468251436948776,-0.030268430709838867,1.1373875,32.713356,0.7356554269790649,40.38482666015625,145.25769,124.90898,0.0,,0.0,0.0,37.09717559814453,torso_link,37.097176,0.17679034173488617,0.00024856391246430576,-34.17938995361328,-0.4120635986328125,-145.25769,-124.63115,122.353455,36.02049,True,-0.005448414
218,4.36,0.06275387108325958,-0.08034098148345947,1.1132894,20.536295,0.6296077966690063,38.567657470703125,124.90898,102.47281,0.0,,0.0,0.0,81.08154296875,left_knee_link,78.21607,0.6767158508300781,8.822767995297909e-05,23.04488754272461,-0.05503540858626366,122.353455,36.02049,-89.313416,34.962234,True,-0.0034244433
219,4.38,0.06297530233860016,-0.015845775604248047,1.1520743,27.400406,0.6607969999313354,37.252281188964844,102.47281,129.3508,0.0,,0.0,0.0,0,pelvis,0.0,0.07618984580039978,0.6396370530128479,-33.829158782958984,35.51700210571289,-89.313416,34.962234,129.3508,-122.91779,False,0.018371835
220,4.4,0.06745059043169022,-0.05112481117248535,0.7921616,21.083494,0.6046377420425415,37.89580535888672,129.3508,99.7512,0.0,,0.0,0.0,705.6008911132812,left_knee_link,705.6009,0.7267746329307556,-6.030095028108917e-05,13.781205177307129,-0.9710572957992554,129.3508,-122.91779,-65.52708,37.722176,True,0.025162421
221,4.42,0.05347830429673195,0.06726568937301636,0.6061073,14.506587,0.5539736747741699,36.96524429321289,99.7512,132.81845,0.0,,0.0,0.0,0,pelvis,0.0,0.1048450618982315,0.47132158279418945,-35.74917984008789,36.36996841430664,-65.52708,37.722176,132.81845,-112.01145,False,0.03237008
222,4.44,0.05364449694752693,-0.02491474151611328,0.50035954,24.992615,0.46745383739471436,36.58700180053711,132.81845,140.99106,0.0,,0.0,0.0,0,pelvis,0.0,0.8318868279457092,-0.00073901197174564,36.13287353515625,0.3683696687221527,132.81845,-112.01145,-140.99106,33.758194,True,0.014743678
223,4.46,0.046592991799116135,-0.01351165771484375,0.8440578,19.23788,0.44940996170043945,36.831871032714844,140.99106,131.55246,0.0,,0.0,0.0,655.953857421875,pelvis,327.97693,0.13265563547611237,0.40491658449172974,-36.06880187988281,36.73826599121094,-140.99106,33.758194,131.55246,-107.80394,False,0.0024239519
224,4.48,0.0561131052672863,-0.08067905902862549,0.35040918,35.386234,0.47349610924720764,36.65673065185547,131.55246,132.77194,0.0,,0.0,0.0,0,pelvis,0.0,0.7823964953422546,-0.0009651914588175714,34.71290969848633,0.3682500123977661,131.55246,-107.80394,-132.77194,33.776646,True,-0.0014122874
225,4.5,0.05586057901382446,-0.05030560493469238,1.1246519,18.718674,0.35056352615356445,36.73564910888672,132.77194,136.27231,0.0,,0.0,0.0,0,pelvis,0.0,0.07391783595085144,0.39270246028900146,-36.075740814208984,36.73564910888672,-132.77194,33.776646,136.27231,-106.81896,False,0.023970613
226,4.5200000000000005,0.05954154208302498,-0.07467842102050781,0.3838206,32.95793,0.49037784337997437,36.368064880371094,136.27231,136.37224,0.0,,0.0,0.0,0,pelvis,0.0,0.7769922614097595,-0.0008820557268336415,36.057125091552734,0.3295019268989563,136.27231,-106.81896,-136.37224,33.886242,True,0.028191667
227,4.54,0.050536785274744034,-0.0936506986618042,0.78101593,11.764678,0.35835397243499756,37.660160064697266,136.37224,137.13683,0.0,,0.0,0.0,0,pelvis,0.0,0.06612738221883774,0.2965849041938782,-36.15616989135742,37.660160064697266,-136.37224,33.886242,137.13683,-101.90309,False,0.017473489
228,4.5600000000000005,0.051639873534440994,-0.03593087196350098,0.9926213,19.516682,0.5227530598640442,36.355533599853516,137.13683,135.19656,0.0,,0.0,0.0,0,pelvis,0.0,0.7604040503501892,-0.0008189590298570693,36.107582092285156,0.5975712537765503,137.13683,-101.90309,-135.19656,33.076984,True,-0.004905957
229,4.58,0.05715145915746689,-0.061295509338378906,0.6961472,13.097656,0.36945098638534546,36.05414962768555,135.19656,137.71852,0.0,,0.0,0.0,1506.86083984375,right_knee_link,1506.8608,0.05503036826848984,0.4832405745983124,-36.05414962768555,11.90638542175293,-135.19656,33.076984,137.71852,-39.57422,False,-0.009089306
230,4.6000000000000005,0.06560447067022324,-0.0001405477523803711,0.81043947,28.381798,0.5057359337806702,36.700992584228516,137.71852,141.31398,0.0,,0.0,0.0,0,pelvis,0.0,0.7535812854766846,0.04491477459669113,36.10276412963867,-36.700992584228516,137.71852,-39.57422,-134.63628,141.31398,False,-0.0062078703
231,4.62,0.07424486428499222,-0.08945846557617188,1.039828,16.097538,0.3796772360801697,36.04085159301758,141.31398,138.49673,0.0,,0.0,0.0,988.63232421875,right_knee_link,988.6323,0.04480413347482681,0.7246962785720825,-36.04085159301758,13.952980041503906,-134.63628,141.31398,138.49673,-65.03046,False,-0.008467808
232,4.64,0.07737524807453156,-0.06868064403533936,0.8999837,23.466583,0.5783271789550781,36.71711349487305,138.49673,141.16139,0.0,,0.0,0.0,0,pelvis,0.0,0.7487800121307373,0.047426506876945496,36.09043502807617,-36.71711349487305,138.49673,-65.03046,-134.2152,141.16139,False,-0.01740488
233,4.66,0.08304589986801147,-0.19801175594329834,1.1756775,12.023472,0.41061413288116455,36.7901611328125,141.16139,141.32532,0.0,,341.22928,341.22928,0,left_ankle_roll_link,341.22928,0.029536770656704903,0.7549844980239868,-36.57658386230469,34.96701431274414,-134.2152,141.16139,141.32532,-130.49562,False,-0.017265536
234,4.68,0.08562850207090378,-0.17889368534088135,0.5791335,5.551895,0.7080093026161194,36.27721405029297,141.32532,140.1838,0.0,,0.0,0.0,0,pelvis,0.0,0.7619116306304932,0.03456033766269684,36.17806625366211,-36.04814910888672,141.32532,-130.49562,-135.52861,140.1838,False,-0.02481668
235,4.7,0.10432254523038864,-0.307223916053772,1.3121443,15.808433,0.4962468445301056,36.364585876464844,140.1838,136.90631,0.0,,0.0,0.0,0,pelvis,0.0,0.06712719798088074,0.782514750957489,-36.105995178222656,36.11305236816406,-135.52861,140.1838,136.90631,-136.13615,False,-0.013179764
236,4.72,0.10991444438695908,-0.267653226852417,0.6155122,18.309458,0.6813925504684448,36.30112075805664,136.90631,138.21016,0.0,,0.0,0.0,0,pelvis,0.0,0.7534563541412354,0.0594671294093132,36.12428665161133,-36.054447174072266,136.90631,-136.13615,-134.69086,138.21016,False,-0.022873618
237,4.74,0.1252404898405075,-0.36867213249206543,0.90115565,21.435875,0.5015571117401123,36.42723846435547,138.21016,134.81609,0.0,,0.0,898.90594,898.9059448242188,left_knee_link,898.90594,0.0937856137752533,0.7744706869125366,-36.12014389038086,21.100770950317383,-134.69086,138.21016,134.81609,-90.45579,False,-0.0049749045
238,4.76,0.12629011273384094,-0.3213026523590088,0.99609685,16.76227,0.6254172921180725,36.24989318847656,134.81609,137.811,0.0,,0.0,0.0,0,pelvis,0.0,0.7912458777427673,0.08076175302267075,36.1566162109375,-34.8288459777832,134.81609,-90.45579,-137.811,132.82979,False,-0.033431
239,4.78,0.13880190253257751,-0.4030197858810425,1.267452,25.230915,0.49725261330604553,36.3128662109375,137.811,138.3096,0.0,,0.0,0.0,0,pelvis,0.0,0.13531610369682312,0.8119402527809143,-36.042755126953125,36.052852630615234,-137.811,132.82979,131.26149,-138.3096,False,-0.020052353
240,4.8,0.13854312896728516,-0.33268463611602783,0.9881053,13.824043,0.7009959816932678,37.36398696899414,138.3096,139.01274,0.0,,0.0,0.0,0,pelvis,0.0,0.8050028085708618,0.09854254126548767,32.912940979003906,-37.36398696899414,131.26149,-138.3096,-129.18054,139.01274,False,-0.03507538
241,4.82,0.1462816745042801,-0.44820332527160645,0.90581477,21.6222,0.48654094338417053,36.21363067626953,139.01274,139.16032,0.0,,0.0,0.0,0,pelvis,0.0,0.10176374018192291,0.8234744668006897,-36.09235763549805,36.02885055541992,-129.18054,139.01274,134.09448,-139.16032,False,-0.025932938
242,4.84,0.1386639028787613,-0.32558441162109375,0.70528823,19.438837,0.6963703036308289,36.40724182128906,139.16032,133.50386,0.0,,0.0,0.0,0,pelvis,0.0,0.8017034530639648,0.13387072086334229,34.44203186035156,-36.40724182128906,134.09448,-139.16032,-133.50386,133.31625,False,-0.041636974
243,4.86,0.14553488790988922,-0.45139026641845703,0.61768943,14.74366,0.5346046090126038,36.59537887573242,133.50386,134.73186,0.0,,0.0,0.0,0,pelvis,0.0,0.09473586827516556,0.8344042897224426,-36.11740493774414,25.63320541381836,-133.50386,133.31625,134.73186,-108.84778,False,-0.030365348
244,4.88,0.13805419206619263,-0.3251432180404663,0.8413576,19.919212,0.6733872294425964,36.32381820678711,134.73186,138.42143,0.0,,106.17544,106.17544,0,left_ankle_roll_link,106.17544,0.8004304766654968,0.16327375173568726,36.115169525146484,-36.029457092285156,134.73186,-108.84778,-138.42143,129.83066,False,-0.04648481
245,4.9,0.1429561972618103,-0.45555710792541504,0.7271578,10.699527,0.5170075297355652,37.01069259643555,138.42143,124.52915,0.0,,0.0,0.0,354.8646240234375,torso_link,354.86462,0.12372538447380066,0.8699970841407776,-33.489559173583984,27.140146255493164,-138.42143,129.83066,124.52915,-116.21603,False,-0.034521125
246,4.92,0.14412283897399902,-0.37124109268188477,1.0715288,10.351475,0.7092792987823486,33.40622329711914,124.52915,117.797905,0.0,,250.55849,250.55849,386.1252746582031,left_ankle_roll_link,250.55849,0.8300249576568604,0.23099559545516968,28.451473236083984,-33.40622329711914,124.52915,-116.21603,-117.797905,116.54321,False,-0.03833016
247,4.94,0.1465863138437271,-0.4366532564163208,1.2806416,9.792131,0.4970105290412903,36.2614860534668,117.797905,143.14354,0.0,,0.0,0.0,0,pelvis,0.0,0.12999974191188812,0.8798673748970032,-36.13185501098633,35.852779388427734,-117.797905,116.54321,131.9541,-143.14354,False,-0.017033787
248,4.96,0.13409364223480225,-0.2886817455291748,1.4658372,21.948837,0.691068172454834,36.31856155395508,143.14354,142.08176,0.0,,0.0,0.0,0,pelvis,0.0,0.8464099764823914,0.1887466460466385,36.10915756225586,-35.90293884277344,131.9541,-143.14354,-142.08176,127.41327,False,-0.024133313
249,4.98,0.12997883558273315,-0.35432004928588867,0.4249655,18.279192,0.5685933828353882,36.18490219116211,142.08176,144.63385,0.0,,0.0,0.0,0,pelvis,0.0,0.12799616158008575,0.8973113298416138,-36.10409927368164,35.884376525878906,-142.08176,127.41327,132.03111,-144.63385,False,-0.0022333097
250,5.0,0.10646536946296692,-0.2004486322402954,1.8801477,24.32068,0.6717089414596558,36.322654724121094,144.63385,140.70113,0.0,,0.0,0.0,0,pelvis,0.0,0.8292596340179443,0.21917636692523956,36.10628890991211,-35.98466491699219,132.03111,-144.63385,-140.70113,125.22407,False,-0.013235016
