frame,t,rz,pgz,lv_norm,av_norm,dof_vel_max,dof_pos_err_max,tau_max,tau_norm,top_cf_name,top_cf_val,non_foot_cf_sum,apparent_force_norm,wrote_act
0,0.0,0.3981733024120331,0.9999998528492771,0.0,0.0,0.0,0.06691531538963319,0.0,0.0,pelvis,0.0,0,0.0,True
1,0.02,0.3971567153930664,0.9999998924601579,0.04489705,0.079507835,1.9916319847106934,0.08075977563858033,0.0,0.0,pelvis,64.66704,129.33407402038574,36.689762,True
2,0.04,0.39574581384658813,0.9999956153538003,0.109354734,0.17544195,4.117517948150635,0.14348093867301942,0.0,0.0,pelvis,107.19629,214.392578125,52.71626,True
3,0.06,0.3926179111003876,0.9999698310618407,0.22192003,0.29932714,6.137187957763672,0.2477239489555359,0.0,0.0,pelvis,76.03284,152.06567001342773,92.84685,True
4,0.08,0.38680171966552734,0.9998890856925299,0.37838346,0.40072197,7.785797119140625,0.38910324573516847,0.0,0.0,pelvis,49.877968,99.75593757629395,129.66557,True
5,0.1,0.37749582529067993,0.9997253090929041,0.56389284,0.44282982,8.934741020202637,0.5582794666290283,0.0,0.0,pelvis,34.369347,68.73869132995605,154.31392,True
6,0.12,0.3642439842224121,0.9994832120181502,0.76394284,0.4233897,9.702847480773926,0.7462392568588256,0.0,0.0,pelvis,27.30539,54.610779762268066,166.67151,True
7,0.14,0.3468421697616577,0.9992032191297066,0.9704381,0.3553496,10.252983093261719,0.9470471858978271,0.0,0.0,pelvis,23.950943,47.90188694000244,172.0319,True
8,0.16,0.3254263997077942,0.9988652357931728,1.1043125,1.2256131,13.609729766845703,1.1635283946990966,0.0,0.0,pelvis,1208.9006,2417.80126953125,182.60838,True
9,0.18,0.3029159903526306,0.9970020800331652,1.276302,1.2888305,13.93903636932373,1.459013295173645,0.0,0.0,pelvis,6.197012,12.394023895263672,142.55981,True
10,0.2,0.27581119537353516,0.9952316166624469,1.4776138,0.7995994,12.561195373535156,1.7212109088897705,0.0,0.0,pelvis,7.273303,14.546606302261353,206.2079,True
11,0.22,0.24416150152683258,0.9941616238005966,1.6879073,0.3024772,11.789299011230469,1.9631919384002685,0.0,0.0,pelvis,8.855471,17.710940837860107,203.55304,True
12,0.24,0.21340617537498474,0.9927122699645072,0.8477466,4.492996,18.075162887573242,2.150067758560181,0.0,0.0,pelvis,3429.6157,6859.2313232421875,1515.5956,True
13,0.26,0.2125760018825531,0.9773155733672411,0.99877363,5.144685,10.821968078613281,2.0778853416442873,0.0,0.0,pelvis,28.450249,56.90049648284912,181.47989,True
14,0.28,0.20906835794448853,0.950988765868445,0.9926243,5.07054,10.26187801361084,2.055550765991211,0.0,0.0,pelvis,8.591432,17.182863235473633,118.906746,True
15,0.3,0.20316354930400848,0.9153334010651331,1.0164903,5.061665,10.602191925048828,2.030312967300415,0.0,0.0,pelvis,7.5968227,15.193645715713501,120.05893,True
16,0.32,0.1947879195213318,0.8706453234832003,1.0566479,4.873828,10.901154518127441,2.057264232635498,0.0,0.0,pelvis,259.57535,519.1506876945496,138.26491,True
17,0.34,0.18312422931194305,0.8209224565706768,1.1195418,4.650425,10.99298095703125,2.2211712837219237,0.0,0.0,pelvis,18.289747,36.57949423789978,145.15985,True
18,0.36,0.16823790967464447,0.7664328822961436,1.1617101,4.579163,11.293971061706543,2.442253017425537,0.0,0.0,pelvis,40.75904,81.5180835723877,181.63667,True
19,0.38,0.15008766949176788,0.7089703831144875,1.27103,4.418705,11.681365966796875,2.67260947227478,0.0,0.0,pelvis,31.81791,63.635817527770996,153.80331,True
20,0.4,0.128602534532547,0.6501757771570212,1.3913485,4.293629,11.995168685913086,2.9101587772369384,0.0,0.0,pelvis,29.692234,59.38446807861328,147.60344,True
21,0.42,0.10684847831726074,0.6042644737342724,1.1550856,3.2028933,8.485359191894531,2.956464672088623,0.0,0.0,pelvis,895.6958,1791.3916015625,200.09398,True
22,0.44,0.10370857268571854,0.6135677000222117,0.5019398,1.2524121,5.461857318878174,2.944924020767212,0.0,0.0,pelvis,6.7282343,13.4564688205719,758.8131,True
23,0.46,0.09826753288507462,0.6309426507836178,0.5694887,1.3311971,5.280098915100098,2.939715766906738,0.0,0.0,pelvis,52.088223,104.1764440536499,162.2879,True
24,0.48,0.08858122676610947,0.64946861651824,0.68900377,1.3719653,5.04989767074585,2.9542407035827636,0.0,0.0,pelvis,23.396568,46.79313683509827,170.75279,True
25,0.5,0.07519377022981644,0.6670805047764556,0.81934917,1.61379,5.429919242858887,2.954330825805664,0.0,0.0,pelvis,35.24246,70.48491668701172,150.90164,True
26,0.52,0.060639847069978714,0.6826216951163991,0.86165214,1.1048987,5.9372663497924805,2.9534358024597167,0.0,0.0,pelvis,9.923061,19.846123218536377,64.59654,True
27,0.54,0.04439837858080864,0.6957403603804366,0.91727036,1.4753201,8.516481399536133,2.9503089427947997,0.0,0.0,pelvis,331.42993,662.8598899841309,101.11031,True
28,0.56,0.027163442224264145,0.7046075231927966,0.9838743,1.1075821,8.981225967407227,2.949999952316284,0.0,0.0,pelvis,0.0,0,96.39337,True
29,0.58,0.007513854652643204,0.7120529352576386,0.2384394,5.226892,17.321693420410156,2.9386457443237304,0.0,0.0,pelvis,2142.378,4284.755859375,819.2493,True
30,0.6,0.007555857300758362,0.6987853255852992,0.17436187,4.195814,22.034055709838867,2.9328075885772704,0.0,0.0,pelvis,60.042427,120.08485412597656,149.5576,True
31,0.62,0.009773153811693192,0.6683579669114503,0.12411298,4.465573,17.20372772216797,2.7786232471466064,0.0,0.0,pelvis,70.75777,141.5155372619629,157.14293,True
32,0.64,0.015638481825590134,0.6247855008993134,0.2534166,2.8880372,18.00000762939453,2.7869476318359374,0.0,0.0,pelvis,14.249711,28.499422073364258,110.45169,True
33,0.66,0.01694393903017044,0.5819205372146692,0.28796068,2.750663,9.311867713928223,2.88927640914917,0.0,0.0,pelvis,15.614663,31.229326248168945,163.04811,True
34,0.68,0.014833977445960045,0.5363341893620419,0.3405314,3.5154116,8.911503791809082,2.9543036460876464,0.0,0.0,pelvis,46.025856,92.05171394348145,101.63593,True
35,0.7000000000000001,0.014899654313921928,0.4719530923946521,0.19157238,4.482782,8.379865646362305,2.913526439666748,0.0,0.0,pelvis,81.03124,174.69185829162598,134.92795,True
36,0.72,0.019632335752248764,0.37970947892397033,0.17928447,5.840692,7.703534126281738,2.9375425815582275,0.0,0.0,pelvis,82.497574,197.05451011657715,177.05922,True
37,0.74,0.025907110422849655,0.269924761702763,0.16710877,6.416821,12.689803123474121,2.9171449184417724,0.0,0.0,pelvis,66.77253,133.54505920410156,100.446045,True
38,0.76,0.03248656913638115,0.16461228022175445,0.301134,5.3341146,3.8109664916992188,2.9596332550048827,0.0,0.0,pelvis,224.65308,449.30615615844727,185.37851,True
39,0.78,0.0425410233438015,0.08409268864826802,0.6306497,2.8372197,11.134427070617676,2.965037965774536,0.0,0.0,pelvis,542.68365,1106.1069431304932,339.45428,True
40,0.8,0.050613127648830414,0.08067197263957371,0.48014858,0.13602963,14.952194213867188,2.954091930389404,0.0,0.0,pelvis,41.76384,83.52768230438232,137.09395,True
41,0.8200000000000001,0.055031679570674896,0.0815024673051351,0.30522043,0.34259087,15.95164966583252,2.9476863384246825,0.0,0.0,pelvis,12.998857,25.997713088989258,178.07158,True
42,0.84,0.05541759729385376,0.08041085922323077,0.26513007,0.53599,16.870990753173828,2.944896364212036,0.0,0.0,pelvis,13.329399,26.65879774093628,173.79349,True
43,0.86,0.051255881786346436,0.07820536018117952,0.435942,2.2186677,17.96221923828125,2.958371305465698,0.0,0.0,pelvis,141.10902,282.2180495262146,233.42834,True
44,0.88,0.04461105540394783,0.07927115389870298,0.32635587,1.5738,7.209437370300293,2.9640885829925536,0.0,0.0,pelvis,469.15115,938.3023300170898,111.53198,True
45,0.9,0.0368024967610836,0.11530477924573079,0.40838972,2.7190688,11.717966079711914,2.9584895610809325,0.0,0.0,pelvis,187.26347,374.52694940567017,69.51307,True
46,0.92,0.0306379534304142,0.16095697336152448,0.2592547,2.43341,7.7011637687683105,2.955605411529541,0.0,0.0,pelvis,137.33589,274.67177963256836,181.91592,True
47,0.9400000000000001,0.02724483236670494,0.1928341760945389,0.15282011,1.4073105,7.7028422355651855,2.9513272285461425,0.0,0.0,pelvis,57.045982,114.091965675354,109.49042,True
48,0.96,0.02380669303238392,0.21085220775807434,0.11083222,1.0370401,7.491674423217773,2.9540411472320556,0.0,0.0,pelvis,354.06955,708.1390991210938,72.99196,True
49,0.98,0.023139994591474533,0.2084897941618653,0.07049455,0.6045923,7.202561378479004,2.954321765899658,0.0,0.0,pelvis,81.7966,163.59320449829102,74.561066,True
50,1.0,0.02524385042488575,0.19038014035705797,0.13412632,1.1452522,5.264761447906494,2.953788900375366,0.0,0.0,pelvis,106.93115,213.86230850219727,96.56582,True
51,1.02,0.02847764827311039,0.1637866675533124,0.18722036,1.6104354,5.246728897094727,2.955157423019409,0.0,0.0,pelvis,108.172104,216.34420776367188,47.714508,True
52,1.04,0.03296598047018051,0.12907934380476815,0.18838593,1.8046254,4.808891296386719,2.9567381381988525,0.0,0.0,pelvis,214.0908,428.1816101074219,6.7816954,True
53,1.06,0.03752319514751434,0.10583188822183964,0.16806482,1.1748488,4.646740913391113,2.957264804840088,0.0,0.0,pelvis,247.13364,494.26727294921875,40.374886,True
54,1.08,0.03932496905326843,0.10176092260283809,0.047503922,0.9282572,5.132998943328857,2.9550031661987304,0.0,0.0,pelvis,33.28882,71.20528817176819,139.03926,True
55,1.1,0.037367209792137146,0.10768579431114111,0.109839685,1.2212745,6.10214900970459,2.9572261810302733,0.0,0.0,pelvis,157.5737,327.82292556762695,95.1123,True
56,1.12,0.033243127167224884,0.1273246249379829,0.101621695,1.4191225,6.527751922607422,2.9564756393432616,0.0,0.0,pelvis,392.85907,851.8921012878418,41.127037,True
57,1.1400000000000001,0.03184258192777634,0.13960289700829598,0.06531502,0.58134484,6.651686668395996,2.954760932922363,0.0,0.0,pelvis,176.63791,380.09165382385254,32.180378,True
58,1.16,0.03121086210012436,0.1435923764263758,0.026982404,0.5125444,6.606792449951172,2.954553985595703,0.0,0.0,pelvis,121.069824,266.1457977294922,32.843597,True
59,1.18,0.031397584825754166,0.14016907452751282,0.07465228,0.7535439,6.411852836608887,2.95646276473999,0.0,0.0,pelvis,198.8432,397.68640542030334,60.419403,True
60,1.2,0.0329926572740078,0.12883500613537424,0.07461316,0.87339646,5.76732063293457,2.955724859237671,0.0,0.0,pelvis,156.63145,313.26291847229004,8.622184,True
61,1.22,0.03487542271614075,0.11928519014687111,0.078608334,0.6397881,4.732715606689453,2.9550386905670165,0.0,0.0,pelvis,108.35676,216.7135124206543,6.4764724,True
62,1.24,0.03547213599085808,0.11519142631255419,0.06674811,0.25258282,5.133933067321777,2.956485891342163,0.0,0.0,pelvis,189.11269,378.2253723144531,61.5715,True
63,1.26,0.034678444266319275,0.12071775620509129,0.064618506,0.6331533,5.152522087097168,2.9558505058288573,0.0,0.0,pelvis,171.9177,343.8353805541992,42.717182,True
64,1.28,0.03360224515199661,0.12739907272534623,0.05923122,0.5735612,4.997402191162109,2.9553269386291503,0.0,0.0,pelvis,127.57115,255.14230346679688,5.19416,True
65,1.3,0.03304193168878555,0.13141913475551403,0.028635213,0.29015544,5.173050880432129,2.9545876026153564,0.0,0.0,pelvis,108.994255,217.98850440979004,42.619514,True
66,1.32,0.03346679359674454,0.12824039376445295,0.03724349,0.29629385,5.234457015991211,2.955544137954712,0.0,0.0,pelvis,168.62708,337.25415802001953,23.817904,True
67,1.34,0.034177783876657486,0.12454970950115452,0.029930754,0.196276,5.0866875648498535,2.9554351806640624,0.0,0.0,pelvis,149.66248,299.32495498657227,7.200023,True
68,1.36,0.0346926711499691,0.12167249316023276,0.027098436,0.1442588,6.953637599945068,2.9554728507995605,0.0,0.0,pelvis,153.94664,307.89328384399414,6.986135,True
69,1.3800000000000001,0.035022370517253876,0.1196849459027074,0.023603747,0.18688698,9.038738250732422,2.9555572509765624,0.0,0.0,pelvis,163.61061,327.2212257385254,9.429844,True
70,1.4000000000000001,0.035180579870939255,0.11864028093167345,0.026052764,0.2819476,11.049946784973145,2.95556583404541,0.0,0.0,pelvis,164.38023,328.7604637145996,11.461105,True
71,1.42,0.035159409046173096,0.11852920721646842,0.036683455,0.3953423,12.813678741455078,2.955540323257446,0.0,0.0,pelvis,163.5128,327.0256042480469,12.556868,True
72,1.44,0.03494447097182274,0.11936154295978685,0.05178563,0.5162137,14.01668643951416,2.9555274486541747,0.0,0.0,pelvis,163.47067,326.9413375854492,13.801773,True
73,1.46,0.03455667197704315,0.12157749827038655,0.040517602,0.50146466,14.23648738861084,2.9557081699371337,0.0,0.0,pelvis,181.1882,381.71225357055664,15.525236,True
74,1.48,0.034061893820762634,0.12476484667553978,0.032276783,0.58080614,3.306061029434204,2.955598735809326,0.0,0.0,pelvis,176.20215,370.6146125793457,23.385166,True
75,1.5,0.03423803672194481,0.12464111359235452,0.033684984,0.29612255,2.6630074977874756,2.9549123287200927,0.0,0.0,pelvis,161.82466,356.81742668151855,37.904602,True
76,1.52,0.034913863986730576,0.12058417448328984,0.034156952,0.16783503,3.908830404281616,2.9554370880126952,0.0,0.0,pelvis,158.51956,340.739294052124,10.880315,True
77,1.54,0.03517533838748932,0.11873851120820955,0.0114978915,0.1093544,4.938027381896973,2.9555975437164306,0.0,0.0,pelvis,192.09436,418.4049892425537,21.251423,True
78,1.56,0.034959424287080765,0.12011806375882361,0.013468442,0.19949536,5.641011714935303,2.955391550064087,0.0,0.0,pelvis,152.08214,318.7535009384155,16.11609,True
79,1.58,0.03429807722568512,0.12377292796905759,0.011401158,0.2746061,6.171220779418945,2.955302381515503,0.0,0.0,pelvis,176.14801,380.08686447143555,1.7193078,True
80,1.6,0.03418714180588722,0.1242099983206375,0.020800907,0.20369609,6.484969139099121,2.955258274078369,0.0,0.0,pelvis,155.8778,330.8419990539551,20.928818,True
81,1.62,0.0342961885035038,0.12332870380940342,0.0150478305,0.17543337,6.473851203918457,2.955350065231323,0.0,0.0,pelvis,146.81299,306.4508419036865,6.846556,True
82,1.6400000000000001,0.03396925702691078,0.12472725748737723,0.015811494,0.23875026,6.200194835662842,2.955469036102295,0.0,0.0,pelvis,158.4784,331.5378179550171,12.322579,True
83,1.6600000000000001,0.03333874046802521,0.12815453963460266,0.014689022,0.25131536,2.6377944946289062,2.954990768432617,0.0,0.0,pelvis,158.9942,343.87288093566895,9.034218,True
84,1.68,0.03325185179710388,0.12828360510450665,0.01378916,0.18478157,2.784872055053711,2.955210828781128,0.0,0.0,pelvis,149.13995,298.27991485595703,7.8281775,True
85,1.7,0.03322744369506836,0.12857261450701385,0.009371249,0.13142326,2.9222257137298584,2.955161714553833,0.0,0.0,pelvis,165.2174,330.43482208251953,16.437204,True
86,1.72,0.033227622509002686,0.12850576886461595,0.031111,0.026796611,2.972729444503784,2.9553107261657714,0.0,0.0,pelvis,155.99675,311.9934997558594,18.344372,True
87,1.74,0.03317669406533241,0.128520874331018,0.05119204,0.13930663,3.124133825302124,2.9553748607635497,0.0,0.0,pelvis,157.08035,314.160701751709,17.130941,True
88,1.76,0.03308264538645744,0.1286044696571511,0.07241347,0.2478835,3.525887966156006,2.9553252696990966,0.0,0.0,pelvis,159.75519,319.5103759765625,17.469942,True
89,1.78,0.032996766269207,0.12849302773761861,0.0690594,0.37317988,3.7690560817718506,2.9554847717285155,0.0,0.0,pelvis,186.05931,403.01164054870605,8.262708,True
90,1.8,0.033082809299230576,0.12769473975928958,0.042511895,0.57351094,3.9140546321868896,2.9555720329284667,0.0,0.0,pelvis,163.29126,345.0830707550049,24.023014,True
91,1.82,0.03303305059671402,0.1273573157481812,0.025311349,0.75864714,3.943418264389038,2.955535554885864,0.0,0.0,pelvis,154.18777,323.07508182525635,17.4309,True
92,1.84,0.032737135887145996,0.12831205357573772,0.026774514,0.41923717,3.5014545917510986,2.955286645889282,0.0,0.0,pelvis,162.53027,325.060546875,18.943073,True
93,1.86,0.03272850438952446,0.12840779475042108,0.04164423,0.39472133,3.665280342102051,2.955389165878296,0.0,0.0,pelvis,161.03879,322.0775680541992,15.964119,True
94,1.8800000000000001,0.03275479003787041,0.12822398439049276,0.047901314,0.3742194,3.635805130004883,2.955572986602783,0.0,0.0,pelvis,158.33443,316.6688575744629,7.4595013,True
95,1.9000000000000001,0.032607074826955795,0.12899226644776007,0.055029497,0.35513103,3.629000425338745,2.9552806854248046,0.0,0.0,pelvis,161.51297,323.0259323120117,5.8723216,True
96,1.92,0.03262163698673248,0.12869265532270502,0.059819933,0.33637807,3.56233286857605,2.9557119846343993,0.0,0.0,pelvis,165.26576,330.5315284729004,4.0517564,True
97,1.94,0.032534558326005936,0.12905170036986413,0.06167448,0.3216122,3.386319637298584,2.955490732192993,0.0,0.0,pelvis,162.44037,324.8807373046875,3.4226692,True
98,1.96,0.03248952329158783,0.12911724141476344,0.06494444,0.29989445,3.2661960124969482,2.955519104003906,0.0,0.0,pelvis,161.17958,322.3591613769531,4.5248704,True
99,1.98,0.032467979937791824,0.12901283050032553,0.06400748,0.2830627,2.9878766536712646,2.9556862354278564,0.0,0.0,pelvis,161.65598,323.3119583129883,3.7492924,True
100,2.0,0.032386817038059235,0.12930904080502548,0.06443767,0.26349992,2.7314484119415283,2.955439233779907,0.0,0.0,pelvis,158.13028,316.26055908203125,2.32782,True
