frame,t,rz,pgz,roll,pitch,yaw,lv_norm,av_norm,dof_pos_err_max,dof_vel_max,tau_max,tau_sat,saturated_joints,L_fz,R_fz,non_foot_cf_sum,top_cf_name,top_cf_val,bz_min,bz_min_name
0,0.0,0.38999995589256287,1.0,6.814560049988273e-10,2.5279495476204646e-08,2.190517598790856e-11,0.0,0.0,0.0,0.0,0.0,0.0,,0.0,0.0,0,pelvis,0.0,0.018089116,left_ankle_roll_link
1,0.02,0.3899999260902405,1.0,6.814560049988273e-10,2.5279495476204646e-08,2.190517598790856e-11,0.0,0.0,0.5212126076221466,13.906943321228027,0.0,0.0,,0.10833788,0.10833788,0,left_ankle_roll_link,0.10833788,0.044539828,right_ankle_roll_link
2,0.04,0.3899999260902405,1.0,6.814560049988273e-10,2.5279495476204646e-08,2.190517598790856e-11,0.0,0.0,0.3052172539755702,4.345373630523682,36.0,0.13636363636363635,"left_knee_joint,left_ankle_roll_joint,right_knee_joint",1736.0148,1912.7333,0,right_ankle_roll_link,1912.7333,0.031004107,right_ankle_roll_link
3,0.06,0.3899999260902405,1.0,6.814560049988273e-10,2.5279495476204646e-08,2.190517598790856e-11,0.0,0.0,0.3048458555713296,11.07209300994873,30.357807,0.0,,651.662,654.70447,0,right_ankle_roll_link,654.70447,0.030981071,left_ankle_roll_link
4,0.08,0.3899999260902405,1.0,6.814560049988273e-10,2.5279495476204646e-08,2.190517598790856e-11,0.0,0.0,0.304970720782876,18.03023338317871,23.168089,0.0,,511.90503,511.90503,0,left_ankle_roll_link,511.90503,0.030985756,left_ankle_roll_link
5,0.1,0.3899999260902405,1.0,6.814560049988273e-10,2.5279495476204646e-08,2.190517598790856e-11,0.0,0.0,0.3049765005707741,18.060169219970703,22.935932,0.0,,507.3648,507.3648,0,left_ankle_roll_link,507.3648,0.030985992,left_ankle_roll_link
6,0.12,0.3899999260902405,1.0,6.814560049988273e-10,2.5279495476204646e-08,2.190517598790856e-11,0.0,0.0,0.3049773694947362,18.051820755004883,22.928925,0.0,,510.80307,503.4748,0,left_ankle_roll_link,510.80307,0.030985931,left_ankle_roll_link
7,0.14,0.3899999260902405,1.0,6.814560049988273e-10,2.5279495476204646e-08,2.190517598790856e-11,0.0,0.0,0.3049777573905885,18.044694900512695,22.9277,0.0,,510.7493,503.54352,0,left_ankle_roll_link,510.7493,0.030985951,left_ankle_roll_link
8,0.16,0.3899999260902405,1.0,6.814560049988273e-10,2.5279495476204646e-08,2.190517598790856e-11,0.0,0.0,0.3049793727695942,18.034515380859375,22.928425,0.0,,510.75565,503.47733,0,left_ankle_roll_link,510.75565,0.030986033,left_ankle_roll_link
9,0.18,0.3899999260902405,1.0,6.814560049988273e-10,2.5279495476204646e-08,2.190517598790856e-11,0.0,0.0,0.30497603258118033,18.03725242614746,22.92706,0.0,,507.11026,507.11026,0,left_ankle_roll_link,507.11026,0.03098586,left_ankle_roll_link
10,0.2,0.3899999260902405,1.0,6.814560049988273e-10,2.5279495476204646e-08,2.190517598790856e-11,0.0,0.0,0.3049794379621744,18.030899047851562,22.929996,0.0,,507.06342,507.06342,0,left_ankle_roll_link,507.06342,0.030985933,left_ankle_roll_link
11,0.22,0.3899999260902405,1.0,6.814560049988273e-10,2.5279495476204646e-08,2.190517598790856e-11,0.0,0.0,0.3049769876524806,18.035425186157227,22.926329,0.0,,510.65445,503.47195,0,left_ankle_roll_link,510.65445,0.03098599,left_ankle_roll_link
12,0.24,0.3899999260902405,1.0,6.814560049988273e-10,2.5279495476204646e-08,2.190517598790856e-11,0.0,0.0,0.30497843865305185,18.031049728393555,22.925156,0.0,,510.68536,503.48077,0,left_ankle_roll_link,510.68536,0.030985907,left_ankle_roll_link
13,0.26,0.3899999260902405,1.0,6.814560049988273e-10,2.5279495476204646e-08,2.190517598790856e-11,0.0,0.0,0.3049766873009503,18.035337448120117,22.927185,0.0,,510.83533,503.53656,0,left_ankle_roll_link,510.83533,0.030985901,left_ankle_roll_link
14,0.28,0.3899999260902405,1.0,6.814560049988273e-10,2.5279495476204646e-08,2.190517598790856e-11,0.0,0.0,0.3049775888212025,18.03126335144043,22.931362,0.0,,507.18494,507.18494,0,left_ankle_roll_link,507.18494,0.030985823,left_ankle_roll_link
15,0.3,0.3899999260902405,1.0,6.814560049988273e-10,2.5279495476204646e-08,2.190517598790856e-11,0.0,0.0,0.304976096842438,18.03540802001953,22.930485,0.0,,510.73557,503.53607,0,left_ankle_roll_link,510.73557,0.030985825,left_ankle_roll_link
16,0.32,0.3899999260902405,1.0,6.814560049988273e-10,2.5279495476204646e-08,2.190517598790856e-11,0.0,0.0,0.30497748916968703,18.031267166137695,22.927824,0.0,,510.72107,503.43948,0,left_ankle_roll_link,510.72107,0.030985918,left_ankle_roll_link
17,0.34,0.3899999260902405,1.0,6.814560049988273e-10,2.5279495476204646e-08,2.190517598790856e-11,0.0,0.0,0.30497592547908425,18.035446166992188,22.926554,0.0,,510.73608,503.4573,0,left_ankle_roll_link,510.73608,0.030985856,left_ankle_roll_link
18,0.36,0.3899999260902405,1.0,6.814560049988273e-10,2.5279495476204646e-08,2.190517598790856e-11,0.0,0.0,0.30497809033840895,18.0312557220459,22.928537,0.0,,507.08435,507.08435,0,left_ankle_roll_link,507.08435,0.030985823,left_ankle_roll_link
19,0.38,0.3899999260902405,1.0,6.814560049988273e-10,2.5279495476204646e-08,2.190517598790856e-11,0.0,0.0,0.3049774649553001,18.035425186157227,22.928888,0.0,,507.02243,507.02243,0,left_ankle_roll_link,507.02243,0.030986052,left_ankle_roll_link
20,0.4,0.3899999260902405,1.0,6.814560049988273e-10,2.5279495476204646e-08,2.190517598790856e-11,0.0,0.0,0.3049772013910115,18.031225204467773,22.927055,0.0,,507.04053,507.04053,0,left_ankle_roll_link,507.04053,0.030986004,left_ankle_roll_link
21,0.42,0.3899999260902405,1.0,6.814560049988273e-10,2.5279495476204646e-08,2.190517598790856e-11,0.0,0.0,0.3049788950011134,18.035425186157227,22.92692,0.0,,507.11395,507.11395,0,left_ankle_roll_link,507.11395,0.030985925,left_ankle_roll_link
22,0.44,0.3899999260902405,1.0,6.814560049988273e-10,2.5279495476204646e-08,2.190517598790856e-11,0.0,0.0,0.30497796228155494,18.03122329711914,22.928883,0.0,,507.0741,507.0741,0,left_ankle_roll_link,507.0741,0.030985914,left_ankle_roll_link
23,0.46,0.3899999260902405,1.0,6.814560049988273e-10,2.5279495476204646e-08,2.190517598790856e-11,0.0,0.0,0.30497716646641493,18.035411834716797,22.926645,0.0,,510.69406,503.47043,0,left_ankle_roll_link,510.69406,0.030985916,left_ankle_roll_link
24,0.48,0.3899999260902405,1.0,6.814560049988273e-10,2.5279495476204646e-08,2.190517598790856e-11,0.0,0.0,0.30497594084590673,18.031225204467773,22.928,0.0,,510.70056,503.29724,0,left_ankle_roll_link,510.70056,0.030986005,left_ankle_roll_link
25,0.5,0.3899999260902405,1.0,6.814560049988273e-10,2.5279495476204646e-08,2.190517598790856e-11,0.0,0.0,0.30497693503275514,18.035419464111328,22.927,0.0,,507.09418,507.09418,0,left_ankle_roll_link,507.09418,0.030985814,left_ankle_roll_link
26,0.52,0.3899999260902405,1.0,6.814560049988273e-10,2.5279495476204646e-08,2.190517598790856e-11,0.0,0.0,0.30497676599770784,18.031232833862305,22.928276,0.0,,507.1488,507.1488,0,left_ankle_roll_link,507.1488,0.030985959,left_ankle_roll_link
27,0.54,0.3899999260902405,1.0,6.814560049988273e-10,2.5279495476204646e-08,2.190517598790856e-11,0.0,0.0,0.3049771208316088,18.035430908203125,22.926708,0.0,,507.11285,507.11285,0,left_ankle_roll_link,507.11285,0.030985927,left_ankle_roll_link
28,0.56,0.3899999260902405,1.0,6.814560049988273e-10,2.5279495476204646e-08,2.190517598790856e-11,0.0,0.0,0.30497678369283676,18.031240463256836,22.928638,0.0,,507.1147,507.1147,0,left_ankle_roll_link,507.1147,0.030985976,left_ankle_roll_link
29,0.58,0.3899999260902405,1.0,6.814560049988273e-10,2.5279495476204646e-08,2.190517598790856e-11,0.0,0.0,0.304978433996439,18.035442352294922,22.927752,0.0,,507.1076,507.1076,0,left_ankle_roll_link,507.1076,0.030985931,left_ankle_roll_link
30,0.6,0.3899999260902405,1.0,6.814560049988273e-10,2.5279495476204646e-08,2.190517598790856e-11,0.0,0.0,0.3049770756624639,18.03123664855957,22.928541,0.0,,507.06628,507.06628,0,left_ankle_roll_link,507.06628,0.030986112,left_ankle_roll_link
31,0.62,0.3899999260902405,1.0,6.814560049988273e-10,2.5279495476204646e-08,2.190517598790856e-11,0.0,0.0,0.3049770090728998,18.035444259643555,22.92677,0.0,,507.02277,507.02277,0,left_ankle_roll_link,507.02277,0.030985994,left_ankle_roll_link
32,0.64,0.3899999260902405,1.0,6.814560049988273e-10,2.5279495476204646e-08,2.190517598790856e-11,0.0,0.0,0.30497715156525373,18.031248092651367,22.926126,0.0,,510.75745,503.4275,0,left_ankle_roll_link,510.75745,0.030985886,left_ankle_roll_link
33,0.66,0.3899999260902405,1.0,6.814560049988273e-10,2.5279495476204646e-08,2.190517598790856e-11,0.0,0.0,0.30497880885377526,18.03544044494629,22.928995,0.0,,507.13965,507.13965,0,left_ankle_roll_link,507.13965,0.030985935,left_ankle_roll_link
34,0.68,0.3899999260902405,1.0,6.814560049988273e-10,2.5279495476204646e-08,2.190517598790856e-11,0.0,0.0,0.304978015832603,18.03125,22.92876,0.0,,507.0674,507.0674,0,left_ankle_roll_link,507.0674,0.030985868,left_ankle_roll_link
35,0.7000000000000001,0.3899999260902405,1.0,6.814560049988273e-10,2.5279495476204646e-08,2.190517598790856e-11,0.0,0.0,0.3049786342307925,18.03544807434082,22.929737,0.0,,506.9997,506.9997,0,left_ankle_roll_link,506.9997,0.030985946,left_ankle_roll_link
36,0.72,0.3899999260902405,1.0,6.814560049988273e-10,2.5279495476204646e-08,2.190517598790856e-11,0.0,0.0,0.3049771352671087,18.0312442779541,22.928623,0.0,,507.05585,507.05585,0,left_ankle_roll_link,507.05585,0.030985976,left_ankle_roll_link
37,0.74,0.3899999260902405,1.0,6.814560049988273e-10,2.5279495476204646e-08,2.190517598790856e-11,0.0,0.0,0.30497556226328015,18.035432815551758,22.927645,0.0,,507.1031,507.1031,0,left_ankle_roll_link,507.1031,0.03098593,left_ankle_roll_link
38,0.76,0.3899999260902405,1.0,6.814560049988273e-10,2.5279495476204646e-08,2.190517598790856e-11,0.0,0.0,0.30497871059924364,18.031240463256836,22.929348,0.0,,507.0886,507.0886,0,left_ankle_roll_link,507.0886,0.03098599,left_ankle_roll_link
39,0.78,0.3899999260902405,1.0,6.814560049988273e-10,2.5279495476204646e-08,2.190517598790856e-11,0.0,0.0,0.3049770821817219,18.035438537597656,22.92554,0.0,,507.04877,507.04877,0,left_ankle_roll_link,507.04877,0.030985942,left_ankle_roll_link
40,0.8,0.3899999260902405,1.0,6.814560049988273e-10,2.5279495476204646e-08,2.190517598790856e-11,0.0,0.0,0.30497694108635187,18.031251907348633,22.927555,0.0,,510.64386,503.49365,0,left_ankle_roll_link,510.64386,0.030985978,left_ankle_roll_link
41,0.8200000000000001,0.3899999260902405,1.0,6.814560049988273e-10,2.5279495476204646e-08,2.190517598790856e-11,0.0,0.0,0.30497852293774486,18.035446166992188,22.926416,0.0,,510.73523,503.59827,0,left_ankle_roll_link,510.73523,0.030985903,left_ankle_roll_link
42,0.84,0.3899999260902405,1.0,6.814560049988273e-10,2.5279495476204646e-08,2.190517598790856e-11,0.0,0.0,0.3049793504178524,18.03123664855957,22.93005,0.0,,510.7322,503.4289,0,left_ankle_roll_link,510.7322,0.030986033,left_ankle_roll_link
43,0.86,0.3899999260902405,1.0,6.814560049988273e-10,2.5279495476204646e-08,2.190517598790856e-11,0.0,0.0,0.30497673712670803,18.035436630249023,22.928276,0.0,,507.13925,507.13925,0,left_ankle_roll_link,507.13925,0.03098592,left_ankle_roll_link
44,0.88,0.3899999260902405,1.0,6.814560049988273e-10,2.5279495476204646e-08,2.190517598790856e-11,0.0,0.0,0.30497745983302593,18.03124237060547,22.929443,0.0,,510.71863,503.52963,0,left_ankle_roll_link,510.71863,0.03098602,left_ankle_roll_link
45,0.9,0.3899999260902405,1.0,6.814560049988273e-10,2.5279495476204646e-08,2.190517598790856e-11,0.0,0.0,0.3049779017455876,18.03544807434082,22.925407,0.0,,510.61212,503.4822,0,left_ankle_roll_link,510.61212,0.030985933,left_ankle_roll_link
46,0.92,0.3899999260902405,1.0,6.814560049988273e-10,2.5279495476204646e-08,2.190517598790856e-11,0.0,0.0,0.304977057967335,18.031246185302734,22.927834,0.0,,507.10205,507.10205,0,left_ankle_roll_link,507.10205,0.03098595,left_ankle_roll_link
47,0.9400000000000001,0.3899999260902405,1.0,6.814560049988273e-10,2.5279495476204646e-08,2.190517598790856e-11,0.0,0.0,0.30497758835554123,18.035436630249023,22.927473,0.0,,507.0492,507.0492,0,left_ankle_roll_link,507.0492,0.03098585,left_ankle_roll_link
48,0.96,0.3899999260902405,1.0,6.814560049988273e-10,2.5279495476204646e-08,2.190517598790856e-11,0.0,0.0,0.30497738206759095,18.031238555908203,22.928381,0.0,,507.07208,507.07208,0,left_ankle_roll_link,507.07208,0.030986028,left_ankle_roll_link
49,0.98,0.3899999260902405,1.0,6.814560049988273e-10,2.5279495476204646e-08,2.190517598790856e-11,0.0,0.0,0.30497715156525373,18.035449981689453,22.925161,0.0,,510.6765,503.36285,0,left_ankle_roll_link,510.6765,0.03098599,left_ankle_roll_link
50,1.0,0.3899999260902405,1.0,6.814560049988273e-10,2.5279495476204646e-08,2.190517598790856e-11,0.0,0.0,0.3049756307154894,18.03124237060547,22.926964,0.0,,507.0228,507.0228,0,left_ankle_roll_link,507.0228,0.03098585,left_ankle_roll_link
51,1.02,0.3899999260902405,1.0,6.814560049988273e-10,2.5279495476204646e-08,2.190517598790856e-11,0.0,0.0,0.30497785098850727,18.03543472290039,22.926542,0.0,,507.06885,507.06885,0,left_ankle_roll_link,507.06885,0.030986005,left_ankle_roll_link
52,1.04,0.3899999260902405,1.0,6.814560049988273e-10,2.5279495476204646e-08,2.190517598790856e-11,0.0,0.0,0.3049762696027756,18.031248092651367,22.927063,0.0,,510.7131,503.47983,0,left_ankle_roll_link,510.7131,0.030985946,left_ankle_roll_link
53,1.06,0.3899999260902405,1.0,6.814560049988273e-10,2.5279495476204646e-08,2.190517598790856e-11,0.0,0.0,0.30497949477285147,18.035442352294922,22.928318,0.0,,507.10315,507.10315,0,left_ankle_roll_link,507.10315,0.030985992,left_ankle_roll_link
54,1.08,0.3899999260902405,1.0,6.814560049988273e-10,2.5279495476204646e-08,2.190517598790856e-11,0.0,0.0,0.304976646322757,18.031248092651367,22.926954,0.0,,510.7019,503.5101,0,left_ankle_roll_link,510.7019,0.03098586,left_ankle_roll_link
55,1.1,0.3899999260902405,1.0,6.814560049988273e-10,2.5279495476204646e-08,2.190517598790856e-11,0.0,0.0,0.3049771166406572,18.03543472290039,22.926825,0.0,,510.78204,503.45245,0,left_ankle_roll_link,510.78204,0.030985916,left_ankle_roll_link
56,1.12,0.3899999260902405,1.0,6.814560049988273e-10,2.5279495476204646e-08,2.190517598790856e-11,0.0,0.0,0.3049767389893532,18.03124237060547,22.927946,0.0,,510.74142,503.48004,0,left_ankle_roll_link,510.74142,0.030985946,left_ankle_roll_link
57,1.1400000000000001,0.3899999260902405,1.0,6.814560049988273e-10,2.5279495476204646e-08,2.190517598790856e-11,0.0,0.0,0.3049763380549848,18.035442352294922,22.927765,0.0,,510.77432,503.37772,0,left_ankle_roll_link,510.77432,0.030985879,left_ankle_roll_link
58,1.16,0.3899999260902405,1.0,6.814560049988273e-10,2.5279495476204646e-08,2.190517598790856e-11,0.0,0.0,0.3049771310761571,18.03123664855957,22.930489,0.0,,507.0467,507.0467,0,left_ankle_roll_link,507.0467,0.030986026,left_ankle_roll_link
59,1.18,0.3899999260902405,1.0,6.814560049988273e-10,2.5279495476204646e-08,2.190517598790856e-11,0.0,0.0,0.3049775594845414,18.03544044494629,22.925568,0.0,,507.05585,507.05585,0,left_ankle_roll_link,507.05585,0.030985972,left_ankle_roll_link
60,1.2,0.3899999260902405,1.0,6.814560049988273e-10,2.5279495476204646e-08,2.190517598790856e-11,0.0,0.0,0.3049767082557082,18.03124237060547,22.928278,0.0,,510.71588,503.54004,0,left_ankle_roll_link,510.71588,0.03098593,left_ankle_roll_link
61,1.22,0.3899999260902405,1.0,6.814560049988273e-10,2.5279495476204646e-08,2.190517598790856e-11,0.0,0.0,0.30497704539448023,18.035444259643555,22.925274,0.0,,507.10535,507.10535,0,left_ankle_roll_link,507.10535,0.030985989,left_ankle_roll_link
62,1.24,0.3899999260902405,1.0,6.814560049988273e-10,2.5279495476204646e-08,2.190517598790856e-11,0.0,0.0,0.30497747426852584,18.0312442779541,22.927235,0.0,,506.98813,506.98813,0,left_ankle_roll_link,506.98813,0.030985875,left_ankle_roll_link
63,1.26,0.3899999260902405,1.0,6.814560049988273e-10,2.5279495476204646e-08,2.190517598790856e-11,0.0,0.0,0.3049774030223489,18.035430908203125,22.928644,0.0,,510.88147,503.3996,0,left_ankle_roll_link,510.88147,0.030985856,left_ankle_roll_link
64,1.28,0.3899999260902405,1.0,6.814560049988273e-10,2.5279495476204646e-08,2.190517598790856e-11,0.0,0.0,0.3049769988283515,18.0312442779541,22.930132,0.0,,510.7606,503.4356,0,left_ankle_roll_link,510.7606,0.03098589,left_ankle_roll_link
65,1.3,0.3899999260902405,1.0,6.814560049988273e-10,2.5279495476204646e-08,2.190517598790856e-11,0.0,0.0,0.30497668543830514,18.035432815551758,22.927036,0.0,,507.1682,507.1682,0,left_ankle_roll_link,507.1682,0.030985873,left_ankle_roll_link
66,1.32,0.3899999260902405,1.0,6.814560049988273e-10,2.5279495476204646e-08,2.190517598790856e-11,0.0,0.0,0.304977938067168,18.03125,22.92918,0.0,,510.77704,503.47504,0,left_ankle_roll_link,510.77704,0.030985862,left_ankle_roll_link
67,1.34,0.3899999260902405,1.0,6.814560049988273e-10,2.5279495476204646e-08,2.190517598790856e-11,0.0,0.0,0.30497715156525373,18.03544807434082,22.92862,0.0,,507.08945,507.08945,0,left_ankle_roll_link,507.08945,0.03098578,left_ankle_roll_link
68,1.36,0.3899999260902405,1.0,6.814560049988273e-10,2.5279495476204646e-08,2.190517598790856e-11,0.0,0.0,0.30497813737019897,18.031232833862305,22.927366,0.0,,507.12592,507.12592,0,left_ankle_roll_link,507.12592,0.030985976,left_ankle_roll_link
69,1.3800000000000001,0.3899999260902405,1.0,6.814560049988273e-10,2.5279495476204646e-08,2.190517598790856e-11,0.0,0.0,0.30497705982998013,18.035442352294922,22.927765,0.0,,507.0486,507.0486,0,left_ankle_roll_link,507.0486,0.030985937,left_ankle_roll_link
70,1.4000000000000001,0.3899999260902405,1.0,6.814560049988273e-10,2.5279495476204646e-08,2.190517598790856e-11,0.0,0.0,0.30497780116274953,18.0312442779541,22.927755,0.0,,510.70175,503.4679,0,left_ankle_roll_link,510.70175,0.03098599,left_ankle_roll_link
71,1.42,0.3899999260902405,1.0,6.814560049988273e-10,2.5279495476204646e-08,2.190517598790856e-11,0.0,0.0,0.30497895646840334,18.03544044494629,22.925154,0.0,,510.7222,503.52808,0,left_ankle_roll_link,510.7222,0.030985935,left_ankle_roll_link
72,1.44,0.3899999260902405,1.0,6.814560049988273e-10,2.5279495476204646e-08,2.190517598790856e-11,0.0,0.0,0.30497656809166074,18.0312442779541,22.929169,0.0,,507.17926,507.17926,0,left_ankle_roll_link,507.17926,0.030985942,left_ankle_roll_link
73,1.46,0.3899999260902405,1.0,6.814560049988273e-10,2.5279495476204646e-08,2.190517598790856e-11,0.0,0.0,0.30497821094468236,18.035436630249023,22.928965,0.0,,510.72702,503.5073,0,left_ankle_roll_link,510.72702,0.030985933,left_ankle_roll_link
74,1.48,0.3899999260902405,1.0,6.814560049988273e-10,2.5279495476204646e-08,2.190517598790856e-11,0.0,0.0,0.30497803585603833,18.03124237060547,22.92699,0.0,,506.96634,506.96634,0,left_ankle_roll_link,506.96634,0.030985884,left_ankle_roll_link
75,1.5,0.3899999260902405,1.0,6.814560049988273e-10,2.5279495476204646e-08,2.190517598790856e-11,0.0,0.0,0.30497655225917697,18.035444259643555,22.925566,0.0,,507.1085,507.1085,0,left_ankle_roll_link,507.1085,0.030985855,left_ankle_roll_link
76,1.52,0.3899999260902405,1.0,6.814560049988273e-10,2.5279495476204646e-08,2.190517598790856e-11,0.0,0.0,0.3049784670583904,18.031246185302734,22.929646,0.0,,510.73837,503.5232,0,left_ankle_roll_link,510.73837,0.030985856,left_ankle_roll_link
77,1.54,0.3899999260902405,1.0,6.814560049988273e-10,2.5279495476204646e-08,2.190517598790856e-11,0.0,0.0,0.3049775427207351,18.03544044494629,22.926516,0.0,,507.08844,507.08844,0,left_ankle_roll_link,507.08844,0.030985886,left_ankle_roll_link
78,1.56,0.3899999260902405,1.0,6.814560049988273e-10,2.5279495476204646e-08,2.190517598790856e-11,0.0,0.0,0.30497695645317435,18.03124237060547,22.927181,0.0,,507.13928,507.13928,0,left_ankle_roll_link,507.13928,0.03098599,left_ankle_roll_link
79,1.58,0.3899999260902405,1.0,6.814560049988273e-10,2.5279495476204646e-08,2.190517598790856e-11,0.0,0.0,0.3049771632067859,18.035442352294922,22.927155,0.0,,507.10733,507.10733,0,left_ankle_roll_link,507.10733,0.030985946,left_ankle_roll_link
80,1.6,0.3899999260902405,1.0,6.814560049988273e-10,2.5279495476204646e-08,2.190517598790856e-11,0.0,0.0,0.30497768707573414,18.03124237060547,22.928759,0.0,,510.7564,503.47305,0,left_ankle_roll_link,510.7564,0.03098592,left_ankle_roll_link
81,1.62,0.3899999260902405,1.0,6.814560049988273e-10,2.5279495476204646e-08,2.190517598790856e-11,0.0,0.0,0.3049781918525696,18.03544807434082,22.929129,0.0,,510.68625,503.47382,0,left_ankle_roll_link,510.68625,0.030985814,left_ankle_roll_link
82,1.6400000000000001,0.3899999260902405,1.0,6.814560049988273e-10,2.5279495476204646e-08,2.190517598790856e-11,0.0,0.0,0.3049774821847677,18.031238555908203,22.927591,0.0,,510.77646,503.37424,0,left_ankle_roll_link,510.77646,0.030985931,left_ankle_roll_link
83,1.6600000000000001,0.3899999260902405,1.0,6.814560049988273e-10,2.5279495476204646e-08,2.190517598790856e-11,0.0,0.0,0.3049772516824305,18.035430908203125,22.92859,0.0,,510.77762,503.498,0,left_ankle_roll_link,510.77762,0.030985944,left_ankle_roll_link
84,1.68,0.3899999260902405,1.0,6.814560049988273e-10,2.5279495476204646e-08,2.190517598790856e-11,0.0,0.0,0.30497650103643537,18.03123664855957,22.927614,0.0,,510.75482,503.41193,0,left_ankle_roll_link,510.75482,0.030985827,left_ankle_roll_link
85,1.7,0.3899999260902405,1.0,6.814560049988273e-10,2.5279495476204646e-08,2.190517598790856e-11,0.0,0.0,0.3049769960343838,18.035442352294922,22.930544,0.0,,510.83374,503.38092,0,left_ankle_roll_link,510.83374,0.030985814,left_ankle_roll_link
86,1.72,0.3899999260902405,1.0,6.814560049988273e-10,2.5279495476204646e-08,2.190517598790856e-11,0.0,0.0,0.3049764377065003,18.03124237060547,22.929226,0.0,,510.87122,503.48096,0,left_ankle_roll_link,510.87122,0.030985942,left_ankle_roll_link
87,1.74,0.3899999260902405,1.0,6.814560049988273e-10,2.5279495476204646e-08,2.190517598790856e-11,0.0,0.0,0.3049766616895795,18.035446166992188,22.929329,0.0,,507.10144,507.10144,0,left_ankle_roll_link,507.10144,0.030985959,left_ankle_roll_link
88,1.76,0.3899999260902405,1.0,6.814560049988273e-10,2.5279495476204646e-08,2.190517598790856e-11,0.0,0.0,0.30497723957523704,18.03124237060547,22.925343,0.0,,510.67023,503.40332,0,left_ankle_roll_link,510.67023,0.030985875,left_ankle_roll_link
89,1.78,0.3899999260902405,1.0,6.814560049988273e-10,2.5279495476204646e-08,2.190517598790856e-11,0.0,0.0,0.30497891874983907,18.035444259643555,22.927038,0.0,,507.0749,507.0749,0,left_ankle_roll_link,507.0749,0.030985884,left_ankle_roll_link
90,1.8,0.3899999260902405,1.0,6.814560049988273e-10,2.5279495476204646e-08,2.190517598790856e-11,0.0,0.0,0.30498036509379745,18.031251907348633,22.927368,0.0,,510.66098,503.4351,0,left_ankle_roll_link,510.66098,0.030985985,left_ankle_roll_link
91,1.82,0.3899999260902405,1.0,6.814560049988273e-10,2.5279495476204646e-08,2.190517598790856e-11,0.0,0.0,0.304977236315608,18.035449981689453,22.927061,0.0,,507.05176,507.05176,0,left_ankle_roll_link,507.05176,0.030985845,left_ankle_roll_link
92,1.84,0.3899999260902405,1.0,6.814560049988273e-10,2.5279495476204646e-08,2.190517598790856e-11,0.0,0.0,0.3049772405065596,18.0312442779541,22.929565,0.0,,507.0791,507.0791,0,left_ankle_roll_link,507.0791,0.030985946,left_ankle_roll_link
93,1.86,0.3899999260902405,1.0,6.814560049988273e-10,2.5279495476204646e-08,2.190517598790856e-11,0.0,0.0,0.3049769578501582,18.035446166992188,22.928663,0.0,,507.03625,507.03625,0,left_ankle_roll_link,507.03625,0.030985966,left_ankle_roll_link
94,1.8800000000000001,0.3899999260902405,1.0,6.814560049988273e-10,2.5279495476204646e-08,2.190517598790856e-11,0.0,0.0,0.304978184401989,18.031251907348633,22.927309,0.0,,510.786,503.48724,0,left_ankle_roll_link,510.786,0.030985957,left_ankle_roll_link
95,1.9000000000000001,0.3899999260902405,1.0,6.814560049988273e-10,2.5279495476204646e-08,2.190517598790856e-11,0.0,0.0,0.30497784400358796,18.035442352294922,22.926615,0.0,,507.09326,507.09326,0,left_ankle_roll_link,507.09326,0.030985892,left_ankle_roll_link
96,1.92,0.3899999260902405,1.0,6.814560049988273e-10,2.5279495476204646e-08,2.190517598790856e-11,0.0,0.0,0.30497979279607534,18.03125,22.927572,0.0,,507.01468,507.01468,0,left_ankle_roll_link,507.01468,0.030985871,left_ankle_roll_link
97,1.94,0.3899999260902405,1.0,6.814560049988273e-10,2.5279495476204646e-08,2.190517598790856e-11,0.0,0.0,0.30497726798057556,18.03544044494629,22.927221,0.0,,507.12927,507.12927,0,left_ankle_roll_link,507.12927,0.030985912,left_ankle_roll_link
98,1.96,0.3899999260902405,1.0,6.814560049988273e-10,2.5279495476204646e-08,2.190517598790856e-11,0.0,0.0,0.30497565725818276,18.031248092651367,22.926685,0.0,,507.16327,507.16327,0,left_ankle_roll_link,507.16327,0.030985815,left_ankle_roll_link
99,1.98,0.3899999260902405,1.0,6.814560049988273e-10,2.5279495476204646e-08,2.190517598790856e-11,0.0,0.0,0.30497765401378274,18.035438537597656,22.928707,0.0,,510.78397,503.4463,0,left_ankle_roll_link,510.78397,0.030985875,left_ankle_roll_link
100,2.0,0.3899999260902405,1.0,6.814560049988273e-10,2.5279495476204646e-08,2.190517598790856e-11,0.0,0.0,0.3049758691340685,18.031238555908203,22.92713,0.0,,510.68732,503.4511,0,left_ankle_roll_link,510.68732,0.030985886,left_ankle_roll_link
101,2.02,0.3899999260902405,1.0,6.814560049988273e-10,2.5279495476204646e-08,2.190517598790856e-11,0.0,0.0,0.3049771888181567,18.035436630249023,22.927244,0.0,,507.0255,507.0255,0,left_ankle_roll_link,507.0255,0.03098596,left_ankle_roll_link
102,2.04,0.3899999260902405,1.0,6.814560049988273e-10,2.5279495476204646e-08,2.190517598790856e-11,0.0,0.0,0.3049768558703363,18.03125,22.928019,0.0,,507.1026,507.1026,0,left_ankle_roll_link,507.1026,0.030985933,left_ankle_roll_link
103,2.06,0.3899999260902405,1.0,6.814560049988273e-10,2.5279495476204646e-08,2.190517598790856e-11,0.0,0.0,0.3049780214205384,18.035432815551758,22.92746,0.0,,507.16583,507.16583,0,left_ankle_roll_link,507.16583,0.03098592,left_ankle_roll_link
104,2.08,0.3899999260902405,1.0,6.814560049988273e-10,2.5279495476204646e-08,2.190517598790856e-11,0.0,0.0,0.3049774719402194,18.031248092651367,22.929226,0.0,,507.1026,507.1026,0,left_ankle_roll_link,507.1026,0.030985853,left_ankle_roll_link
105,2.1,0.3899999260902405,1.0,6.814560049988273e-10,2.5279495476204646e-08,2.190517598790856e-11,0.0,0.0,0.3049782980233431,18.035432815551758,22.925905,0.0,,510.72177,503.5256,0,left_ankle_roll_link,510.72177,0.030985916,left_ankle_roll_link
106,2.12,0.3899999260902405,1.0,6.814560049988273e-10,2.5279495476204646e-08,2.190517598790856e-11,0.0,0.0,0.30497639486566186,18.031240463256836,22.930956,0.0,,510.776,503.41754,0,left_ankle_roll_link,510.776,0.030985886,left_ankle_roll_link
107,2.14,0.3899999260902405,1.0,6.814560049988273e-10,2.5279495476204646e-08,2.190517598790856e-11,0.0,0.0,0.3049771306104958,18.035432815551758,22.927998,0.0,,507.13568,507.13568,0,left_ankle_roll_link,507.13568,0.030986007,left_ankle_roll_link
108,2.16,0.3899999260902405,1.0,6.814560049988273e-10,2.5279495476204646e-08,2.190517598790856e-11,0.0,0.0,0.3049772917293012,18.03125,22.92728,0.0,,507.0932,507.0932,0,left_ankle_roll_link,507.0932,0.030985856,left_ankle_roll_link
109,2.18,0.3899999260902405,1.0,6.814560049988273e-10,2.5279495476204646e-08,2.190517598790856e-11,0.0,0.0,0.3049767869524658,18.035430908203125,22.92723,0.0,,507.15045,507.15045,0,left_ankle_roll_link,507.15045,0.030985972,left_ankle_roll_link
110,2.2,0.3899999260902405,1.0,6.814560049988273e-10,2.5279495476204646e-08,2.190517598790856e-11,0.0,0.0,0.30497622676193714,18.03124237060547,22.927174,0.0,,507.13452,507.13452,0,left_ankle_roll_link,507.13452,0.030985879,left_ankle_roll_link
111,2.22,0.3899999260902405,1.0,6.814560049988273e-10,2.5279495476204646e-08,2.190517598790856e-11,0.0,0.0,0.30497655225917697,18.035430908203125,22.927916,0.0,,510.69266,503.5399,0,left_ankle_roll_link,510.69266,0.030985855,left_ankle_roll_link
112,2.24,0.3899999260902405,1.0,6.814560049988273e-10,2.5279495476204646e-08,2.190517598790856e-11,0.0,0.0,0.3049771375954151,18.031248092651367,22.928513,0.0,,510.75998,503.31512,0,left_ankle_roll_link,510.75998,0.030985959,left_ankle_roll_link
113,2.2600000000000002,0.3899999260902405,1.0,6.814560049988273e-10,2.5279495476204646e-08,2.190517598790856e-11,0.0,0.0,0.30497960932552814,18.035451889038086,22.928265,0.0,,506.95517,506.95517,0,left_ankle_roll_link,506.95517,0.030985873,left_ankle_roll_link
114,2.2800000000000002,0.3899999260902405,1.0,6.814560049988273e-10,2.5279495476204646e-08,2.190517598790856e-11,0.0,0.0,0.30497746262699366,18.031238555908203,22.92908,0.0,,510.7539,503.31955,0,left_ankle_roll_link,510.7539,0.030985843,left_ankle_roll_link
115,2.3000000000000003,0.3899999260902405,1.0,6.814560049988273e-10,2.5279495476204646e-08,2.190517598790856e-11,0.0,0.0,0.3049768996424973,18.035430908203125,22.928574,0.0,,507.1046,507.1046,0,left_ankle_roll_link,507.1046,0.030985842,left_ankle_roll_link
116,2.32,0.3899999260902405,1.0,6.814560049988273e-10,2.5279495476204646e-08,2.190517598790856e-11,0.0,0.0,0.30497692711651325,18.031240463256836,22.930183,0.0,,510.79135,503.425,0,left_ankle_roll_link,510.79135,0.030985912,left_ankle_roll_link
117,2.34,0.3899999260902405,1.0,6.814560049988273e-10,2.5279495476204646e-08,2.190517598790856e-11,0.0,0.0,0.3049784488976002,18.035438537597656,22.928785,0.0,,507.10004,507.10004,0,left_ankle_roll_link,507.10004,0.030985884,left_ankle_roll_link
118,2.36,0.3899999260902405,1.0,6.814560049988273e-10,2.5279495476204646e-08,2.190517598790856e-11,0.0,0.0,0.3049773066304624,18.03124237060547,22.927032,0.0,,510.82986,503.34314,0,left_ankle_roll_link,510.82986,0.030985886,left_ankle_roll_link
119,2.38,0.3899999260902405,1.0,6.814560049988273e-10,2.5279495476204646e-08,2.190517598790856e-11,0.0,0.0,0.3049790901131928,18.035444259643555,22.928988,0.0,,507.07,507.07,0,left_ankle_roll_link,507.07,0.030986022,left_ankle_roll_link
120,2.4,0.3899999260902405,1.0,6.814560049988273e-10,2.5279495476204646e-08,2.190517598790856e-11,0.0,0.0,0.3049775203689933,18.031238555908203,22.926386,0.0,,510.7684,503.5891,0,left_ankle_roll_link,510.7684,0.030985856,left_ankle_roll_link
121,2.42,0.3899999260902405,1.0,6.814560049988273e-10,2.5279495476204646e-08,2.190517598790856e-11,0.0,0.0,0.30497818859294057,18.03544807434082,22.929113,0.0,,510.73602,503.53284,0,left_ankle_roll_link,510.73602,0.030986015,left_ankle_roll_link
122,2.44,0.3899999260902405,1.0,6.814560049988273e-10,2.5279495476204646e-08,2.190517598790856e-11,0.0,0.0,0.3049786319024861,18.031240463256836,22.926697,0.0,,510.65506,503.50342,0,left_ankle_roll_link,510.65506,0.030985843,left_ankle_roll_link
123,2.46,0.3899999260902405,1.0,6.814560049988273e-10,2.5279495476204646e-08,2.190517598790856e-11,0.0,0.0,0.3049759045243263,18.03544044494629,22.925335,0.0,,510.75183,503.54697,0,left_ankle_roll_link,510.75183,0.030985942,left_ankle_roll_link
124,2.48,0.3899999260902405,1.0,6.814560049988273e-10,2.5279495476204646e-08,2.190517598790856e-11,0.0,0.0,0.30497873201966286,18.031238555908203,22.928226,0.0,,510.74203,503.42603,0,left_ankle_roll_link,510.74203,0.030986022,left_ankle_roll_link
125,2.5,0.3899999260902405,1.0,6.814560049988273e-10,2.5279495476204646e-08,2.190517598790856e-11,0.0,0.0,0.30497764935716987,18.035442352294922,22.929667,0.0,,510.71234,503.48306,0,left_ankle_roll_link,510.71234,0.030985828,left_ankle_roll_link
126,2.52,0.3899999260902405,1.0,6.814560049988273e-10,2.5279495476204646e-08,2.190517598790856e-11,0.0,0.0,0.30497765354812145,18.031238555908203,22.92864,0.0,,510.72244,503.47687,0,left_ankle_roll_link,510.72244,0.030985927,left_ankle_roll_link
127,2.54,0.3899999260902405,1.0,6.814560049988273e-10,2.5279495476204646e-08,2.190517598790856e-11,0.0,0.0,0.30497848242521286,18.03544044494629,22.928444,0.0,,507.0979,507.0979,0,left_ankle_roll_link,507.0979,0.030985922,left_ankle_roll_link
128,2.56,0.3899999260902405,1.0,6.814560049988273e-10,2.5279495476204646e-08,2.190517598790856e-11,0.0,0.0,0.30497593991458416,18.031240463256836,22.928646,0.0,,507.1371,507.1371,0,left_ankle_roll_link,507.1371,0.030985976,left_ankle_roll_link
129,2.58,0.3899999260902405,1.0,6.814560049988273e-10,2.5279495476204646e-08,2.190517598790856e-11,0.0,0.0,0.3049769802019,18.03544044494629,22.92855,0.0,,510.72513,503.45215,0,left_ankle_roll_link,510.72513,0.030985987,left_ankle_roll_link
130,2.6,0.3899999260902405,1.0,6.814560049988273e-10,2.5279495476204646e-08,2.190517598790856e-11,0.0,0.0,0.3049798388965428,18.031238555908203,22.92721,0.0,,510.62283,503.33008,0,left_ankle_roll_link,510.62283,0.030985948,left_ankle_roll_link
131,2.62,0.3899999260902405,1.0,6.814560049988273e-10,2.5279495476204646e-08,2.190517598790856e-11,0.0,0.0,0.30497776344418526,18.035442352294922,22.92773,0.0,,507.09717,507.09717,0,left_ankle_roll_link,507.09717,0.030985946,left_ankle_roll_link
132,2.64,0.3899999260902405,1.0,6.814560049988273e-10,2.5279495476204646e-08,2.190517598790856e-11,0.0,0.0,0.304976808372885,18.031240463256836,22.927624,0.0,,507.10706,507.10706,0,left_ankle_roll_link,507.10706,0.030985856,left_ankle_roll_link
133,2.66,0.3899999260902405,1.0,6.814560049988273e-10,2.5279495476204646e-08,2.190517598790856e-11,0.0,0.0,0.30497858114540577,18.03544044494629,22.927881,0.0,,507.08926,507.08926,0,left_ankle_roll_link,507.08926,0.030986033,left_ankle_roll_link
134,2.68,0.3899999260902405,1.0,6.814560049988273e-10,2.5279495476204646e-08,2.190517598790856e-11,0.0,0.0,0.30497707054018974,18.031240463256836,22.927942,0.0,,510.77356,503.5125,0,left_ankle_roll_link,510.77356,0.030985845,left_ankle_roll_link
135,2.7,0.3899999260902405,1.0,6.814560049988273e-10,2.5279495476204646e-08,2.190517598790856e-11,0.0,0.0,0.3049761913716793,18.035436630249023,22.929892,0.0,,510.8429,503.50513,0,left_ankle_roll_link,510.8429,0.030985931,left_ankle_roll_link
136,2.72,0.3899999260902405,1.0,6.814560049988273e-10,2.5279495476204646e-08,2.190517598790856e-11,0.0,0.0,0.30497827753424644,18.03123664855957,22.930796,0.0,,507.16336,507.16336,0,left_ankle_roll_link,507.16336,0.030985784,left_ankle_roll_link
137,2.74,0.3899999260902405,1.0,6.814560049988273e-10,2.5279495476204646e-08,2.190517598790856e-11,0.0,0.0,0.30497737554833293,18.035444259643555,22.929241,0.0,,507.11096,507.11096,0,left_ankle_roll_link,507.11096,0.030985989,left_ankle_roll_link
138,2.7600000000000002,0.3899999260902405,1.0,6.814560049988273e-10,2.5279495476204646e-08,2.190517598790856e-11,0.0,0.0,0.30497684702277184,18.03123664855957,22.92565,0.0,,507.14935,507.14935,0,left_ankle_roll_link,507.14935,0.030985823,left_ankle_roll_link
139,2.7800000000000002,0.3899999260902405,1.0,6.814560049988273e-10,2.5279495476204646e-08,2.190517598790856e-11,0.0,0.0,0.3049771818332374,18.03543472290039,22.930765,0.0,,507.18427,507.18427,0,left_ankle_roll_link,507.18427,0.030985905,left_ankle_roll_link
140,2.8000000000000003,0.3899999260902405,1.0,6.814560049988273e-10,2.5279495476204646e-08,2.190517598790856e-11,0.0,0.0,0.3049769443459809,18.031234741210938,22.931036,0.0,,507.15082,507.15082,0,left_ankle_roll_link,507.15082,0.030985987,left_ankle_roll_link
141,2.82,0.3899999260902405,1.0,6.814560049988273e-10,2.5279495476204646e-08,2.190517598790856e-11,0.0,0.0,0.3049780447036028,18.035442352294922,22.927525,0.0,,507.01666,507.01666,0,left_ankle_roll_link,507.01666,0.03098598,left_ankle_roll_link
142,2.84,0.3899999260902405,1.0,6.814560049988273e-10,2.5279495476204646e-08,2.190517598790856e-11,0.0,0.0,0.3049770132638514,18.031240463256836,22.924765,0.0,,507.06818,507.06818,0,left_ankle_roll_link,507.06818,0.030985879,left_ankle_roll_link
143,2.86,0.3899999260902405,1.0,6.814560049988273e-10,2.5279495476204646e-08,2.190517598790856e-11,0.0,0.0,0.3049783003516495,18.03544044494629,22.927185,0.0,,510.7227,503.4117,0,left_ankle_roll_link,510.7227,0.030985976,left_ankle_roll_link
144,2.88,0.3899999260902405,1.0,6.814560049988273e-10,2.5279495476204646e-08,2.190517598790856e-11,0.0,0.0,0.3049780619330704,18.03124237060547,22.926592,0.0,,507.01935,507.01935,0,left_ankle_roll_link,507.01935,0.030985916,left_ankle_roll_link
145,2.9,0.3899999260902405,1.0,6.814560049988273e-10,2.5279495476204646e-08,2.190517598790856e-11,0.0,0.0,0.30497752968221903,18.035446166992188,22.924923,0.0,,507.0647,507.0647,0,left_ankle_roll_link,507.0647,0.030985931,left_ankle_roll_link
146,2.92,0.3899999260902405,1.0,6.814560049988273e-10,2.5279495476204646e-08,2.190517598790856e-11,0.0,0.0,0.30497756553813815,18.03123664855957,22.927872,0.0,,510.63696,503.42975,0,left_ankle_roll_link,510.63696,0.030985933,left_ankle_roll_link
147,2.94,0.3899999260902405,1.0,6.814560049988273e-10,2.5279495476204646e-08,2.190517598790856e-11,0.0,0.0,0.30497691547498107,18.035446166992188,22.926003,0.0,,510.6998,503.59534,0,left_ankle_roll_link,510.6998,0.030985821,left_ankle_roll_link
148,2.96,0.3899999260902405,1.0,6.814560049988273e-10,2.5279495476204646e-08,2.190517598790856e-11,0.0,0.0,0.30497736344113946,18.031234741210938,22.928867,0.0,,510.62225,503.5481,0,left_ankle_roll_link,510.62225,0.030986063,left_ankle_roll_link
149,2.98,0.3899999260902405,1.0,6.814560049988273e-10,2.5279495476204646e-08,2.190517598790856e-11,0.0,0.0,0.3049777173437178,18.035438537597656,22.92482,0.0,,507.10065,507.10065,0,left_ankle_roll_link,507.10065,0.030985918,left_ankle_roll_link
150,3.0,0.3899999260902405,1.0,6.814560049988273e-10,2.5279495476204646e-08,2.190517598790856e-11,0.0,0.0,0.30497806798666716,18.03123664855957,22.929852,0.0,,510.73886,503.5113,0,left_ankle_roll_link,510.73886,0.030985942,left_ankle_roll_link
151,3.02,0.3899999260902405,1.0,6.814560049988273e-10,2.5279495476204646e-08,2.190517598790856e-11,0.0,0.0,0.3049772707745433,18.035438537597656,22.924503,0.0,,507.16382,507.16382,0,left_ankle_roll_link,507.16382,0.03098586,left_ankle_roll_link
152,3.04,0.3899999260902405,1.0,6.814560049988273e-10,2.5279495476204646e-08,2.190517598790856e-11,0.0,0.0,0.30497751384973526,18.031240463256836,22.928598,0.0,,507.15833,507.15833,0,left_ankle_roll_link,507.15833,0.0309859,left_ankle_roll_link
153,3.06,0.3899999260902405,1.0,6.814560049988273e-10,2.5279495476204646e-08,2.190517598790856e-11,0.0,0.0,0.3049778426066041,18.035436630249023,22.926928,0.0,,507.13354,507.13354,0,left_ankle_roll_link,507.13354,0.0309859,left_ankle_roll_link
154,3.08,0.3899999260902405,1.0,6.814560049988273e-10,2.5279495476204646e-08,2.190517598790856e-11,0.0,0.0,0.30497802002355456,18.031238555908203,22.926222,0.0,,510.71057,503.4517,0,left_ankle_roll_link,510.71057,0.03098593,left_ankle_roll_link
155,3.1,0.3899999260902405,1.0,6.814560049988273e-10,2.5279495476204646e-08,2.190517598790856e-11,0.0,0.0,0.30497803492471576,18.035442352294922,22.929003,0.0,,510.81238,503.39966,0,left_ankle_roll_link,510.81238,0.030985978,left_ankle_roll_link
156,3.12,0.3899999260902405,1.0,6.814560049988273e-10,2.5279495476204646e-08,2.190517598790856e-11,0.0,0.0,0.30497795483097434,18.03123664855957,22.926947,0.0,,510.6894,503.40466,0,left_ankle_roll_link,510.6894,0.030985875,left_ankle_roll_link
157,3.14,0.3899999260902405,1.0,6.814560049988273e-10,2.5279495476204646e-08,2.190517598790856e-11,0.0,0.0,0.3049775995314121,18.035442352294922,22.929102,0.0,,510.77338,503.34982,0,left_ankle_roll_link,510.77338,0.030985916,left_ankle_roll_link
158,3.16,0.3899999260902405,1.0,6.814560049988273e-10,2.5279495476204646e-08,2.190517598790856e-11,0.0,0.0,0.3049769611097872,18.03123664855957,22.926888,0.0,,510.74387,503.39676,0,left_ankle_roll_link,510.74387,0.030985974,left_ankle_roll_link
159,3.18,0.3899999260902405,1.0,6.814560049988273e-10,2.5279495476204646e-08,2.190517598790856e-11,0.0,0.0,0.3049766728654504,18.035438537597656,22.926779,0.0,,510.67728,503.54028,0,left_ankle_roll_link,510.67728,0.030985888,left_ankle_roll_link
160,3.2,0.3899999260902405,1.0,6.814560049988273e-10,2.5279495476204646e-08,2.190517598790856e-11,0.0,0.0,0.3049761955626309,18.031238555908203,22.927952,0.0,,507.11597,507.11597,0,left_ankle_roll_link,507.11597,0.030985976,left_ankle_roll_link
161,3.22,0.3899999260902405,1.0,6.814560049988273e-10,2.5279495476204646e-08,2.190517598790856e-11,0.0,0.0,0.30497737089172006,18.03544044494629,22.926085,0.0,,507.02792,507.02792,0,left_ankle_roll_link,507.02792,0.030985987,left_ankle_roll_link
162,3.24,0.3899999260902405,1.0,6.814560049988273e-10,2.5279495476204646e-08,2.190517598790856e-11,0.0,0.0,0.3049760409630835,18.03123664855957,22.928335,0.0,,507.01483,507.01483,0,left_ankle_roll_link,507.01483,0.030985992,left_ankle_roll_link
163,3.2600000000000002,0.3899999260902405,1.0,6.814560049988273e-10,2.5279495476204646e-08,2.190517598790856e-11,0.0,0.0,0.3049782025627792,18.03544044494629,22.928452,0.0,,507.11426,507.11426,0,left_ankle_roll_link,507.11426,0.030985905,left_ankle_roll_link
164,3.2800000000000002,0.3899999260902405,1.0,6.814560049988273e-10,2.5279495476204646e-08,2.190517598790856e-11,0.0,0.0,0.30497783003374934,18.031240463256836,22.928856,0.0,,510.74448,503.44586,0,left_ankle_roll_link,510.74448,0.030985828,left_ankle_roll_link
165,3.3000000000000003,0.3899999260902405,1.0,6.814560049988273e-10,2.5279495476204646e-08,2.190517598790856e-11,0.0,0.0,0.3049769294448197,18.03544044494629,22.92798,0.0,,507.07922,507.07922,0,left_ankle_roll_link,507.07922,0.030985914,left_ankle_roll_link
166,3.3200000000000003,0.3899999260902405,1.0,6.814560049988273e-10,2.5279495476204646e-08,2.190517598790856e-11,0.0,0.0,0.30497768241912127,18.031238555908203,22.928902,0.0,,510.7625,503.38025,0,left_ankle_roll_link,510.7625,0.030985886,left_ankle_roll_link
167,3.34,0.3899999260902405,1.0,6.814560049988273e-10,2.5279495476204646e-08,2.190517598790856e-11,0.0,0.0,0.30497804610058665,18.035436630249023,22.926212,0.0,,510.77155,503.4384,0,left_ankle_roll_link,510.77155,0.03098589,left_ankle_roll_link
168,3.36,0.3899999260902405,1.0,6.814560049988273e-10,2.5279495476204646e-08,2.190517598790856e-11,0.0,0.0,0.3049784176982939,18.03123664855957,22.93041,0.0,,510.7467,503.40668,0,left_ankle_roll_link,510.7467,0.03098592,left_ankle_roll_link
169,3.38,0.3899999260902405,1.0,6.814560049988273e-10,2.5279495476204646e-08,2.190517598790856e-11,0.0,0.0,0.3049767008051276,18.035442352294922,22.926884,0.0,,510.77222,503.4182,0,left_ankle_roll_link,510.77222,0.03098592,left_ankle_roll_link
170,3.4,0.3899999260902405,1.0,6.814560049988273e-10,2.5279495476204646e-08,2.190517598790856e-11,0.0,0.0,0.304977860301733,18.031238555908203,22.92941,0.0,,507.00446,507.00446,0,left_ankle_roll_link,507.00446,0.030985847,left_ankle_roll_link
171,3.42,0.3899999260902405,1.0,6.814560049988273e-10,2.5279495476204646e-08,2.190517598790856e-11,0.0,0.0,0.3049775753170252,18.035442352294922,22.927877,0.0,,507.03302,507.03302,0,left_ankle_roll_link,507.03302,0.030985905,left_ankle_roll_link
172,3.44,0.3899999260902405,1.0,6.814560049988273e-10,2.5279495476204646e-08,2.190517598790856e-11,0.0,0.0,0.3049768810160458,18.03123664855957,22.925783,0.0,,507.12384,507.12384,0,left_ankle_roll_link,507.12384,0.030985957,left_ankle_roll_link
173,3.46,0.3899999260902405,1.0,6.814560049988273e-10,2.5279495476204646e-08,2.190517598790856e-11,0.0,0.0,0.3049773178063333,18.03544044494629,22.926632,0.0,,510.66647,503.54272,0,left_ankle_roll_link,510.66647,0.030985875,left_ankle_roll_link
174,3.48,0.3899999260902405,1.0,6.814560049988273e-10,2.5279495476204646e-08,2.190517598790856e-11,0.0,0.0,0.30497735599055886,18.031238555908203,22.927313,0.0,,510.73633,503.49203,0,left_ankle_roll_link,510.73633,0.030985843,left_ankle_roll_link
175,3.5,0.3899999260902405,1.0,6.814560049988273e-10,2.5279495476204646e-08,2.190517598790856e-11,0.0,0.0,0.30497787380591035,18.035438537597656,22.928362,0.0,,510.7296,503.41992,0,left_ankle_roll_link,510.7296,0.030985931,left_ankle_roll_link
176,3.52,0.3899999260902405,1.0,6.814560049988273e-10,2.5279495476204646e-08,2.190517598790856e-11,0.0,0.0,0.30497810197994113,18.031238555908203,22.926516,0.0,,507.0819,507.0819,0,left_ankle_roll_link,507.0819,0.03098585,left_ankle_roll_link
177,3.54,0.3899999260902405,1.0,6.814560049988273e-10,2.5279495476204646e-08,2.190517598790856e-11,0.0,0.0,0.30497902538627386,18.035442352294922,22.92753,0.0,,507.0061,507.0061,0,left_ankle_roll_link,507.0061,0.03098588,left_ankle_roll_link
178,3.56,0.3899999260902405,1.0,6.814560049988273e-10,2.5279495476204646e-08,2.190517598790856e-11,0.0,0.0,0.3049778235144913,18.03124237060547,22.927326,0.0,,510.683,503.3432,0,left_ankle_roll_link,510.683,0.030985843,left_ankle_roll_link
179,3.58,0.3899999260902405,1.0,6.814560049988273e-10,2.5279495476204646e-08,2.190517598790856e-11,0.0,0.0,0.30497773038223386,18.035438537597656,22.928022,0.0,,510.71906,503.3894,0,left_ankle_roll_link,510.71906,0.030985855,left_ankle_roll_link
180,3.6,0.3899999260902405,1.0,6.814560049988273e-10,2.5279495476204646e-08,2.190517598790856e-11,0.0,0.0,0.3049776665866375,18.031240463256836,22.927414,0.0,,510.70834,503.29706,0,left_ankle_roll_link,510.70834,0.030985856,left_ankle_roll_link
181,3.62,0.3899999260902405,1.0,6.814560049988273e-10,2.5279495476204646e-08,2.190517598790856e-11,0.0,0.0,0.3049783571623266,18.035449981689453,22.928099,0.0,,510.7756,503.3794,0,left_ankle_roll_link,510.7756,0.030985944,left_ankle_roll_link
182,3.64,0.3899999260902405,1.0,6.814560049988273e-10,2.5279495476204646e-08,2.190517598790856e-11,0.0,0.0,0.3049773261882365,18.03124237060547,22.929502,0.0,,510.67172,503.44562,0,left_ankle_roll_link,510.67172,0.030986004,left_ankle_roll_link
183,3.66,0.3899999260902405,1.0,6.814560049988273e-10,2.5279495476204646e-08,2.190517598790856e-11,0.0,0.0,0.30497868033125997,18.03544044494629,22.925531,0.0,,510.72583,503.40637,0,left_ankle_roll_link,510.72583,0.030985957,left_ankle_roll_link
184,3.68,0.3899999260902405,1.0,6.814560049988273e-10,2.5279495476204646e-08,2.190517598790856e-11,0.0,0.0,0.3049773224629462,18.03123664855957,22.927494,0.0,,507.0413,507.0413,0,left_ankle_roll_link,507.0413,0.030986024,left_ankle_roll_link
185,3.7,0.3899999260902405,1.0,6.814560049988273e-10,2.5279495476204646e-08,2.190517598790856e-11,0.0,0.0,0.30497705517336726,18.035438537597656,22.925503,0.0,,510.7148,503.4128,0,left_ankle_roll_link,510.7148,0.030985981,left_ankle_roll_link
186,3.72,0.3899999260902405,1.0,6.814560049988273e-10,2.5279495476204646e-08,2.190517598790856e-11,0.0,0.0,0.30497718043625355,18.031238555908203,22.92709,0.0,,510.78253,503.48495,0,left_ankle_roll_link,510.78253,0.030985944,left_ankle_roll_link
187,3.74,0.3899999260902405,1.0,6.814560049988273e-10,2.5279495476204646e-08,2.190517598790856e-11,0.0,0.0,0.3049792405217886,18.035444259643555,22.927858,0.0,,510.79202,503.47037,0,left_ankle_roll_link,510.79202,0.030985944,left_ankle_roll_link
188,3.7600000000000002,0.3899999260902405,1.0,6.814560049988273e-10,2.5279495476204646e-08,2.190517598790856e-11,0.0,0.0,0.3049784302711487,18.03123664855957,22.929216,0.0,,507.11093,507.11093,0,left_ankle_roll_link,507.11093,0.030985912,left_ankle_roll_link
189,3.7800000000000002,0.3899999260902405,1.0,6.814560049988273e-10,2.5279495476204646e-08,2.190517598790856e-11,0.0,0.0,0.30497717252001166,18.03544044494629,22.926641,0.0,,507.04834,507.04834,0,left_ankle_roll_link,507.04834,0.030985946,left_ankle_roll_link
190,3.8000000000000003,0.3899999260902405,1.0,6.814560049988273e-10,2.5279495476204646e-08,2.190517598790856e-11,0.0,0.0,0.304976019077003,18.031240463256836,22.926773,0.0,,510.68292,503.4298,0,left_ankle_roll_link,510.68292,0.030985974,left_ankle_roll_link
191,3.8200000000000003,0.3899999260902405,1.0,6.814560049988273e-10,2.5279495476204646e-08,2.190517598790856e-11,0.0,0.0,0.3049784139730036,18.035436630249023,22.927582,0.0,,510.66266,503.35135,0,left_ankle_roll_link,510.66266,0.030985912,left_ankle_roll_link
192,3.84,0.3899999260902405,1.0,6.814560049988273e-10,2.5279495476204646e-08,2.190517598790856e-11,0.0,0.0,0.3049771962687373,18.031238555908203,22.92647,0.0,,510.708,503.28604,0,left_ankle_roll_link,510.708,0.030985935,left_ankle_roll_link
193,3.86,0.3899999260902405,1.0,6.814560049988273e-10,2.5279495476204646e-08,2.190517598790856e-11,0.0,0.0,0.30497708544135094,18.035438537597656,22.927794,0.0,,507.05005,507.05005,0,left_ankle_roll_link,507.05005,0.030985976,left_ankle_roll_link
194,3.88,0.3899999260902405,1.0,6.814560049988273e-10,2.5279495476204646e-08,2.190517598790856e-11,0.0,0.0,0.3049785546027124,18.031238555908203,22.92759,0.0,,510.68414,503.38815,0,left_ankle_roll_link,510.68414,0.03098595,left_ankle_roll_link
195,3.9,0.3899999260902405,1.0,6.814560049988273e-10,2.5279495476204646e-08,2.190517598790856e-11,0.0,0.0,0.30497731268405914,18.035444259643555,22.927238,0.0,,507.05524,507.05524,0,left_ankle_roll_link,507.05524,0.03098592,left_ankle_roll_link
196,3.92,0.3899999260902405,1.0,6.814560049988273e-10,2.5279495476204646e-08,2.190517598790856e-11,0.0,0.0,0.30497649405151606,18.031238555908203,22.928047,0.0,,510.79807,503.47275,0,left_ankle_roll_link,510.79807,0.030985976,left_ankle_roll_link
197,3.94,0.3899999260902405,1.0,6.814560049988273e-10,2.5279495476204646e-08,2.190517598790856e-11,0.0,0.0,0.3049788298085332,18.03544044494629,22.929152,0.0,,510.7989,503.48746,0,left_ankle_roll_link,510.7989,0.030985849,left_ankle_roll_link
198,3.96,0.3899999260902405,1.0,6.814560049988273e-10,2.5279495476204646e-08,2.190517598790856e-11,0.0,0.0,0.30497806798666716,18.031238555908203,22.929459,0.0,,510.7639,503.41287,0,left_ankle_roll_link,510.7639,0.030985888,left_ankle_roll_link
199,3.98,0.3899999260902405,1.0,6.814560049988273e-10,2.5279495476204646e-08,2.190517598790856e-11,0.0,0.0,0.30497734528034925,18.03544044494629,22.929077,0.0,,507.0768,507.0768,0,left_ankle_roll_link,507.0768,0.0309859,left_ankle_roll_link
200,4.0,0.3899999260902405,1.0,6.814560049988273e-10,2.5279495476204646e-08,2.190517598790856e-11,0.0,0.0,0.30497704539448023,18.031238555908203,22.929224,0.0,,507.11243,507.11243,0,left_ankle_roll_link,507.11243,0.030985886,left_ankle_roll_link
201,4.0200000000000005,0.3899999260902405,1.0,6.814560049988273e-10,2.5279495476204646e-08,2.190517598790856e-11,0.0,0.0,0.3049774169921875,18.035438537597656,22.92871,0.0,,507.06744,507.06744,0,left_ankle_roll_link,507.06744,0.030985873,left_ankle_roll_link
202,4.04,0.3899999260902405,1.0,6.814560049988273e-10,2.5279495476204646e-08,2.190517598790856e-11,0.0,0.0,0.30497749662026763,18.03123664855957,22.927238,0.0,,510.7403,503.436,0,left_ankle_roll_link,510.7403,0.030985914,left_ankle_roll_link
203,4.0600000000000005,0.3899999260902405,1.0,6.814560049988273e-10,2.5279495476204646e-08,2.190517598790856e-11,0.0,0.0,0.30497851967811584,18.035442352294922,22.928904,0.0,,510.75607,503.53528,0,left_ankle_roll_link,510.75607,0.030985916,left_ankle_roll_link
204,4.08,0.3899999260902405,1.0,6.814560049988273e-10,2.5279495476204646e-08,2.190517598790856e-11,0.0,0.0,0.30498028732836246,18.031238555908203,22.927006,0.0,,510.63477,503.43085,0,left_ankle_roll_link,510.63477,0.03098592,left_ankle_roll_link
205,4.1,0.3899999260902405,1.0,6.814560049988273e-10,2.5279495476204646e-08,2.190517598790856e-11,0.0,0.0,0.3049772339873016,18.03544044494629,22.927435,0.0,,507.0348,507.0348,0,left_ankle_roll_link,507.0348,0.030985935,left_ankle_roll_link
206,4.12,0.3899999260902405,1.0,6.814560049988273e-10,2.5279495476204646e-08,2.190517598790856e-11,0.0,0.0,0.30497689032927155,18.031238555908203,22.927414,0.0,,507.0598,507.0598,0,left_ankle_roll_link,507.0598,0.030985912,left_ankle_roll_link
207,4.14,0.3899999260902405,1.0,6.814560049988273e-10,2.5279495476204646e-08,2.190517598790856e-11,0.0,0.0,0.30497888289391994,18.03544044494629,22.926517,0.0,,510.6425,503.50732,0,left_ankle_roll_link,510.6425,0.030986063,left_ankle_roll_link
208,4.16,0.3899999260902405,1.0,6.814560049988273e-10,2.5279495476204646e-08,2.190517598790856e-11,0.0,0.0,0.3049779552966356,18.031240463256836,22.925077,0.0,,510.6957,503.45612,0,left_ankle_roll_link,510.6957,0.0309859,left_ankle_roll_link
209,4.18,0.3899999260902405,1.0,6.814560049988273e-10,2.5279495476204646e-08,2.190517598790856e-11,0.0,0.0,0.3049776377156377,18.035438537597656,22.926762,0.0,,507.0897,507.0897,0,left_ankle_roll_link,507.0897,0.030985944,left_ankle_roll_link
210,4.2,0.3899999260902405,1.0,6.814560049988273e-10,2.5279495476204646e-08,2.190517598790856e-11,0.0,0.0,0.30497931130230427,18.0312442779541,22.92699,0.0,,510.73395,503.51328,0,left_ankle_roll_link,510.73395,0.030985916,left_ankle_roll_link
211,4.22,0.3899999260902405,1.0,6.814560049988273e-10,2.5279495476204646e-08,2.190517598790856e-11,0.0,0.0,0.3049772661179304,18.035436630249023,22.928879,0.0,,510.69757,503.52408,0,left_ankle_roll_link,510.69757,0.030986035,left_ankle_roll_link
212,4.24,0.3899999260902405,1.0,6.814560049988273e-10,2.5279495476204646e-08,2.190517598790856e-11,0.0,0.0,0.3049787525087595,18.03123664855957,22.926071,0.0,,507.07135,507.07135,0,left_ankle_roll_link,507.07135,0.030986004,left_ankle_roll_link
213,4.26,0.3899999260902405,1.0,6.814560049988273e-10,2.5279495476204646e-08,2.190517598790856e-11,0.0,0.0,0.30497751710936427,18.03544044494629,22.92574,0.0,,510.64938,503.39218,0,left_ankle_roll_link,510.64938,0.030985918,left_ankle_roll_link
214,4.28,0.3899999260902405,1.0,6.814560049988273e-10,2.5279495476204646e-08,2.190517598790856e-11,0.0,0.0,0.30497762374579906,18.031238555908203,22.925823,0.0,,507.05457,507.05457,0,left_ankle_roll_link,507.05457,0.030985873,left_ankle_roll_link
215,4.3,0.3899999260902405,1.0,6.814560049988273e-10,2.5279495476204646e-08,2.190517598790856e-11,0.0,0.0,0.30497705889865756,18.03544044494629,22.927444,0.0,,510.76086,503.46106,0,left_ankle_roll_link,510.76086,0.030985856,left_ankle_roll_link
216,4.32,0.3899999260902405,1.0,6.814560049988273e-10,2.5279495476204646e-08,2.190517598790856e-11,0.0,0.0,0.304977014195174,18.031238555908203,22.927443,0.0,,507.06445,507.06445,0,left_ankle_roll_link,507.06445,0.030985946,left_ankle_roll_link
217,4.34,0.3899999260902405,1.0,6.814560049988273e-10,2.5279495476204646e-08,2.190517598790856e-11,0.0,0.0,0.304976939689368,18.03544044494629,22.927835,0.0,,507.09235,507.09235,0,left_ankle_roll_link,507.09235,0.030985849,left_ankle_roll_link
218,4.36,0.3899999260902405,1.0,6.814560049988273e-10,2.5279495476204646e-08,2.190517598790856e-11,0.0,0.0,0.30497761769220233,18.031240463256836,22.928915,0.0,,507.0742,507.0742,0,left_ankle_roll_link,507.0742,0.03098599,left_ankle_roll_link
219,4.38,0.3899999260902405,1.0,6.814560049988273e-10,2.5279495476204646e-08,2.190517598790856e-11,0.0,0.0,0.3049794272519648,18.03544044494629,22.925117,0.0,,510.66037,503.41867,0,left_ankle_roll_link,510.66037,0.030985972,left_ankle_roll_link
220,4.4,0.3899999260902405,1.0,6.814560049988273e-10,2.5279495476204646e-08,2.190517598790856e-11,0.0,0.0,0.3049786086194217,18.03123664855957,22.926826,0.0,,507.04355,507.04355,0,left_ankle_roll_link,507.04355,0.0309859,left_ankle_roll_link
221,4.42,0.3899999260902405,1.0,6.814560049988273e-10,2.5279495476204646e-08,2.190517598790856e-11,0.0,0.0,0.30497868778184056,18.035430908203125,22.926828,0.0,,507.088,507.088,0,left_ankle_roll_link,507.088,0.030985903,left_ankle_roll_link
222,4.44,0.3899999260902405,1.0,6.814560049988273e-10,2.5279495476204646e-08,2.190517598790856e-11,0.0,0.0,0.30497803958132863,18.031238555908203,22.928417,0.0,,507.16016,507.16016,0,left_ankle_roll_link,507.16016,0.030985959,left_ankle_roll_link
223,4.46,0.3899999260902405,1.0,6.814560049988273e-10,2.5279495476204646e-08,2.190517598790856e-11,0.0,0.0,0.3049766723997891,18.035438537597656,22.929035,0.0,,507.07947,507.07947,0,left_ankle_roll_link,507.07947,0.030985897,left_ankle_roll_link
224,4.48,0.3899999260902405,1.0,6.814560049988273e-10,2.5279495476204646e-08,2.190517598790856e-11,0.0,0.0,0.3049759319983423,18.031240463256836,22.928858,0.0,,507.04382,507.04382,0,left_ankle_roll_link,507.04382,0.0309859,left_ankle_roll_link
225,4.5,0.3899999260902405,1.0,6.814560049988273e-10,2.5279495476204646e-08,2.190517598790856e-11,0.0,0.0,0.30497763957828283,18.035438537597656,22.926542,0.0,,510.69067,503.36566,0,left_ankle_roll_link,510.69067,0.030985944,left_ankle_roll_link
226,4.5200000000000005,0.3899999260902405,1.0,6.814560049988273e-10,2.5279495476204646e-08,2.190517598790856e-11,0.0,0.0,0.3049790137447417,18.03123664855957,22.92943,0.0,,510.72372,503.43753,0,left_ankle_roll_link,510.72372,0.030985914,left_ankle_roll_link
227,4.54,0.3899999260902405,1.0,6.814560049988273e-10,2.5279495476204646e-08,2.190517598790856e-11,0.0,0.0,0.30498000886291265,18.03544044494629,22.92935,0.0,,507.09064,507.09064,0,left_ankle_roll_link,507.09064,0.03098596,left_ankle_roll_link
228,4.5600000000000005,0.3899999260902405,1.0,6.814560049988273e-10,2.5279495476204646e-08,2.190517598790856e-11,0.0,0.0,0.3049773224629462,18.031238555908203,22.927925,0.0,,510.77728,503.37625,0,left_ankle_roll_link,510.77728,0.030985868,left_ankle_roll_link
229,4.58,0.3899999260902405,1.0,6.814560049988273e-10,2.5279495476204646e-08,2.190517598790856e-11,0.0,0.0,0.3049772619269788,18.03544044494629,22.931143,0.0,,510.7153,503.3195,0,left_ankle_roll_link,510.7153,0.030985957,left_ankle_roll_link
230,4.6000000000000005,0.3899999260902405,1.0,6.814560049988273e-10,2.5279495476204646e-08,2.190517598790856e-11,0.0,0.0,0.30497700069099665,18.031238555908203,22.925339,0.0,,507.06213,507.06213,0,left_ankle_roll_link,507.06213,0.03098589,left_ankle_roll_link
231,4.62,0.3899999260902405,1.0,6.814560049988273e-10,2.5279495476204646e-08,2.190517598790856e-11,0.0,0.0,0.304977310821414,18.035446166992188,22.9262,0.0,,510.69275,503.46194,0,left_ankle_roll_link,510.69275,0.03098585,left_ankle_roll_link
232,4.64,0.3899999260902405,1.0,6.814560049988273e-10,2.5279495476204646e-08,2.190517598790856e-11,0.0,0.0,0.3049769550561905,18.031234741210938,22.928062,0.0,,510.76175,503.47687,0,left_ankle_roll_link,510.76175,0.030985836,left_ankle_roll_link
233,4.66,0.3899999260902405,1.0,6.814560049988273e-10,2.5279495476204646e-08,2.190517598790856e-11,0.0,0.0,0.30497795436531305,18.03544044494629,22.928524,0.0,,510.75195,503.35226,0,left_ankle_roll_link,510.75195,0.030985976,left_ankle_roll_link
234,4.68,0.3899999260902405,1.0,6.814560049988273e-10,2.5279495476204646e-08,2.190517598790856e-11,0.0,0.0,0.3049777722917497,18.031234741210938,22.928423,0.0,,507.0315,507.0315,0,left_ankle_roll_link,507.0315,0.030985901,left_ankle_roll_link
235,4.7,0.3899999260902405,1.0,6.814560049988273e-10,2.5279495476204646e-08,2.190517598790856e-11,0.0,0.0,0.3049773098900914,18.035436630249023,22.929455,0.0,,507.05823,507.05823,0,left_ankle_roll_link,507.05823,0.030985922,left_ankle_roll_link
236,4.72,0.3899999260902405,1.0,6.814560049988273e-10,2.5279495476204646e-08,2.190517598790856e-11,0.0,0.0,0.3049776330590248,18.031240463256836,22.928917,0.0,,510.75217,503.3987,0,left_ankle_roll_link,510.75217,0.030985944,left_ankle_roll_link
237,4.74,0.3899999260902405,1.0,6.814560049988273e-10,2.5279495476204646e-08,2.190517598790856e-11,0.0,0.0,0.30497742909938097,18.03544044494629,22.928192,0.0,,507.1573,507.1573,0,left_ankle_roll_link,507.1573,0.030985856,left_ankle_roll_link
238,4.76,0.3899999260902405,1.0,6.814560049988273e-10,2.5279495476204646e-08,2.190517598790856e-11,0.0,0.0,0.3049772121012211,18.031240463256836,22.928144,0.0,,510.78568,503.49945,0,left_ankle_roll_link,510.78568,0.030985935,left_ankle_roll_link
239,4.78,0.3899999260902405,1.0,6.814560049988273e-10,2.5279495476204646e-08,2.190517598790856e-11,0.0,0.0,0.3049786859191954,18.035444259643555,22.92783,0.0,,510.7839,503.40128,0,left_ankle_roll_link,510.7839,0.030985905,left_ankle_roll_link
240,4.8,0.3899999260902405,1.0,6.814560049988273e-10,2.5279495476204646e-08,2.190517598790856e-11,0.0,0.0,0.30497756972908974,18.031238555908203,22.928982,0.0,,510.76743,503.39438,0,left_ankle_roll_link,510.76743,0.030985944,left_ankle_roll_link
241,4.82,0.3899999260902405,1.0,6.814560049988273e-10,2.5279495476204646e-08,2.190517598790856e-11,0.0,0.0,0.3049779897555709,18.035430908203125,22.928598,0.0,,507.0381,507.0381,0,left_ankle_roll_link,507.0381,0.030985871,left_ankle_roll_link
242,4.84,0.3899999260902405,1.0,6.814560049988273e-10,2.5279495476204646e-08,2.190517598790856e-11,0.0,0.0,0.304976899176836,18.03123664855957,22.926208,0.0,,507.07672,507.07672,0,left_ankle_roll_link,507.07672,0.030985916,left_ankle_roll_link
243,4.86,0.3899999260902405,1.0,6.814560049988273e-10,2.5279495476204646e-08,2.190517598790856e-11,0.0,0.0,0.30497737927362323,18.03544807434082,22.928383,0.0,,510.7293,503.50128,0,left_ankle_roll_link,510.7293,0.030985886,left_ankle_roll_link
244,4.88,0.3899999260902405,1.0,6.814560049988273e-10,2.5279495476204646e-08,2.190517598790856e-11,0.0,0.0,0.3049769997596741,18.031240463256836,22.926561,0.0,,510.67056,503.35602,0,left_ankle_roll_link,510.67056,0.030985957,left_ankle_roll_link
245,4.9,0.3899999260902405,1.0,6.814560049988273e-10,2.5279495476204646e-08,2.190517598790856e-11,0.0,0.0,0.3049786575138569,18.035444259643555,22.926476,0.0,,510.66962,503.43552,0,left_ankle_roll_link,510.66962,0.0309859,left_ankle_roll_link
246,4.92,0.3899999260902405,1.0,6.814560049988273e-10,2.5279495476204646e-08,2.190517598790856e-11,0.0,0.0,0.3049774602986872,18.031240463256836,22.926846,0.0,,510.70047,503.4762,0,left_ankle_roll_link,510.70047,0.030985856,left_ankle_roll_link
247,4.94,0.3899999260902405,1.0,6.814560049988273e-10,2.5279495476204646e-08,2.190517598790856e-11,0.0,0.0,0.304977560415864,18.035442352294922,22.92798,0.0,,507.12,507.12,0,left_ankle_roll_link,507.12,0.030985856,left_ankle_roll_link
248,4.96,0.3899999260902405,1.0,6.814560049988273e-10,2.5279495476204646e-08,2.190517598790856e-11,0.0,0.0,0.30497845308855176,18.031238555908203,22.927813,0.0,,510.7545,503.4263,0,left_ankle_roll_link,510.7545,0.030985992,left_ankle_roll_link
249,4.98,0.3899999260902405,1.0,6.814560049988273e-10,2.5279495476204646e-08,2.190517598790856e-11,0.0,0.0,0.304977067746222,18.03544044494629,22.930082,0.0,,510.8016,503.32025,0,left_ankle_roll_link,510.8016,0.030985786,left_ankle_roll_link
250,5.0,0.3899999260902405,1.0,6.814560049988273e-10,2.5279495476204646e-08,2.190517598790856e-11,0.0,0.0,0.30497766891494393,18.031240463256836,22.928623,0.0,,507.05008,507.05008,0,left_ankle_roll_link,507.05008,0.030985901,left_ankle_roll_link
