frame,t,rx,ry,rz,qx,qy,qz,qw,roll,pitch,yaw,pgz,lv_norm,av_norm,rlv_x,rlv_y,rlv_z,rav_x,rav_y,rav_z,dof_vel_max,dof_pos_err_max,tau_max,tau_sat_ratio,L_fz_norm,R_fz_norm,top_cf_name,top_cf_val,non_foot_cf_sum,bz_min,bz_min_name,L_box_bot,R_box_bot,apparent_force_norm,apparent_force_z
0,0.0,0.0,0.0,0.38999998569488525,0.0,0.0,0.0,1.0,0.0,0.0,0.0,1.0,0.0,0.0,0.0,0.0,0.0,0.0,0.0,0.0,0.0,1.1920928966180355e-08,0,0,0.0,0.0,pelvis,0.0,0,-0.025,pelvis,0.02080505669116974,0.020687937289476394,0.0,0.0
1,0.02,0.04623828083276749,-0.008645921014249325,0.6150923371315002,-0.07864193618297577,-0.0761752724647522,0.04088433086872101,0.9931471347808838,-9.448833751731646,-8.330102241229818,5.40430428479932,0.9760255474766271,11.134122,13.224521,2.1241896,-0.060959138,10.929445,-9.444302,-7.991723,4.671775,16.204065322875977,0.299730509519577,0.0,0.0,0.0,0.0,pelvis,0.0,0,0.0,pelvis,0.2286339956521988,0.2588421511650085,9098.778,8931.517
2,0.04,0.09672895073890686,-0.01610986888408661,0.8349652886390686,-0.16766388714313507,-0.14877083897590637,0.09344466775655746,0.9700639843940735,-21.431915550093255,-14.9099062887834,13.841471160603987,0.899512116836918,10.929276,12.530446,2.1283638,0.0238682,10.720009,-9.001333,-6.722606,5.549292,9.330223083496094,0.3357270061969757,0.0,0.0,0.0,0.0,pelvis,0.0,0,0.0,pelvis,0.4491328406333923,0.5184974479675293,184.68796,-171.15094
3,0.06,0.14562681317329407,-0.020608488470315933,1.0512999296188354,-0.247884601354599,-0.2040911614894867,0.15202364325523376,0.9347667098045349,-33.503870667409934,-17.829567248191967,23.881051638182186,0.7938000444262876,10.635925,11.363321,2.0893142,0.039178204,10.428621,-8.569186,-4.7600355,5.74771,12.508398056030273,0.27976706624031067,0.0,0.0,0.0,0.0,pelvis,0.0,0,0.0,pelvis,0.68484459400177,0.8007358717918396,240.5755,-238.12122
4,0.08,0.19160710275173187,-0.023905616253614426,1.2613201141357422,-0.3181489408016205,-0.2363303005695343,0.21027196943759918,0.8937085866928101,-44.2465023695033,-16.775668386387657,33.340290508424374,0.6858584809990411,10.267882,10.196137,1.9844152,-0.05731117,10.074137,-8.437542,-1.8708041,5.410101,15.180619239807129,0.4987722158432007,0.0,0.0,0.0,0.0,pelvis,0.0,0,0.0,pelvis,0.9323006081581116,1.1035615015029907,312.22223,-289.68393
5,0.1,0.23386938869953156,-0.02935105562210083,1.4636638164520264,-0.38131949305534363,-0.2394619733095169,0.26622533798217773,0.8522778153419495,-52.596421028086915,-11.837837071949647,40.56032772704177,0.5945068151094559,9.957764,8.93106,1.9887834,-0.22219345,9.754611,-8.152552,-0.17484136,3.6426854,17.9895076751709,0.8367651104927063,0.0,0.0,0.0,0.0,pelvis,0.0,0,0.0,pelvis,1.182850341796875,1.4182686614990234,293.85266,-261.11566
6,0.12,0.27574265003204346,-0.038434699177742004,1.6600931882858276,-0.4488048553466797,-0.23009850084781647,0.30678606033325195,0.8071624636650085,-60.42640899597818,-5.513460526113569,44.833813224535774,0.49125776344966665,9.6251335,10.378871,2.0524516,-0.38992813,9.395669,-10.080897,-1.8025632,1.6873779,17.562850952148438,0.8725979924201965,0.0,0.0,0.0,0.0,pelvis,0.0,0,0.0,pelvis,1.434334020614624,1.733627061843872,327.9274,-293.32657
7,0.14,0.32006871700286865,-0.05185443162918091,1.853792667388916,-0.5312922596931458,-0.21707050502300262,0.32818683981895447,0.7502682209014893,-70.04340544244599,1.3181513799009454,46.32789815302198,0.34121786127841913,9.573142,10.362203,2.2467442,-0.5911631,9.286965,-10.156933,-1.9945228,0.48357326,18.00457000732422,1.0261887311935425,0.0,0.0,0.0,0.0,pelvis,0.0,0,0.0,pelvis,1.682303171157837,2.0405239868164062,245.24315,-88.83234
8,0.16,0.36721163988113403,-0.06745635718107224,2.047473192214966,-0.6130401492118835,-0.20092779397964478,0.33445799350738525,0.6869845390319824,-80.26188122713923,7.701017305889356,45.423420786321934,0.16761959412148997,9.596708,10.654046,2.398353,-0.69778913,9.265948,-10.179187,-3.1110232,-0.46302223,18.012348175048828,1.2574659585952759,0.0,0.0,0.0,0.0,pelvis,0.0,0,0.0,pelvis,1.926020245552063,2.330837469100952,152.4377,-17.175102
9,0.18,0.41559717059135437,-0.08272194862365723,2.242382049560547,-0.694108247756958,-0.19006943702697754,0.3217465579509735,0.6152774691581726,-92.10120864405607,12.284320129496281,42.473169992162084,-0.03582530099197356,9.61429,11.248578,2.4596794,-0.7107253,9.267116,-9.981744,-5.1236286,-0.80233353,18.002696990966797,1.5876795053482056,0.0,0.0,0.0,0.0,pelvis,0.0,0,0.0,pelvis,2.1642546463012695,2.5967826652526855,51.227394,0.9539126
10,0.2,0.46351808309555054,-0.09523805230855942,2.43856143951416,-0.7710999250411987,-0.19192960858345032,0.29090043902397156,0.5328647494316101,-105.72750229951578,14.127563751558107,38.67600456916383,-0.2628641380990775,9.628882,12.0956955,2.4625165,-0.6443926,9.286342,-9.762341,-7.1373744,-0.24585761,18.00033950805664,1.932370662689209,0.0,0.0,0.0,0.0,pelvis,0.0,0,0.0,pelvis,2.396292428970337,2.8328246879577637,56.485546,15.711502
11,0.22,0.5097291469573975,-0.10276879370212555,2.6359193325042725,-0.8383724689483643,-0.20523495972156525,0.24848638474941254,0.4396188259124756,-120.28139834087486,13.66225032992451,35.37937811951196,-0.489979570764977,9.700867,12.424027,2.432685,-0.47481287,9.378881,-9.4843,-8.007135,0.5387906,18.000764846801758,2.294623374938965,0.0,0.0,0.0,0.0,pelvis,0.0,0,0.0,pelvis,2.6215867805480957,3.0367610263824463,159.74245,75.62329
12,0.24,0.5546355843544006,-0.10488452017307281,2.8338892459869385,-0.883594274520874,-0.22157064080238342,0.20653244853019714,0.357088178396225,-132.39446866539382,11.931450071492664,33.43295562404219,-0.659664781663297,9.924464,7.665097,2.3958104,-0.18648097,9.629139,-5.0159144,-5.7542715,0.6947511,18.001991271972656,2.62518048286438,0.0,0.0,0.0,0.0,pelvis,0.0,0,0.0,pelvis,2.8391456413269043,3.2110404777526855,313.45026,204.50983
13,0.26,0.5971759557723999,-0.10182053595781326,3.031374931335449,-0.9063905477523804,-0.24437253177165985,0.16918258368968964,0.30019211769104004,-140.57641371241544,9.205362352093333,33.48188541013072,-0.762523518678702,9.883047,7.147346,2.1470017,0.13771495,9.646038,-3.8560462,-5.6606817,2.042584,18.066011428833008,2.7948925495147705,0.0,0.0,0.0,0.0,pelvis,0.0,0,0.0,pelvis,3.049169282913208,3.3609330463409424,334.24713,13.809912
14,0.28,0.6342544555664062,-0.09214179217815399,3.225884199142456,-0.9207528233528137,-0.27770236134529114,0.13350273668766022,0.23931682109832764,-148.79068415477047,6.4841498732847445,35.37975531647194,-0.8498087264178569,9.592332,8.557544,1.8990074,0.35727075,9.395688,-5.21181,-6.146136,2.879863,17.99945831298828,2.7590699195861816,0.0,0.0,0.0,0.0,pelvis,0.0,0,0.0,pelvis,3.253013114929199,3.4933442878723144,339.29062,-204.58542
15,0.3,0.6656692624092102,-0.07674558460712433,3.4134652614593506,-0.9326990842819214,-0.3070997893810272,0.0996997058391571,0.16069211065769196,-158.75397619423674,5.007297455346517,37.38895786037442,-0.928475724916412,9.170492,9.499992,1.6918411,0.5472635,8.996449,-6.902882,-6.165748,2.140942,18.00220489501953,2.6765644550323486,0.0,0.0,0.0,0.0,pelvis,0.0,0,0.0,pelvis,3.4513099002838135,3.6128258514404297,399.0122,-326.2568
16,0.32,0.6926758289337158,-0.05710747838020325,3.5902657508850098,-0.9430782794952393,-0.31809017062187195,0.0669766440987587,0.07025805860757828,-169.87982775027876,4.682358673549227,37.69222911857165,-0.9811559958039044,8.621806,9.908903,1.5657972,0.6748842,8.4515295,-7.757436,-6.163067,0.15861106,18.010473251342773,2.833078622817993,0.0,0.0,0.0,0.0,pelvis,0.0,0,0.0,pelvis,3.6454446125030517,3.7227022457122803,468.81213,-445.30728
17,0.34,0.7174695134162903,-0.03564036637544632,3.753493309020996,-0.9509297609329224,-0.306996613740921,0.03141564503312111,-0.02233133278787136,178.66804713275783,4.212709988255931,35.73514882682378,-0.9970286621526743,8.014598,10.09469,1.5338819,0.7222589,7.8332195,-7.5790496,-6.466464,-1.6265382,18.003389358520508,3.0336806774139404,0.0,0.0,0.0,0.0,pelvis,0.0,0,0.0,pelvis,3.8362495708465576,3.8247818756103515,507.4331,-505.28143
18,0.36,0.7418937087059021,-0.014333254657685757,3.902543067932129,-0.9529086947441101,-0.2821938395500183,-0.010119587182998657,-0.11058614403009415,167.48648246545528,2.4717830384241197,32.7211579568614,-0.9753366871978102,7.392521,9.537086,1.5196793,0.70023555,7.2006674,-6.4395185,-6.761782,-1.9408525,17.94274139404297,3.1030423641204834,0.0,0.0,0.0,0.0,pelvis,0.0,0,0.0,pelvis,4.022966365814209,3.9203538703918457,517.3635,-516.9201
19,0.38,0.7666490077972412,0.0029730303213000298,4.037011623382568,-0.9461038112640381,-0.26253607869148254,-0.05716362223029137,-0.18081681430339813,158.1492245264715,-0.7576766583216191,31.16405606238518,-0.9280752286060778,6.919047,12.131956,1.6884419,0.43903333,6.6954927,-7.9985485,-8.944672,-1.7889738,13.138364791870117,3.1387360095977783,0.0,0.0,0.0,0.0,pelvis,0.0,0,0.0,pelvis,4.206834774017334,4.012449245452881,484.7772,-412.8275
20,0.4,0.7954986095428467,0.01404124591499567,4.16194486618042,-0.9242777824401855,-0.24830381572246552,-0.10902848839759827,-0.2686420977115631,146.49380797959475,-3.906903680859197,31.251008709692485,-0.8318884080297662,6.606944,10.080591,1.8120488,0.07997131,6.353093,-7.18532,-7.0536256,0.48566335,13.741470336914062,3.1415998935699463,0.0,0.0,0.0,0.0,pelvis,0.0,0,0.0,pelvis,4.400603275299073,4.0991902160644536,417.84433,-279.80814
21,0.42,0.8270976543426514,0.017531611025333405,4.280876159667969,-0.8920378088951111,-0.24719782173633575,-0.1555148959159851,-0.34493017196655273,135.87240506784653,-6.1377027569495315,33.46752647542394,-0.7136764311391599,6.435717,9.014696,1.8880687,-0.17981082,6.1499043,-6.39934,-6.155441,1.5568353,12.113080024719238,3.1415998935699463,0.0,0.0,0.0,0.0,pelvis,0.0,0,0.0,pelvis,4.590960960388184,4.183357219696045,276.5843,-166.04549
22,0.44,0.8610657453536987,0.014008895494043827,4.396492004394531,-0.8551034331321716,-0.25382199883461,-0.19774556159973145,-0.40653306245803833,126.61673190805782,-7.574298878371574,36.87737531608804,-0.5912549768936461,6.3648624,7.881576,1.964443,-0.42384213,6.0392714,-5.403907,-5.250648,2.312516,9.422728538513184,3.1415998935699463,0.0,0.0,0.0,0.0,pelvis,0.0,0,0.0,pelvis,4.763510684967041,4.26434705734253,227.68004,-90.408936
23,0.46,0.896917998790741,0.004420164972543716,4.510876178741455,-0.8159844875335693,-0.26497748494148254,-0.23763886094093323,-0.45550405979156494,118.50471569422974,-8.419667955526265,40.99523196007521,-0.47208750284267076,6.3677464,7.28605,2.0189738,-0.6186159,6.007433,-4.74908,-4.7542377,2.8160236,10.10800552368164,3.1415998935699463,0.0,0.0,0.0,0.0,pelvis,0.0,0,0.0,pelvis,4.910676460266114,4.342183094024659,167.32433,-26.018278
24,0.48,0.9342412352561951,-0.009577576071023941,4.625258445739746,-0.7746568322181702,-0.27888232469558716,-0.2758710980415344,-0.49601060152053833,111.09096847223613,-8.670606080760734,45.55354444298898,-0.3557371174598103,6.3767195,6.821108,2.0628688,-0.7401542,5.988263,-4.244119,-4.2867203,3.184178,10.418496131896973,3.1398303508758545,0.0,0.0,0.0,0.0,pelvis,0.0,0,0.0,pelvis,5.028160076141358,4.417400817871094,106.75556,-15.665521
25,0.5,0.9729081392288208,-0.025735197588801384,4.739742755889893,-0.7290347814559937,-0.2942515015602112,-0.31051498651504517,-0.534326434135437,103.79464342624769,-7.949471429847526,50.19740274975435,-0.23615131748605478,6.444908,7.358118,2.0919116,-0.7626978,6.0480604,-5.202746,-4.2512293,3.0000646,15.636540412902832,3.132272481918335,0.0,0.0,0.0,0.0,pelvis,0.0,0,0.0,pelvis,5.1148080635070805,4.490798931121827,57.3636,48.8662
26,0.52,1.012823224067688,-0.04135995730757713,4.854296684265137,-0.6726482510566711,-0.30925998091697693,-0.3365425169467926,-0.5819292664527893,95.54409885995753,-5.325549988792033,54.216872747032866,-0.09619481089273485,6.4707603,8.561982,2.1021826,-0.6799961,6.0818725,-7.0342865,-4.2955475,2.3183234,18.000818252563477,3.11873459815979,0.0,0.0,0.0,0.0,pelvis,0.0,0,0.0,pelvis,5.176040153503418,4.563397865295411,73.494774,27.631123
27,0.54,1.054028868675232,-0.05455457791686058,4.967796802520752,-0.6020876169204712,-0.3216874897480011,-0.34944280982017517,-0.6417922377586365,86.09987667615837,-0.4513412515719812,56.71316088450818,0.06801532098131524,6.4273486,10.153423,2.105395,-0.50670105,6.05156,-9.005166,-4.5160046,1.2667668,17.43401527404785,3.0979530811309814,0.0,0.0,0.0,0.0,pelvis,0.0,0,0.0,pelvis,5.216181259155274,4.636322479248047,143.79039,-24.771334
28,0.56,1.096692442893982,-0.06429439783096313,5.0789794921875,-0.5162888765335083,-0.32764002680778503,-0.34834954142570496,-0.710457980632782,75.30814550840948,6.076196030186253,56.92921200781398,0.25219561760232345,6.313776,11.549691,2.1090024,-0.26710215,5.945127,-10.394883,-5.0278726,0.24955244,12.219767570495605,3.065690755844116,0.0,0.0,0.0,0.0,pelvis,0.0,0,0.0,pelvis,5.232221584320069,4.7126169013977055,214.26886,-86.97672
29,0.58,1.1402008533477783,-0.07134369760751724,5.186816215515137,-0.4183347523212433,-0.317048043012619,-0.34847524762153625,-0.7765575051307678,62.723015794623855,11.586871582722491,55.41284155285988,0.44895314684438503,6.1345525,11.960004,2.0652492,-0.065254964,5.7760906,-9.977966,-6.5922756,0.15420434,9.726885795593262,3.017479658126831,0.0,0.0,0.0,0.0,pelvis,0.0,0,0.0,pelvis,5.234636287689209,4.793867092132569,218.10135,-138.13614
30,0.6,1.1848641633987427,-0.07533875107765198,5.291527271270752,-0.3181615471839905,-0.2961723506450653,-0.34207308292388916,-0.8330913782119751,49.66812114539362,16.010187020277563,52.09417169175078,0.6221103372137318,5.895501,11.425881,2.0545676,0.13062027,5.5243664,-9.252613,-6.6930785,-0.3776544,9.944806098937988,2.954711675643921,0.0,0.0,0.0,0.0,pelvis,0.0,0,0.0,pelvis,5.237290363311768,4.879781703948975,260.79526,-205.70845
31,0.62,1.228171944618225,-0.07597663253545761,5.393124103546143,-0.25731998682022095,-0.28173768520355225,-0.319864422082901,-0.8672352433204651,41.4745147705201,18.908070783008093,47.70616494341657,0.7088206022379708,5.525369,7.21811,2.0345342,0.18137299,5.1339536,-5.849585,-3.63222,-2.165744,9.416025161743164,2.8988702297210693,0.0,0.0,0.0,0.0,pelvis,0.0,0,0.0,pelvis,5.244739036560059,4.967844944000245,322.14523,-319.04443
32,0.64,1.2729851007461548,-0.07339588552713394,5.487955093383789,-0.20076590776443481,-0.2557930648326874,-0.2907189428806305,-0.8998585939407349,32.89638043440416,20.09771670034296,41.79795278890375,0.7885259165260461,5.200779,8.066181,2.0932615,0.30225584,4.7513156,-5.762557,-4.81428,-2.9460025,9.949405670166016,2.8384969234466553,0.0,0.0,0.0,0.0,pelvis,0.0,0,0.0,pelvis,5.259478549957276,5.065904121398926,331.41708,-312.69083
33,0.66,1.320884346961975,-0.07010986655950546,5.5746965408325195,-0.13735809922218323,-0.21464961767196655,-0.25726884603500366,-0.9321324229240417,22.84217300019468,19.237691027987623,34.78080210009356,0.8701165884226949,4.8864026,9.587876,2.1643555,0.29878932,4.3707232,-6.477058,-6.273191,-3.2591662,9.250800132751465,2.7749786376953125,0.0,0.0,0.0,0.0,pelvis,0.0,0,0.0,pelvis,5.283933620452881,5.175781707763672,316.41162,-311.01917
34,0.68,1.3721076250076294,-0.06945312023162842,5.654739856719971,-0.0634535551071167,-0.15998639166355133,-0.22209720313549042,-0.9597139358520508,11.585395209650741,16.19436288438656,27.713837489001506,0.9407560016534897,4.6366253,10.066654,2.3187008,0.1735943,4.011457,-6.0877304,-7.330845,-3.2458866,10.067288398742676,2.715930223464966,0.0,0.0,0.0,0.0,pelvis,0.0,0,0.0,pelvis,5.317841033935547,5.29475305557251,335.5176,-293.59155
35,0.7000000000000001,1.4274433851242065,-0.0728173553943634,5.730118751525879,0.008337658829987049,-0.09459879249334335,-0.18905021250247955,-0.9773645997047424,1.1358893603314253,10.840026807328098,22.002664776032542,0.9819631038080722,4.526716,10.679717,2.4755535,-0.02003365,3.789775,-6.15846,-8.387154,-2.4052796,9.467001914978027,2.6618759632110596,0.0,0.0,0.0,0.0,pelvis,0.0,0,0.0,pelvis,5.361223201751709,5.419957618713379,272.5541,-181.15807
36,0.72,1.4862406253814697,-0.08105756342411041,5.8040289878845215,0.08386601507663727,-0.020376531407237053,-0.16465474665164948,-0.9825681447982788,-9.117583879547311,3.879627137569157,18.71654895495914,0.9851025769659503,4.4984584,10.994261,2.583031,-0.22276813,3.6762009,-6.3037286,-8.9385805,-1.1128992,9.354106903076172,2.6166326999664307,0.0,0.0,0.0,0.0,pelvis,0.0,0,0.0,pelvis,5.412782649993897,5.54977128982544,209.22768,-92.81242
37,0.74,1.5465638637542725,-0.09353140741586685,5.878623008728027,0.160749152302742,0.05636204779148102,-0.15220952033996582,-0.9735580682754517,-19.315338672800536,-3.4862125386721434,18.36521902799804,0.9419660592054013,4.491693,10.9244,2.6171896,-0.40469223,3.6279263,-6.537986,-8.744198,0.36914656,8.486592292785645,2.5940678119659424,0.0,0.0,0.0,0.0,pelvis,0.0,0,0.0,pelvis,5.473218421936036,5.682078819274903,156.3255,-39.44982
38,0.76,1.606103777885437,-0.10882294178009033,5.954629898071289,0.23673106729984283,0.12811420857906342,-0.15294942259788513,-0.9508688449859619,-29.78362666257731,-9.858984420203488,20.90355852187811,0.855090302670475,4.4573483,10.48593,2.5742552,-0.5380292,3.5988455,-6.8331785,-7.77831,1.6614175,13.150492668151855,2.607973337173462,0.0,0.0,0.0,0.0,pelvis,0.0,0,0.0,pelvis,5.543043117523194,5.815480690002442,116.91298,-23.764816
39,0.78,1.6629064083099365,-0.12521429359912872,6.031567096710205,0.3090623915195465,0.18808814883232117,-0.16467124223709106,-0.9175982475280762,-40.439254444079644,-14.086786576853859,25.558995943164508,0.7382065728340983,4.385788,9.669516,2.476494,-0.6080294,3.5682511,-6.967122,-6.28699,2.3307714,18.002033233642578,2.6703176498413086,0.0,0.0,0.0,0.0,pelvis,0.0,0,0.0,pelvis,5.621201496124268,5.9492573547363286,101.389465,-25.001629
40,0.8,1.7157549858093262,-0.14098341763019562,6.108047962188721,0.37502560019493103,0.2325494885444641,-0.182550847530365,-0.8786078095436096,-50.62288445627458,-15.766470550209272,30.968357054664498,0.6105530691522798,4.241079,8.665787,2.3435225,-0.60207784,3.4831243,-6.882107,-4.733699,2.3075,18.107505798339844,2.766496419906616,0.0,0.0,0.0,0.0,pelvis,0.0,0,0.0,pelvis,5.704771022796631,6.083647708892823,129.11575,-69.56548
41,0.8200000000000001,1.7646058797836304,-0.15543551743030548,6.18253755569458,0.4351724088191986,0.2624755799770355,-0.20091445744037628,-0.8374754190444946,-59.910282488354184,-15.353217442345079,35.86481695306351,0.4834630890364302,4.0872984,7.671587,2.2201107,-0.5820687,3.3820574,-6.576714,-3.480356,1.8674059,18.000843048095703,2.8766276836395264,0.0,0.0,0.0,0.0,pelvis,0.0,0,0.0,pelvis,5.790759067535401,6.217355709075928,131.37672,-82.59157
42,0.84,1.8100295066833496,-0.1684437394142151,6.254459381103516,0.48965388536453247,0.28023678064346313,-0.21784450113773346,-0.7963981628417969,-68.05598640634285,-13.475131770907494,39.71813020069676,0.36341283864400964,3.9211729,6.9666867,2.1144674,-0.539995,3.2577643,-6.359292,-2.5176597,1.3249605,11.45463752746582,2.9735212326049805,0.0,0.0,0.0,0.0,pelvis,0.0,0,0.0,pelvis,5.877945404052735,6.3487276840209965,137.6668,-101.572014
43,0.86,1.8526943922042847,-0.18001729249954224,6.323413848876953,0.5411664247512817,0.28709876537323,-0.23241056501865387,-0.7554458975791931,-75.30497724468376,-10.499653542035245,42.3110344906975,0.24942639928616472,3.7430704,6.713701,2.0322816,-0.47840658,3.1066918,-6.4201803,-1.8636603,0.6179258,11.578910827636719,3.079998016357422,0.0,0.0,0.0,0.0,pelvis,0.0,0,0.0,pelvis,5.9666709709167485,6.47608850479126,149.28242,-123.456085
44,0.88,1.8939836025238037,-0.18904198706150055,6.389301776885986,0.5917809009552002,0.2883906960487366,-0.24577246606349945,-0.7114927768707275,-82.28683254338607,-6.862605984612044,44.110604095819355,0.13325234339435355,3.5852573,6.9939513,2.0248187,-0.3323856,2.9400167,-6.6906815,-1.8451866,0.8633803,10.770868301391602,3.141453504562378,0.0,0.0,0.0,0.0,pelvis,0.0,0,0.0,pelvis,6.058000068664551,6.597260932922364,181.18657,-136.20648
45,0.9,1.9342399835586548,-0.1951298713684082,6.4516825675964355,0.6427008509635925,0.28691235184669495,-0.25608351826667786,-0.6625996232032776,-89.47024198819084,-2.925982956130069,45.160412448186705,0.009233837056944694,3.3606894,7.3087125,1.9616529,-0.2493037,2.7173514,-7.0071464,-2.0777352,0.013856357,10.44675350189209,3.1381235122680664,0.0,0.0,0.0,0.0,pelvis,0.0,0,0.0,pelvis,6.154055576324463,6.707410316467286,200.95811,-181.96156
46,0.92,1.9725078344345093,-0.1991691142320633,6.5098676681518555,0.6957016587257385,0.28081849217414856,-0.257930725812912,-0.6087788939476013,-97.22336388603244,0.972523691485931,44.81976298473777,-0.12571964700141258,3.125182,7.8199587,1.9090016,-0.16592067,2.4687943,-7.3149652,-2.672299,-0.7084185,10.435136795043945,3.1233835220336914,0.0,0.0,0.0,0.0,pelvis,0.0,0,0.0,pelvis,6.252162437438965,6.804037075042725,218.52284,-203.12025
47,0.9400000000000001,2.008884906768799,-0.20098482072353363,6.563473224639893,0.7495719790458679,0.27230796217918396,-0.250209778547287,-0.5489856600761414,-105.83160418055198,4.36524111589245,43.23080494947491,-0.2720195560738379,2.888487,8.3692,1.862881,-0.09085505,2.2056239,-7.530014,-3.4347656,-1.2428952,10.595271110534668,3.0866498947143555,0.0,0.0,0.0,0.0,pelvis,0.0,0,0.0,pelvis,6.350846271514893,6.889061908721924,226.79358,-215.0623
48,0.96,2.0429792404174805,-0.20042270421981812,6.612381458282471,0.8006736040115356,0.26237204670906067,-0.2318015843629837,-0.48615890741348267,-115.00469373472669,6.666256559921085,40.53614567816008,-0.4198346221102458,2.6391368,8.012488,1.7440245,-0.052394126,1.9800698,-6.215331,-4.841202,-1.4602722,16.685504913330078,3.0147392749786377,0.0,0.0,0.0,0.0,pelvis,0.0,0,0.0,pelvis,6.449347000122071,6.961689929962159,210.70511,-184.3223
49,0.98,2.0742311477661133,-0.19853679835796356,6.655587196350098,0.8429978489875793,0.26126280426979065,-0.19885362684726715,-0.42609089612960815,-124.15121841195956,6.46653961449368,37.86861587676138,-0.5578072525852011,2.4176414,8.055856,1.7202151,0.02909365,1.69853,-5.882096,-5.3457937,-1.3115793,15.271523475646973,2.9221155643463135,0.0,0.0,0.0,0.0,pelvis,0.0,0,0.0,pelvis,6.5459933090209965,7.0207176017761235,240.30586,-230.07365
50,1.0,2.104755163192749,-0.19430457055568695,6.6922607421875,0.878305196762085,0.26328498125076294,-0.1619497686624527,-0.3647373616695404,-133.1890115991103,5.303010625768099,35.67051646246361,-0.6814780000229987,2.2283072,7.920101,1.7315841,0.09827693,1.3990396,-5.536059,-5.5903916,-0.9097118,11.790315628051758,2.811931848526001,0.0,0.0,0.0,0.0,pelvis,0.0,0,0.0,pelvis,6.639166812896729,7.065619926452637,251.35973,-244.74278
51,1.02,2.1355621814727783,-0.18823498487472534,6.721881866455078,0.9060062766075134,0.2687055170536041,-0.12404217571020126,-0.3025945723056793,-141.96389521853936,3.5631325266558855,34.26734821839659,-0.7861000562945097,2.0931852,7.7223434,1.7809752,0.1424996,1.0905254,-5.3016357,-5.600392,-0.40355232,7.457810401916504,2.7924985885620117,0.0,0.0,0.0,0.0,pelvis,0.0,0,0.0,pelvis,6.727612476348877,7.096172313690186,257.87238,-252.11711
52,1.04,2.167574882507324,-0.18096329271793365,6.744368076324463,0.9263604879379272,0.2770650088787079,-0.08748097717761993,-0.2396625280380249,-150.4808156918406,1.6774956964470498,33.74475114348608,-0.8698175455151063,2.02994,7.518414,1.8627701,0.16262037,0.7901255,-5.2173243,-5.412536,0.10262014,6.424324035644531,2.789731979370117,0.0,0.0,0.0,0.0,pelvis,0.0,0,0.0,pelvis,6.810121994018555,7.112325172424317,254.95433,-245.48608
53,1.06,2.2015230655670166,-0.17299143970012665,6.760043144226074,0.9399456977844238,0.28763532638549805,-0.05417436733841896,-0.1755935698747635,-158.82228510462997,0.047446609247715744,34.038421288110015,-0.9324639915366788,2.039063,7.37076,1.9668305,0.1648189,0.5120455,-5.3118286,-5.0803223,0.55037034,6.020852565765381,2.7736892700195312,0.0,0.0,0.0,0.0,pelvis,0.0,0,0.0,pelvis,6.885496120452881,7.113931636810303,242.64287,-227.2463
54,1.08,2.237765073776245,-0.1646910011768341,6.769508361816406,0.9474481344223022,0.2995505928993225,-0.02521933615207672,-0.1094319149851799,-167.14371969668835,-1.0183579870553034,34.9755939514805,-0.9747770502532731,2.0976188,7.3869348,2.0753977,0.14999883,0.2650081,-5.611507,-4.7230926,0.87760407,5.765158653259277,2.738128662109375,0.0,0.0,0.0,0.0,pelvis,0.0,0,0.0,pelvis,6.952564220428467,7.100444297790528,220.846,-201.87839
55,1.1,2.2762115001678467,-0.1560710370540619,6.773479461669922,0.949486494064331,0.31164902448654175,1.8517552234698087e-05,-0.03674433007836342,-175.9984576120185,-1.3143563293321001,36.29675155044467,-0.9972994337479761,2.194461,8.365788,2.190399,0.12045945,0.05746569,-6.7343826,-4.852597,1.0424967,7.7911152839660645,2.687636613845825,0.0,0.0,0.0,0.0,pelvis,0.0,0,0.0,pelvis,7.010260562896729,7.071059684753418,195.39688,-169.60315
56,1.12,2.3164477348327637,-0.14716757833957672,6.772439956665039,0.9455727338790894,0.3215317726135254,0.022728268057107925,0.044641364365816116,174.31558123998263,-0.8179380458331864,37.60069550110415,-0.9949809517111419,2.2766244,8.638327,2.2710145,0.09993419,-0.12460286,-7.2131042,-4.670623,0.88152516,9.943442344665527,2.6335699558258057,0.0,0.0,0.0,0.0,pelvis,0.0,0,0.0,pelvis,7.05734489440918,7.025424938201905,163.58064,-148.786
57,1.1400000000000001,2.357984781265259,-0.13850584626197815,6.766510963439941,0.9353619813919067,0.32643744349479675,0.04308890178799629,0.12915048003196716,164.35129635258363,0.212663167637243,38.44832453483795,-0.9629268814976246,2.3359134,8.857966,2.3163116,0.0769462,-0.29201373,-7.5080194,-4.67152,0.51971984,12.37509536743164,2.5853044986724854,0.0,0.0,0.0,0.0,pelvis,0.0,0,0.0,pelvis,7.092057209014893,6.963800411224366,142.96681,-136.80779
58,1.16,2.4000353813171387,-0.13046357035636902,6.755731582641602,0.9191114902496338,0.3248944878578186,0.06349210441112518,0.21364974975585938,154.27204606173672,1.2671769274891769,38.646335349734564,-0.9006447194985938,2.364409,8.843504,2.3175666,0.061043706,-0.46431413,-7.3882556,-4.8588543,0.11300445,11.573750495910645,2.5565946102142334,0.0,0.0,0.0,0.0,pelvis,0.0,0,0.0,pelvis,7.1127280998229985,6.88695858001709,141.40562,-140.80347
59,1.18,2.4420506954193115,-0.12357914447784424,6.740166664123535,0.8971327543258667,0.31680741906166077,0.08542448282241821,0.29578477144241333,144.18403490959062,1.9564246675058052,38.267381332937944,-0.8104282393136533,2.3776038,8.776418,2.290041,0.0271849,-0.63872755,-7.1237154,-5.122661,-0.19113742,14.198890686035156,2.543654203414917,0.0,0.0,0.0,0.0,pelvis,0.0,0,0.0,pelvis,7.118292789459229,6.796654682159424,146.92322,-142.53023
60,1.2,2.4835638999938965,-0.11840648949146271,6.71981143951416,0.8697385191917419,0.3039869964122772,0.10956408083438873,0.37301796674728394,134.27989797657165,2.074618952867443,37.655880774973426,-0.6977063715072038,2.3838763,8.524545,2.2334697,-0.016231822,-0.8331959,-6.6645923,-5.3110476,-0.20938914,15.747063636779785,2.5422043800354004,0.0,0.0,0.0,0.0,pelvis,0.0,0,0.0,pelvis,7.108204345703125,6.695957641601563,169.267,-158.9191
61,1.22,2.5242443084716797,-0.11533841490745544,6.694621562957764,0.837293267250061,0.2889922559261322,0.13603177666664124,0.4437553882598877,124.70751727043285,1.6438557913125966,37.22316880591054,-0.5691530787351144,2.4084642,8.213607,2.1675394,-0.07157664,-1.0475446,-6.239524,-5.341345,-0.041336514,8.447041511535645,2.535644769668579,0.0,0.0,0.0,0.0,pelvis,0.0,0,0.0,pelvis,7.083730201721192,6.58906457901001,188.76242,-175.16522
62,1.24,2.563933849334717,-0.11475403606891632,6.6645708084106445,0.7998030781745911,0.27383992075920105,0.16450905799865723,0.5081963539123535,115.42923390868772,0.8697373040419515,37.251265161746076,-0.42934653211791307,2.4421482,8.081703,2.0877528,-0.14570153,-1.2586291,-5.909647,-5.4960623,0.4281315,8.834108352661133,2.5248806476593018,0.0,0.0,0.0,0.0,pelvis,0.0,0,0.0,pelvis,7.045460681915284,6.4812702941894536,194.10301,-172.49773
63,1.26,2.6023190021514893,-0.11704516410827637,6.629730224609375,0.75633305311203,0.26028043031692505,0.19655948877334595,0.5670791268348694,106.2346517458927,-0.12202166547983066,38.071790608627516,-0.279571179271457,2.5042212,8.165435,2.0094001,-0.23170678,-1.4763967,-5.8042455,-5.6468263,1.0480559,8.85086441040039,2.6326401233673096,0.0,0.0,0.0,0.0,pelvis,0.0,0,0.0,pelvis,6.994329910278321,6.376593093872071,201.76471,-177.95917
64,1.28,2.6395649909973145,-0.12245693802833557,6.590075969696045,0.7055056691169739,0.24911417067050934,0.23205053806304932,0.6215757131576538,96.8696567398641,-1.016440545716968,39.7976065130622,-0.11959223837008937,2.5946712,8.498739,1.9425151,-0.3249209,-1.6891953,-5.969359,-5.8028564,1.7094373,8.563841819763184,2.749351739883423,0.0,0.0,0.0,0.0,pelvis,0.0,0,0.0,pelvis,6.930733661651612,6.2759947586059575,197.562,-173.8985
65,1.3,2.6761176586151123,-0.13111813366413116,6.545856475830078,0.6456114649772644,0.24055755138397217,0.26975584030151367,0.6727181077003479,87.09665729134078,-1.4130620341886335,42.3577451157989,0.050635801524116175,2.702296,9.009798,1.8908991,-0.41499394,-1.8853871,-6.435599,-5.880138,2.2767313,8.063272476196289,2.867779016494751,0.0,0.0,0.0,0.0,pelvis,0.0,0,0.0,pelvis,6.855030040740967,6.181420307159424,181.38951,-160.32745
66,1.32,2.7132925987243652,-0.14212928712368011,6.49740743637085,0.571815013885498,0.2371850460767746,0.2975168824195862,0.7268111705780029,76.49418232640754,0.25945001103237697,44.72754648960494,0.23354168762537197,2.827175,9.807671,1.8828588,-0.4525864,-2.0598364,-8.189758,-5.0799217,1.8200679,11.284430503845215,2.9761154651641846,0.0,0.0,0.0,0.0,pelvis,0.0,0,0.0,pelvis,6.768081645965577,6.094647388458252,145.97997,-142.55957
67,1.34,2.75126314163208,-0.155379056930542,6.44591760635376,0.48963531851768494,0.23586243391036987,0.31536024808883667,0.7779293656349182,65.79856287084971,3.3333773666400277,46.290462519578384,0.40925233425992324,2.9533184,9.819829,1.8741944,-0.49317273,-2.228512,-8.592056,-4.530379,1.4426634,11.430052757263184,3.0733699798583984,0.0,0.0,0.0,0.0,pelvis,0.0,0,0.0,pelvis,6.670771579742432,6.0177693176269536,141.9522,-137.84135
68,1.36,2.790330410003662,-0.17006388306617737,6.3921403884887695,0.4047650098800659,0.2342034876346588,0.3221628963947296,0.8231189846992493,55.45466698638951,7.166557789193748,46.520479868583635,0.5626280263131047,3.1011918,9.442075,1.9026386,-0.4905219,-2.3993218,-8.46312,-4.159673,0.47485703,10.416199684143066,3.1414084434509277,0.0,0.0,0.0,0.0,pelvis,0.0,0,0.0,pelvis,6.564228038787842,5.952494125366211,141.52406,-139.58531
69,1.3800000000000001,2.8309900760650635,-0.18485905230045319,6.336167812347412,0.3227904140949249,0.22803102433681488,0.3180136978626251,0.8617861270904541,45.56799540065408,10.820012489069484,45.06573886004448,0.6876164010166597,3.2645144,8.807492,1.9340361,-0.49194866,-2.583514,-7.9776797,-3.724866,-0.23220639,10.018343925476074,3.132483959197998,0.0,0.0,0.0,0.0,pelvis,0.0,0,0.0,pelvis,6.44977186203003,5.899901371002198,152.69704,-150.52141
70,1.4000000000000001,2.872901678085327,-0.1995581090450287,6.277839660644531,0.24653542041778564,0.2185022383928299,0.3059200942516327,0.8932468295097351,36.25174687106552,13.857774545811283,42.36690475311297,0.7829541165934972,3.4446135,8.075169,1.983622,-0.48308668,-2.7743888,-7.2140913,-3.519678,-0.8815302,9.811384201049805,3.108847141265869,0.0,0.0,0.0,0.0,pelvis,0.0,0,0.0,pelvis,6.328724842071534,5.860292415618897,161.32253,-155.98245
71,1.42,2.916325092315674,-0.21365229785442352,6.216785430908203,0.17735613882541656,0.20393486320972443,0.2883247137069702,0.9185990691184998,27.442928337639074,15.806918598196333,38.734240699733405,0.8539107431771411,3.6379852,7.459332,2.0502722,-0.4649143,-2.9690359,-6.3780746,-3.6167772,-1.3713948,9.854300498962402,3.0697221755981445,0.0,0.0,0.0,0.0,pelvis,0.0,0,0.0,pelvis,6.202374439239502,5.833098869323731,168.78638,-159.06512
72,1.44,2.9615156650543213,-0.2270766794681549,6.152667999267578,0.11405815929174423,0.1829460710287094,0.2683751881122589,0.938880205154419,19.002842582783558,16.398009507763682,34.66760097976333,0.907042942788275,3.8308694,7.221067,2.1173925,-0.44696882,-3.1610801,-5.7835603,-4.047053,-1.5217088,10.671934127807617,3.0177159309387207,0.0,0.0,0.0,0.0,pelvis,0.0,0,0.0,pelvis,6.072055797576905,5.816486339569092,166.89284,-156.93811
73,1.46,3.008739948272705,-0.2400626689195633,6.0853800773620605,0.05352522060275078,0.15471254289150238,0.2483518421649933,0.9547357559204102,10.713290975199007,15.594836479662632,30.633237062462275,0.9463981596629438,4.0332913,7.150755,2.2075796,-0.42911762,-3.3481176,-5.2811427,-4.5869904,-1.4840302,10.363818168640137,2.9589991569519043,0.0,0.0,0.0,0.0,pelvis,0.0,0,0.0,pelvis,5.939389209747315,5.807141761779786,170.31345,-152.84657
74,1.48,3.058392286300659,-0.2527599036693573,6.015163421630859,-0.005489403381943703,0.11926404386758804,0.22888100147247314,0.9661053419113159,2.5925061078341067,13.47117243230021,26.96277583255393,0.9714919085817206,4.225805,7.3538647,2.3033738,-0.4172998,-3.5182035,-5.03219,-5.1899667,-1.3493104,9.682890892028809,2.9029316902160645,0.0,0.0,0.0,0.0,pelvis,0.0,0,0.0,pelvis,5.8061861801147465,5.803167800903321,159.8147,-138.99379
75,1.5,3.110474109649658,-0.26539346575737,5.942562103271484,-0.06465969234704971,0.07708340138196945,0.2098095566034317,0.9725519418716431,-5.446949926359918,10.199006015094936,23.86136666375121,0.9797545468339421,4.397199,7.7004633,2.3947563,-0.40920582,-3.665113,-4.962675,-5.768522,-1.1803174,9.938746452331543,2.8608241081237793,0.0,0.0,0.0,0.0,pelvis,0.0,0,0.0,pelvis,5.67455099105835,5.802180271148682,141.53964,-120.05407
76,1.52,3.16471266746521,-0.27801185846328735,5.868297576904297,-0.12445112317800522,0.02909175679087639,0.19116345047950745,0.9732019305229187,-13.436919463650785,5.981383587043354,21.520704002133826,0.967331175253107,4.534109,7.972623,2.4801216,-0.4090337,-3.7735705,-4.873701,-6.241278,-0.92531246,10.418928146362305,2.8443074226379395,0.0,0.0,0.0,0.0,pelvis,0.0,0,0.0,pelvis,5.547055702209473,5.802041034698487,112.79195,-88.63126
77,1.54,3.2206618785858154,-0.2903515696525574,5.7931647300720215,-0.1851600706577301,-0.024102160707116127,0.17393606901168823,0.9668923616409302,-21.500064980016727,1.0201272987285963,20.202257031560876,0.9302696681665454,4.646625,8.503693,2.529668,-0.36977267,-3.8800995,-5.1726985,-6.728059,-0.537769,9.065386772155762,2.8326199054718018,0.0,0.0,0.0,0.0,pelvis,0.0,0,0.0,pelvis,5.426526527404786,5.800700645446778,101.22934,-87.055244
78,1.56,3.277448892593384,-0.3019314110279083,5.717442512512207,-0.24855215847492218,-0.08064316213130951,0.1591346561908722,0.9520477056503296,-30.02128026898775,-4.269377112884762,20.123836159758625,0.863437009837841,4.737463,8.950497,2.5537906,-0.32005227,-3.9773452,-5.613508,-6.9710345,-0.0677599,8.016583442687988,2.837703227996826,0.0,0.0,0.0,0.0,pelvis,0.0,0,0.0,pelvis,5.316406707763672,5.796096782684327,91.40471,-79.46895
79,1.58,3.3341524600982666,-0.31227564811706543,5.641274929046631,-0.3150894343852997,-0.13789665699005127,0.14804872870445251,0.9272457957267761,-39.314411521120896,-9.34802902714149,21.48880578585454,0.7634063206594401,4.8206267,9.372694,2.5466647,-0.25317574,-4.085198,-6.2547317,-6.9667687,0.43571872,6.376033306121826,2.871999740600586,0.0,0.0,0.0,0.0,pelvis,0.0,0,0.0,pelvis,5.215626220703125,5.7860302734375,103.86916,-88.13696
80,1.6,3.3898260593414307,-0.3207949101924896,5.564382553100586,-0.3843231499195099,-0.19306020438671112,0.14139144122600555,0.891645610332489,-49.58668608217646,-13.627144240683462,24.339277806279224,0.6300469478362145,4.9080596,9.705678,2.5109067,-0.17592223,-4.2134843,-6.9499335,-6.7202344,0.858521,6.446861267089844,2.9375460147857666,0.0,0.0,0.0,0.0,pelvis,0.0,0,0.0,pelvis,5.124330501556397,5.768514137268067,125.81693,-104.835304
81,1.62,3.4436421394348145,-0.32696333527565,5.486080646514893,-0.4546951353549957,-0.24358396232128143,0.13916504383087158,0.8453118205070496,-60.782994018826024,-16.57400020169776,28.46291993951321,0.4678383743687333,5.0116873,9.909626,2.4519892,-0.09736452,-4.3698144,-7.578325,-6.282732,1.1388428,8.407293319702148,3.033951997756958,0.0,0.0,0.0,0.0,pelvis,0.0,0,0.0,pelvis,5.042811374664307,5.741813163757325,150.86472,-127.752594
82,1.6400000000000001,3.4951677322387695,-0.3303565979003906,5.405422210693359,-0.5240733623504639,-0.2881322205066681,0.14122696220874786,0.788911759853363,-72.59905953208842,-17.854161716121208,33.46249912037596,0.2846538687611524,5.1482964,10.312754,2.415983,0.004457015,-4.546203,-8.112997,-6.0930367,1.8458253,11.215152740478516,3.1415998935699463,0.0,0.0,0.0,0.0,pelvis,0.0,0,0.0,pelvis,4.971109848022461,5.7044920730590825,169.01784,-144.14445
83,1.6600000000000001,3.5451338291168213,-0.3301037549972534,5.321678638458252,-0.5895535349845886,-0.32956525683403015,0.15000969171524048,0.722018301486969,-84.73119886604954,-17.399160212639753,39.363022075724984,0.08762674175019036,5.302861,10.241564,2.3370445,0.064665355,-4.7596617,-8.536518,-5.319375,1.9291803,12.262206077575684,3.1415998935699463,0.0,0.0,0.0,0.0,pelvis,0.0,0,0.0,pelvis,4.9091782379150395,5.655589084625245,192.38171,-174.4378
84,1.68,3.5923209190368652,-0.32730090618133545,5.233286380767822,-0.6505419611930847,-0.36046162247657776,0.1631300151348114,0.6482676863670349,-96.3102131321046,-14.779830926773675,44.73110711734431,-0.10627484910278362,5.485601,10.062376,2.2543933,0.098213665,-4.999988,-8.87575,-4.4068074,1.74715,12.295903205871582,3.1415998935699463,0.0,0.0,0.0,0.0,pelvis,0.0,0,0.0,pelvis,4.85632703781128,5.594225387573243,209.48567,-196.39417
85,1.7,3.636796474456787,-0.32277774810791016,5.139227867126465,-0.7064803242683411,-0.3787492513656616,0.17924094200134277,0.570357084274292,-106.84598703997524,-10.298953217671833,48.74064649584061,-0.28513088797669894,5.6884375,9.765813,2.1720877,0.09605627,-5.256532,-9.048081,-3.4698799,1.2096524,11.299293518066406,3.1415998935699463,0.0,0.0,0.0,0.0,pelvis,0.0,0,0.0,pelvis,4.811645011901856,5.519945125579834,220.17941,-209.64723
86,1.72,3.678711414337158,-0.3177075684070587,5.038888931274414,-0.7572383284568787,-0.38326290249824524,0.1955663114786148,0.491379052400589,-116.23375577077537,-4.615818109876158,50.818740707294566,-0.4406006770310942,5.8983684,9.37155,2.0899084,0.054495674,-5.5154386,-8.961949,-2.7227917,0.30952075,11.508514404296875,3.1341099739074707,0.0,0.0,0.0,0.0,pelvis,0.0,0,0.0,pelvis,4.773688774108887,5.432473640441895,224.56322,-211.57767
87,1.74,3.71822190284729,-0.3133414685726166,4.932212829589844,-0.8033443689346313,-0.37413889169692993,0.20802558958530426,0.41398441791534424,-124.80987438998478,1.4014242959294176,50.67781386869588,-0.5706841707583763,6.1067576,8.988372,2.0141654,-0.017139457,-5.7650094,-8.624418,-2.3841255,-0.852164,11.771905899047852,3.122891664505005,0.0,0.0,0.0,0.0,pelvis,0.0,0,0.0,pelvis,4.740407447814942,5.331588249206543,221.0277,-203.9487
88,1.76,3.755774974822998,-0.3097657561302185,4.8200201988220215,-0.8433935642242432,-0.3627943694591522,0.20735621452331543,0.3377440273761749,-133.60284086342384,6.010028360897533,49.12856284237426,-0.6858649173722728,6.3137283,8.538724,1.9834408,-0.05825201,-5.993808,-7.5594087,-3.8943715,-0.77396005,12.179681777954102,3.114036798477173,0.0,0.0,0.0,0.0,pelvis,0.0,0,0.0,pelvis,4.708602886199952,5.217086296081543,191.62012,-186.9735
89,1.78,3.791447162628174,-0.3072702884674072,4.702574729919434,-0.8773781061172485,-0.35085275769233704,0.1945478320121765,0.26317477226257324,-142.71297166137379,9.01614816638541,46.63919034545492,-0.7857799973484152,6.504459,8.286393,1.925451,-0.13885698,-6.211388,-6.9611273,-4.283355,-1.3637763,12.4967041015625,3.1096174716949463,0.0,0.0,0.0,0.0,pelvis,0.0,0,0.0,pelvis,4.675224761962891,5.088863830566407,195.44724,-177.80612
90,1.8,3.8252358436584473,-0.3063310384750366,4.5800323486328125,-0.9064080715179443,-0.3345850110054016,0.1728655844926834,0.19129778444766998,-151.9254581679182,10.682283962812724,43.1995751387012,-0.8670454434047272,6.681318,8.190838,1.8714412,-0.21563344,-6.410243,-6.3862495,-4.813227,-1.7715783,12.796357154846191,3.1142313480377197,0.0,0.0,0.0,0.0,pelvis,0.0,0,0.0,pelvis,4.636900882720948,4.946730117797852,179.69981,-162.50377
91,1.82,3.857236623764038,-0.3067179322242737,4.452754497528076,-0.9303460121154785,-0.3154907524585724,0.14201687276363373,0.12146275490522385,-161.25721909278968,10.813275727628039,39.25450011514461,-0.9301562342921006,6.8476543,8.293022,1.8217804,-0.2754051,-6.5951223,-5.8904324,-5.4936614,-1.9740088,13.163931846618652,3.1281540393829346,0.0,0.0,0.0,0.0,pelvis,0.0,0,0.0,pelvis,4.5896568107604985,4.790633659362793,163.88675,-151.08293
92,1.84,3.8876125812530518,-0.3078014552593231,4.320864200592041,-0.9479730129241943,-0.2967192828655243,0.10272190719842911,0.052468881011009216,-170.64047669635247,9.416968482362565,35.533244064042826,-0.9733903321136115,7.0099006,8.402035,1.7820033,-0.29784083,-6.773069,-5.5704722,-6.063823,-1.6715497,14.136857986450195,3.1415998935699463,0.0,0.0,0.0,0.0,pelvis,0.0,0,0.0,pelvis,4.52963493347168,4.620877723693848,150.13004,-145.41751
93,1.86,3.9169280529022217,-0.3086552023887634,4.184210300445557,-0.9581801891326904,-0.2797313332557678,0.057894837111234665,-0.01700892299413681,179.9881551509053,6.918837606217108,32.54858062824192,-0.9927177873028157,7.179624,8.583432,1.7540827,-0.28531003,-6.9562054,-5.4664893,-6.506928,-1.2052759,14.21219539642334,3.1415998935699463,0.0,0.0,0.0,0.0,pelvis,0.0,0,0.0,pelvis,4.453699092864991,4.438276748657227,151.73392,-149.65868
94,1.8800000000000001,3.945655345916748,-0.30867165327072144,4.042416572570801,-0.9598910808563232,-0.26633623242378235,0.009715980850160122,-0.08706177771091461,170.6591290227058,3.728459588082925,30.710246687665723,-0.984651751618431,7.365358,8.318066,1.7409054,-0.22818422,-7.1530185,-5.1896243,-6.4765654,-0.55868244,13.810773849487305,3.1415555477142334,0.0,0.0,0.0,0.0,pelvis,0.0,0,0.0,pelvis,4.3599018859863286,4.244035224914551,167.81905,-160.8352
95,1.9000000000000001,3.97455096244812,-0.3075386881828308,3.8951284885406494,-0.9530370831489563,-0.25762292742729187,-0.038035791367292404,-0.15460877120494843,161.68133535439006,0.41038390903163163,30.186921308834634,-0.9492985091865567,7.5798492,8.370427,1.7441366,-0.15783451,-7.3747673,-5.36492,-6.4239063,0.12291281,5.189212322235107,3.141601085662842,0.0,0.0,0.0,0.0,pelvis,0.0,0,0.0,pelvis,4.247225742340088,4.039730529785157,190.13164,-181.21262
96,1.92,4.0039472579956055,-0.3050910532474518,3.7418758869171143,-0.9374964833259583,-0.25359049439430237,-0.08440423756837845,-0.22286374866962433,152.5387946678272,-2.592091210685016,30.905739608544536,-0.8864155901913708,7.819262,8.443803,1.7645279,-0.08413204,-7.6171007,-5.713313,-6.1762943,0.71362084,4.813234329223633,3.141026020050049,0.0,0.0,0.0,0.0,pelvis,0.0,0,0.0,pelvis,4.115973930358887,3.8268122482299805,207.66043,-198.03429
97,1.94,4.03449821472168,-0.3014603555202484,3.5823721885681152,-0.9134091138839722,-0.25341328978538513,-0.12690980732440948,-0.2921631932258606,143.11866932863487,-4.805015753445614,32.614980910285766,-0.7970690095323096,8.077379,8.511291,1.8051587,-0.012870866,-7.8730736,-6.16835,-5.7615333,1.0946447,5.819519519805908,3.1381258964538574,0.0,0.0,0.0,0.0,pelvis,0.0,0,0.0,pelvis,3.9668404865264892,3.6067495155334472,219.6592,-209.1804
98,1.96,4.066784381866455,-0.2969575524330139,3.4165918827056885,-0.8814301490783691,-0.25542306900024414,-0.16369223594665527,-0.3620011508464813,133.47398428733513,-5.948796869108176,34.88061109332312,-0.684320103763639,8.344678,8.523006,1.8621938,0.047741417,-8.134101,-6.596235,-5.2637773,1.1933042,6.840742111206055,3.131735324859619,0.0,0.0,0.0,0.0,pelvis,0.0,0,0.0,pelvis,3.8006915855407715,3.380909423828125,223.89145,-213.31091
99,1.98,4.101199150085449,-0.29201945662498474,3.244744300842285,-0.8427401781082153,-0.25735941529273987,-0.19385866820812225,-0.43124714493751526,123.77614066535847,-6.0141430714737405,37.178649357112796,-0.5528897528753749,8.611872,8.457785,1.9281685,0.09170541,-8.39274,-6.8826346,-4.8104053,1.011662,7.767795562744141,3.122030735015869,0.0,0.0,0.0,0.0,pelvis,0.0,0,0.0,pelvis,3.618415575027466,3.150539617538452,221.06638,-211.35945
100,2.0,4.1378865242004395,-0.2871341109275818,3.0671839714050293,-0.7988171577453613,-0.2568858861923218,-0.2177596539258957,-0.4984791576862335,114.20038930047697,-5.266925165078878,39.06249413852751,-0.40819842006638396,8.872352,8.312966,1.994013,0.11568447,-8.644603,-6.9531865,-4.5101457,0.6459033,8.361743927001953,3.110538959503174,0.0,0.0,0.0,0.0,pelvis,0.0,0,0.0,pelvis,3.420880060195923,2.9168233680725097,213.6393,-205.82146
