frame,t,rx,ry,rz,qx,qy,qz,qw,rlv_x,rlv_y,rlv_z,rav_x,rav_y,rav_z,roll,pitch,yaw,pgz,lv_norm,av_norm,dof_vel_max,dof_pos_err_max,tau_max,tau_sat_ratio,L_fz_norm,R_fz_norm,top_cf_name,top_cf_val,non_foot_cf_sum,bz_min,bz_min_name,L_box_bot,R_box_bot
0,0.0,0.0,0.0,0.38999998569488525,0.0,0.0,0.0,1.0,0.0,0.0,0.0,0.0,0.0,0.0,0.0,0.0,0.0,1.0,0.0,0.0,0.0,1.1920928966180355e-08,0.0,0.0,0.0,0.0,pelvis,0.0,0,0.022637136,right_ankle_roll_link,0.003142877966165542,0.002637136280536651
1,0.02,0.0003715789644047618,0.0027660636696964502,0.45704594254493713,-0.013330423273146152,-0.0017503441777080297,-0.0009094322449527681,0.9999092221260071,0.02436339110136032,0.22580967843532562,3.243919610977173,-1.6781105995178223,-0.19646170735359192,-0.09776391088962555,-1.5274233061365623,-0.2019460853924332,-0.1015307370881073,0.9996384722212367,3.2518606185913086,1.6923977136611938,17.91070556640625,0.3220895230770111,0.0,0.0,0.0,0.0,pelvis,0.0,0,0.07969758,left_ankle_roll_link,0.059697579145431515,0.06466372638940811
2,0.04,0.0011006912682205439,0.004935817327350378,0.5219517946243286,-0.03133239969611168,-0.0038183752913028,-0.0019869490060955286,0.9994996786117554,0.029236124828457832,0.18941162526607513,3.235912561416626,-1.819275140762329,-0.2158549427986145,-0.11217940598726273,-3.590219713039945,-0.44447311654729205,-0.21387099566080583,0.9980074014788357,3.2415833473205566,1.8354671001434326,5.0821075439453125,0.3486863374710083,0.0,0.0,0.0,0.0,pelvis,0.0,0,0.14527568,left_ankle_roll_link,0.12527568221092225,0.13694773197174073
3,0.06,0.0019739679992198944,0.006952574476599693,0.5866959095001221,-0.04944748431444168,-0.006126823835074902,-0.003123558359220624,0.998753011226654,0.03630185127258301,0.18597924709320068,3.225083112716675,-1.8084732294082642,-0.2434464544057846,-0.11343161016702652,-5.6666846639273105,-0.7189245783812361,-0.322797998055394,0.995034816649334,3.230644941329956,1.8283075094223022,4.733542442321777,0.37597806453704835,0.0,0.0,0.0,0.0,pelvis,0.0,0,0.21186467,left_ankle_roll_link,0.1918646651506424,0.21032745718955995
4,0.08,0.003020796226337552,0.008915752172470093,0.6513082385063171,-0.06743138283491135,-0.008727677166461945,-0.004254812840372324,0.9976766705513,0.04406574368476868,0.18233495950698853,3.21644926071167,-1.7968246936798096,-0.2739066183567047,-0.10902761667966843,-7.729530714924484,-1.0307273483706696,-0.41906505633734403,0.9907536725204993,3.221914529800415,1.8208489418029785,4.359490871429443,0.4664686441421509,0.0,0.0,0.0,0.0,pelvis,0.0,0,0.27933878,left_ankle_roll_link,0.2593387770652771,0.28460762977600096
5,0.1,0.004251749254763126,0.010824893601238728,0.7158296704292297,-0.08527269959449768,-0.011639665812253952,-0.005333373323082924,0.9962754249572754,0.05208275094628334,0.17861799895763397,3.2097461223602295,-1.7849031686782837,-0.30511340498924255,-0.09947771579027176,-9.778247245902035,-1.381088550114544,-0.49529594274143873,0.9851861697672912,3.2151339054107666,1.8135240077972412,3.9744105339050293,0.54933602809906,0.0,0.0,0.0,0.0,pelvis,0.0,0,0.34755898,left_ankle_roll_link,0.32755897521972654,0.3596471357345581
6,0.12,0.005669187754392624,0.012681417167186737,0.7802940011024475,-0.10296472162008286,-0.014865832403302193,-0.0063166543841362,0.9945539236068726,0.06007356196641922,0.1749192476272583,3.204688549041748,-1.7729936838150024,-0.3356535732746124,-0.08533945679664612,-11.812974018534014,-1.769032077654623,-0.5447607615623716,0.9783545462573116,3.2100210189819336,1.8065028190612793,3.5863826274871826,0.6244598150253295,0.0,0.0,0.0,0.0,pelvis,0.0,0,0.4164054,left_ankle_roll_link,0.39640540957450865,0.4353253948688507
7,0.14,0.007270541042089462,0.01448819600045681,0.844730019569397,-0.12050029635429382,-0.018398907035589218,-0.007166358642280102,0.9925168752670288,0.06787917017936707,0.1712949275970459,3.2010107040405273,-1.761214017868042,-0.3646355867385864,-0.0671212375164032,-13.833924837007403,-2.1920724077587033,-0.5614209132536335,0.9702823175968462,3.2063090801239014,1.799816370010376,3.1991705894470215,0.6918285608291626,0.0,0.0,0.0,0.0,pelvis,0.0,0,0.4857795,left_ankle_roll_link,0.4657794940471649,0.5115438508987427
8,0.16,0.009021857753396034,0.016285061836242676,0.9091869592666626,-0.1375013142824173,-0.022176144644618034,-0.007748434320092201,0.9902229309082031,0.07296823710203171,0.16789233684539795,3.2017924785614014,-1.6777048110961914,-0.37980547547340393,-0.025966696441173553,-15.798739171186824,-2.639375022370226,-0.5303760688674846,0.9612032143586178,3.207021474838257,1.7203545570373535,2.840557098388672,0.7517605543136596,0.0,0.0,0.0,0.0,pelvis,0.0,0,0.55537283,left_ankle_roll_link,0.5353728342056274,0.5882190871238708
9,0.18,0.01091858372092247,0.018070027232170105,0.9736801385879517,-0.1539926528930664,-0.02618110179901123,-0.008032163605093956,0.9876924157142639,0.08012629300355911,0.16434437036514282,3.2003512382507324,-1.6653201580047607,-0.4034843444824219,0.00012565588986035436,-17.711315810368333,-3.1064682515616098,-0.4477540432237715,0.9512016255270908,3.2055697441101074,1.7135025262832642,2.6906893253326416,0.8042293310165405,0.0,0.0,0.0,0.0,pelvis,0.0,0,0.62512016,left_ankle_roll_link,0.6051201629638672,0.6652900981903076
10,0.2,0.01297986414283514,0.01981164887547493,1.0382044315338135,-0.17031891644001007,-0.030439825728535652,-0.008079956285655499,0.984885573387146,0.0869997963309288,0.16077303886413574,3.199782133102417,-1.6553387641906738,-0.4246008098125458,0.02852078527212143,-19.61255957875854,-3.595482474939053,-0.3184313988078275,0.9401297674246345,3.2049996852874756,1.7091652154922485,2.6901094913482666,0.8490201950073242,0.0,0.0,0.0,0.0,pelvis,0.0,0,0.6951785,left_ankle_roll_link,0.6751785087585449,0.7427117037773132
11,0.22,0.015198808163404465,0.021511999890208244,1.1027745008468628,-0.18649287521839142,-0.03493228554725647,-0.007873602211475372,0.9818034172058105,0.09289485961198807,0.15814520418643951,3.2003371715545654,-1.6588664054870605,-0.4425117075443268,0.04953485727310181,-21.505321317016165,-4.1018710136915555,-0.13966768604273766,0.9280002858384448,3.2055885791778564,1.7175878286361694,2.6864702701568604,0.8861203908920288,0.0,0.0,0.0,0.0,pelvis,0.0,0,0.76551473,left_ankle_roll_link,0.7455147314071655,0.8204357433319092
12,0.24,0.01755237951874733,0.0231778621673584,1.1674160957336426,-0.20263957977294922,-0.039618901908397675,-0.007475208956748247,0.9784230589866638,0.09926863759756088,0.15496492385864258,3.201038122177124,-1.6496411561965942,-0.45858630537986755,0.08175548911094666,-23.405324895994916,-4.620619656334758,0.0821358609067758,0.9147350866420306,3.2063241004943848,1.7141474485397339,2.6802968978881836,0.9138231992721557,0.0,0.0,0.0,0.0,pelvis,0.0,0,0.8361017,left_ankle_roll_link,0.8161017107963562,0.8983580875396728
13,0.26,0.020053058862686157,0.024813266471028328,1.2321264743804932,-0.21862339973449707,-0.04450281336903572,-0.006782283540815115,0.9747703671455383,0.10541880130767822,0.15195868909358978,3.2022669315338135,-1.640596628189087,-0.4719032347202301,0.11578506976366043,-25.298564307500815,-5.147820066714619,0.35876736251929164,0.9004466173815422,3.2076032161712646,1.7110395431518555,2.670759677886963,0.9338432073593139,0.0,0.0,0.0,0.0,pelvis,0.0,0,0.9069207,left_ankle_roll_link,0.8869206714630127,0.9765371489524841
14,0.28,0.022695960476994514,0.026423748582601547,1.296915054321289,-0.2344387322664261,-0.049563903361558914,-0.005776180420070887,0.970849335193634,0.11136893182992935,0.1491284966468811,3.203962564468384,-1.6315449476242065,-0.48239389061927795,0.15145573019981384,-27.185885863173173,-5.678507700479297,0.692326918115327,0.8851638005937541,3.209364414215088,1.7080929279327393,2.6575958728790283,0.9461384534835815,0.0,0.0,0.0,0.0,pelvis,0.0,0,0.97795486,left_ankle_roll_link,0.9579548645019531,1.0549597549438476
15,0.3,0.025476669892668724,0.0280148908495903,1.3617879152297974,-0.2500785291194916,-0.054781775921583176,-0.004439115524291992,0.9666643738746643,0.11714549362659454,0.14647039771080017,3.2060489654541016,-1.622320294380188,-0.4899999499320984,0.18862025439739227,-29.067937889738857,-6.207612291576135,1.0845710725106448,0.8689193726006181,3.2115304470062256,1.7051688432693481,2.6406900882720947,0.9506598234176635,0.0,0.0,0.0,0.0,pelvis,0.0,0,1.0491886,left_ankle_roll_link,1.0291886138916015,1.1336176204681396
16,0.32,0.02839164063334465,0.029592301696538925,1.4267510175704956,-0.2655338644981384,-0.06013597175478935,-0.002753965090960264,0.962220311164856,0.12277906388044357,0.14397239685058594,3.2084872722625732,-1.612746000289917,-0.49466171860694885,0.22715088725090027,-30.945076677416754,-6.729994511987706,1.5369284582727132,0.8517508634115829,3.214061737060547,1.7021273374557495,2.6200761795043945,0.9473548650741577,0.0,0.0,0.0,0.0,pelvis,0.0,0,1.1206092,left_ankle_roll_link,1.100609164237976,1.212507586479187
17,0.34,0.03143779933452606,0.03116144984960556,1.4918100833892822,-0.2807939052581787,-0.06560546904802322,-0.0007041505887173116,0.957522988319397,0.12830331921577454,0.14161288738250732,3.211223840713501,-1.6026450395584106,-0.49631550908088684,0.26694491505622864,-32.81732927201736,-7.240410199349916,2.050484042863284,0.8337014104016996,3.216904401779175,1.6988407373428345,2.595945358276367,0.9517865777015686,0.0,0.0,0.0,0.0,pelvis,0.0,0,1.1922064,left_ankle_roll_link,1.1722063827514648,1.2916333484649658
18,0.36,0.03461284562945366,0.03272731229662895,1.5569658279418945,-0.2958458364009857,-0.07116864621639252,0.0017265742644667625,0.9525792598724365,0.13375478982925415,0.13935399055480957,3.214219570159912,-1.5918784141540527,-0.4948824346065521,0.3079153895378113,-34.6843357310917,-7.733521814447875,2.6259830346493347,0.8148205297598543,3.220018148422241,1.695227861404419,2.5686557292938232,1.0004295110702515,0.0,0.0,0.0,0.0,pelvis,0.0,0,1.2639669,left_ankle_roll_link,1.2439669179916382,1.3709962177276611
19,0.38,0.03791551664471626,0.03429397940635681,1.6222223043441772,-0.3106764554977417,-0.07680422067642212,0.0045546554028987885,0.9473966956138611,0.13917440176010132,0.13715150952339172,3.2174453735351562,-1.5801832675933838,-0.49026721715927124,0.3499995470046997,-36.54551135553513,-8.204002812710888,3.263918455524335,0.7951625033712943,3.2233731746673584,1.6911064386367798,2.715052366256714,1.0514687299728394,0.0,0.0,0.0,0.0,pelvis,0.0,0,1.3358833,left_ankle_roll_link,1.3158832597732544,1.4506053733825683
20,0.4,0.04134510084986687,0.035864926874637604,1.6875803470611572,-0.3252674341201782,-0.08248968422412872,0.007796348538249731,0.941985011100769,0.14460743963718414,0.13494811952114105,3.220872402191162,-1.56717848777771,-0.48234543204307556,0.39315536618232727,-38.39940458372912,-8.646415879912837,3.96437733104116,0.7747930965949581,3.2269399166107178,1.686201810836792,2.9626379013061523,1.1018847227096558,0.0,0.0,0.0,0.0,pelvis,0.0,0,1.4079455,left_ankle_roll_link,1.3879455137252807,1.5304695177078247
21,0.42,0.044902194291353226,0.03744218498468399,1.7530405521392822,-0.3395986557006836,-0.08820263296365738,0.011468630284070969,0.936355471611023,0.15010368824005127,0.13266639411449432,3.22446608543396,-1.5523357391357422,-0.4709518849849701,0.4373437464237213,-40.24407555546422,-9.05535203251639,4.727194441946355,0.7537860971691338,3.2306830883026123,1.6801224946975708,3.3219289779663086,1.1516417264938354,0.0,0.0,0.0,0.0,pelvis,0.0,0,1.4801449,left_ankle_roll_link,1.4601448583602905,1.6106016445159912
22,0.44,0.04858827218413353,0.03902668133378029,1.818602204322815,-0.35364118218421936,-0.09391845762729645,0.01558782160282135,0.9305236339569092,0.15571381151676178,0.13020524382591248,3.22821307182312,-1.534934639930725,-0.45587360858917236,0.4824941158294678,-42.07613913655102,-9.425306525724405,5.551623953902393,0.732234475160515,3.234588146209717,1.672317385673523,3.687904119491577,1.200720191001892,0.0,0.0,0.0,0.0,pelvis,0.0,0,1.5524719,left_ankle_roll_link,1.5324718761444092,1.6910142707824707
23,0.46,0.05240567773580551,0.040617115795612335,1.8842638731002808,-0.36736035346984863,-0.09961193054914474,0.020170273259282112,0.9245091080665588,0.16148696839809418,0.12743344902992249,3.2321059703826904,-1.5140069723129272,-0.4368476867675781,0.5284420251846313,-43.891110264994744,-9.750886733145826,6.436479766251953,0.7102476679815605,3.2386457920074463,1.6620179414749146,4.058577537536621,1.2491148710250854,0.0,0.0,0.0,0.0,pelvis,0.0,0,1.6249176,left_ankle_roll_link,1.6049176263809204,1.7717237281799316
24,0.48,0.05635747313499451,0.04220973700284958,1.9500207901000977,-0.3807099461555481,-0.10525453090667725,0.025229431688785553,0.9183381199836731,0.1674627661705017,0.12418471276760101,3.2361464500427246,-1.488282322883606,-0.4135724604129791,0.5748253464698792,-45.682535075387605,-10.026771149751092,7.379626402618724,0.68796284124371,3.2428550720214844,1.6481658220291138,4.429655075073242,1.296836256980896,0.0,0.0,0.0,0.0,pelvis,0.0,0,1.6974696,left_ankle_roll_link,1.6774695920944214,1.8527424144744873
25,0.5,0.06044697016477585,0.043797124177217484,2.015866756439209,-0.3936343789100647,-0.11081566661596298,0.030774837359786034,0.9120442867279053,0.17365634441375732,0.12025386095046997,3.240358352661133,-1.4561923742294312,-0.3857477605342865,0.6209319829940796,-47.44221985891676,-10.248019062082879,8.377941229814699,0.6655437275450947,3.2472355365753174,1.629372239112854,4.793206214904785,1.343911051750183,0.0,0.0,0.0,0.0,pelvis,0.0,0,1.7701159,left_ankle_roll_link,1.750115852355957,1.934085350036621
26,0.52,0.06467639654874802,0.04536822810769081,2.081798791885376,-0.40606120228767395,-0.11625904589891434,0.03680514544248581,0.9056729674339294,0.18003690242767334,0.1154039278626442,3.2447588443756104,-1.4159717559814453,-0.35315394401550293,0.6654964089393616,-49.15908493049084,-10.41024809833699,9.42633301287977,0.6431962684867257,3.251798152923584,1.603926181793213,5.13597297668457,1.3903783559799194,0.0,0.0,0.0,0.0,pelvis,0.0,0,1.8428457,left_ankle_roll_link,1.8228456783294678,2.015764217376709
27,0.54,0.06904545426368713,0.04690645635128021,2.1478073596954346,-0.41790807247161865,-0.12154340744018555,0.04330343008041382,0.8992802500724792,0.1864948719739914,0.1093883216381073,3.2493841648101807,-1.3659621477127075,-0.31578120589256287,0.7064913511276245,-50.819959648790814,-10.51013592929231,10.517405893616157,0.6211600861417708,3.2565693855285645,1.5699363946914673,5.437749862670898,1.436289668083191,0.0,0.0,0.0,0.0,pelvis,0.0,0,1.9156439,left_ankle_roll_link,1.8956439304351806,2.097781639099121
28,0.56,0.07354862242937088,0.04839019849896431,2.213886260986328,-0.4290848970413208,-0.1266203075647354,0.05022791028022766,0.89293372631073,0.19280533492565155,0.1020052433013916,3.2542684078216553,-1.3052057027816772,-0.27399131655693054,0.7410338521003723,-52.4097155546925,-10.545891388324256,11.640499889200882,0.5997068976865019,3.261570453643799,1.5257012844085693,5.671026229858398,1.4817026853561401,0.0,0.0,0.0,0.0,pelvis,0.0,0,1.9884957,left_ankle_roll_link,1.9684957075119018,2.1801302242279053
29,0.58,0.07817237824201584,0.049792882055044174,2.280027151107788,-0.43950921297073364,-0.13143520057201385,0.05750611424446106,0.8867071270942688,0.19860677421092987,0.09318537265062332,3.259415626525879,-1.2343342304229736,-0.22865037620067596,0.7656183838844299,-53.913273160070204,-10.517749944547962,12.781474852035704,0.5791128795288816,3.2667901515960693,1.4703855514526367,5.80383825302124,1.5266789197921753,0.0,0.0,0.0,0.0,pelvis,0.0,0,2.0613742,left_ankle_pitch_link,2.0413861083984375,2.262782554626465
30,0.6,0.08289223909378052,0.05108590051531792,2.3462212085723877,-0.44912242889404297,-0.1359269917011261,0.0650319904088974,0.88067227602005,0.2034270465373993,0.08308744430541992,3.264761447906494,-1.1563369035720825,-0.18110613524913788,0.7768476605415344,-55.317785261235834,-10.427989977243174,13.92276068689367,0.5596257935827946,3.2721481323242188,1.4047800302505493,5.807399272918701,1.5712727308273315,0.0,0.0,0.0,0.0,pelvis,0.0,0,2.1329193,left_ankle_pitch_link,2.114294033050537,2.3456833171844482
31,0.62,0.08763571828603745,0.05224257707595825,2.412456512451172,-0.458027720451355,-0.13991880416870117,0.07281741499900818,0.8748319149017334,0.20444545149803162,0.07401245832443237,3.2691307067871094,-1.1079682111740112,-0.1175893172621727,0.7780133485794067,-56.62877027428631,-10.259463806687442,15.054170164633579,0.5412666710762721,3.276353359222412,1.3589428663253784,4.2271342277526855,1.6155189275741577,0.0,0.0,0.0,0.0,pelvis,0.0,0,2.2044618,left_ankle_pitch_link,2.1872110176086426,2.4284059810638428
32,0.64,0.09233663976192474,0.05324992164969444,2.4787490367889404,-0.46675869822502136,-0.14329051971435547,0.08069151639938354,0.8689608573913574,0.20380279421806335,0.0668601468205452,3.272498607635498,-1.1036252975463867,-0.03901772201061249,0.7234043478965759,-57.90770621810107,-10.003059901584098,16.154548621036472,0.5232082891825467,3.279520273208618,1.320160984992981,3.627474308013916,1.6581002473831177,0.0,0.0,0.0,0.0,pelvis,0.0,0,2.277128,left_ankle_pitch_link,2.2606215286254883,2.511147241592407
33,0.66,0.09696114808320999,0.05418495088815689,2.5450875759124756,-0.4750450551509857,-0.14582695066928864,0.08830177038908005,0.8632898330688477,0.20313213765621185,0.060458872467279434,3.2775349617004395,-1.0511360168457031,0.005645387805998325,0.6934001445770264,-59.10804133394959,-9.664999584440478,17.169457281889734,0.5061333920701876,3.2843801975250244,1.2592546939849854,3.5199623107910156,1.6581000089645386,0.0,0.0,0.0,0.0,pelvis,0.0,0,2.3498828,left_ankle_pitch_link,2.334074478149414,2.5939450073242187
34,0.68,0.10151772946119308,0.05504688248038292,2.6114695072174072,-0.4829104244709015,-0.14785076677799225,0.09570802003145218,0.8577748537063599,0.20154553651809692,0.05600372701883316,3.2807044982910156,-1.017801284790039,0.04326513409614563,0.649897575378418,-60.2400254669975,-9.277051071688113,18.12298634079309,0.489875345400987,3.2873666286468506,1.2083699703216553,3.427743673324585,1.6581000089645386,0.0,0.0,0.0,0.0,pelvis,0.0,0,2.422648,left_ankle_pitch_link,2.4075262355804443,2.676755886077881
35,0.7000000000000001,0.10597912967205048,0.05583183839917183,2.6778979301452637,-0.4904382526874542,-0.14935407042503357,0.1028519943356514,0.8523995876312256,0.19851987063884735,0.05038512125611305,3.2853522300720215,-0.9819021821022034,0.08052460849285126,0.6057745218276978,-61.31238584821502,-8.843356092009907,19.008707759912202,0.4743273638967018,3.2917304039001465,1.156537413597107,3.4880871772766113,1.6581000089645386,0.0,0.0,0.0,0.0,pelvis,0.0,0,2.4954162,left_ankle_pitch_link,2.480962972640991,2.7595333862304687
36,0.72,0.10980546474456787,0.05647023022174835,2.744281053543091,-0.49807897210121155,-0.14994259178638458,0.10875637829303741,0.8471165895462036,0.16760797798633575,0.04528217762708664,3.281956195831299,-0.9978592991828918,0.0905914232134819,0.4295300245285034,-62.36621110578931,-8.377769459556598,19.70781720116832,0.4588691134379643,3.2865452766418457,1.0901495218276978,3.992875576019287,1.6581000089645386,0.0,0.0,0.0,0.0,pelvis,0.0,0,2.5682542,left_ankle_pitch_link,2.554446439743042,2.8420502948760986
37,0.74,0.11339002102613449,0.05704009532928467,2.810718059539795,-0.505815863609314,-0.1499745398759842,0.11422541737556458,0.8417900204658508,0.16307003796100616,0.0441952683031559,3.2835216522216797,-1.0194391012191772,0.10815423727035522,0.3907887935638428,-63.414552665342875,-7.8708206446343185,20.322163190932343,0.44331589902030144,3.287865400314331,1.097118616104126,4.100934982299805,1.6581000089645386,0.0,0.0,0.0,0.0,pelvis,0.0,0,2.6411085,left_ankle_pitch_link,2.6279177474975586,2.9244663524627685
38,0.76,0.11684821546077728,0.05758165940642357,2.8772029876708984,-0.5137282013893127,-0.14961254596710205,0.1194714680314064,0.8363169431686401,0.1587849259376526,0.04169732704758644,3.2871387004852295,-1.0317492485046387,0.1348327398300171,0.34868377447128296,-64.47432858124208,-7.324878535140033,20.88303755290709,0.427398842373087,3.2912354469299316,1.09739089012146,4.167648792266846,1.6581000089645386,0.0,0.0,0.0,0.0,pelvis,0.0,0,2.713958,left_ankle_pitch_link,2.7013516235351562,3.006787519454956
39,0.78,0.12017756700515747,0.05807436257600784,2.9437692165374756,-0.5217337012290955,-0.14878183603286743,0.12449914216995239,0.8307572603225708,0.15425877273082733,0.03953627124428749,3.2906343936920166,-1.0482102632522583,0.15948481857776642,0.30557939410209656,-65.53264246727404,-6.735864011539251,21.38438163978878,0.4113158205369558,3.294485330581665,1.1034305095672607,4.4497809410095215,1.6581000089645386,0.0,0.0,0.0,0.0,pelvis,0.0,0,2.786807,left_ankle_pitch_link,2.7747471141815185,3.0889894771575928
40,0.8,0.12337455153465271,0.05852323770523071,3.0104174613952637,-0.5298685431480408,-0.14748907089233398,0.1292998492717743,0.8250865936279297,0.14955241978168488,0.037750255316495895,3.2939696311950684,-1.0687767267227173,0.18159689009189606,0.2617296278476715,-66.59514070640063,-6.105450688687974,21.825162136900673,0.39497260189897787,3.297578811645508,1.115241527557373,4.825271129608154,1.6581000089645386,0.0,0.0,0.0,0.0,pelvis,0.0,0,2.8596573,left_ankle_pitch_link,2.848102550506592,3.1710386085510254
41,0.8200000000000001,0.12643711268901825,0.058934763073921204,3.077146291732788,-0.5381650328636169,-0.14574579894542694,0.13386225700378418,0.8192786574363708,0.14472313225269318,0.036368537694215775,3.297081708908081,-1.0934640169143677,0.20067425072193146,0.21739895641803741,-67.66743315620153,-5.4359452288796755,22.204353297558324,0.37827311898532257,3.3004567623138428,1.1327824592590332,5.234180450439453,1.6581000089645386,0.0,0.0,0.0,0.0,pelvis,0.0,0,2.9273176,left_elbow_link,2.9214169788360596,3.2528965282440185
42,0.84,0.12940026819705963,0.059406671673059464,3.143845796585083,-0.5470885634422302,-0.14389865100383759,0.13822562992572784,0.8129459619522095,0.14042332768440247,0.04225419834256172,3.2880122661590576,-1.194654107093811,0.16661499440670013,0.20343731343746185,-68.82532339460364,-4.744947765650582,22.550953332026275,0.3599745639799852,3.291280746459961,1.2232520580291748,4.053599834442139,1.6581000089645386,0.0,0.0,0.0,0.0,pelvis,0.0,0,2.9827535,left_elbow_link,2.9946901607513428,3.3344633388519287
43,0.86,0.13225454092025757,0.059889182448387146,3.2105660438537598,-0.5564260482788086,-0.1418040245771408,0.14238856732845306,0.8062301278114319,0.135896697640419,0.04134005308151245,3.289191722869873,-1.232750654220581,0.17609064280986786,0.16600312292575836,-70.03746921382134,-4.025241324696584,22.85254297415058,0.3405633428211092,3.292257308959961,1.2562798261642456,4.048883438110352,1.6581000089645386,0.0,0.0,0.0,0.0,pelvis,0.0,0,3.0382245,left_elbow_link,3.0679242420196533,3.4157452392578125
44,0.88,0.1349896490573883,0.06035482883453369,3.2773449420928955,-0.5660452842712402,-0.13936403393745422,0.14632776379585266,0.7992237210273743,0.13136814534664154,0.040744855999946594,3.289914846420288,-1.2750180959701538,0.18161317706108093,0.12911716103553772,-71.2847861846531,-3.2739319562050224,23.09832570079271,0.3203408043979419,3.2927887439727783,1.2943437099456787,4.374350547790527,1.6581000089645386,0.0,0.0,0.0,0.0,pelvis,0.0,0,3.0938358,left_elbow_link,3.1411266136169433,3.4967360305786133
45,0.9,0.13760732114315033,0.0608111247420311,3.3441786766052246,-0.5759699940681458,-0.13660219311714172,0.1500304639339447,0.7918896079063416,0.12685942649841309,0.04040810465812683,3.290198802947998,-1.3211694955825806,0.18324875831604004,0.09278047829866409,-72.57359055858566,-2.4943932157582083,23.287633558157474,0.29919681353745453,3.292891502380371,1.3370404243469238,4.718122482299805,1.6581000089645386,0.0,0.0,0.0,0.0,pelvis,0.0,0,3.1496184,left_elbow_link,3.2142989444732666,3.5774011421203613
46,0.92,0.1401093453168869,0.06126433610916138,3.4110636711120605,-0.5862207412719727,-0.1335391104221344,0.15348373353481293,0.784190833568573,0.12238847464323044,0.04023534059524536,3.290140390396118,-1.3704410791397095,0.18135274946689606,0.056842245161533356,-73.91007898871258,-1.689874411015341,23.4195320092638,0.2770250969804078,3.2926619052886963,1.3835564851760864,5.066814422607422,1.6581000089645386,0.0,0.0,0.0,0.0,pelvis,0.0,0,3.2056026,left_elbow_link,3.287446241378784,3.657712917327881
47,0.9400000000000001,0.1419430375099182,0.061771031469106674,3.477480173110962,-0.5988133549690247,-0.12971319258213043,0.15557552874088287,0.7748503684997559,0.0804995745420456,0.05079335719347,3.230341911315918,-1.7818102836608887,0.05027351155877113,-0.17364604771137238,-75.56857676625226,-0.8420044784821339,23.35870403865509,0.24919410716178403,3.2317440509796143,1.7909573316574097,4.276879787445068,1.6581000089645386,0.0,0.0,0.0,0.0,pelvis,0.0,0,3.2619538,left_elbow_link,3.360737543106079,3.7373368549346924
48,0.96,0.1433340460062027,0.06226890906691551,3.5436551570892334,-0.612845778465271,-0.1253722608089447,0.15672272443771362,0.7642903327941895,0.07671255618333817,0.04625222831964493,3.23233699798584,-1.8180333375930786,0.048697203397750854,-0.2003999501466751,-77.44341227948173,0.025903780830252097,23.155697382824123,0.21740369607389987,3.2335779666900635,1.829693078994751,4.261576175689697,1.6581000089645386,0.0,0.0,0.0,0.0,pelvis,0.0,0,3.3186483,left_elbow_link,3.434061269760132,3.8164014625549316
49,0.98,0.1445050835609436,0.06272877752780914,3.610029935836792,-0.6269535422325134,-0.1202646866440773,0.15790951251983643,0.7533460259437561,0.06806726008653641,0.04279174283146858,3.2405765056610107,-1.8479597568511963,0.0988103598356247,-0.23966005444526672,-79.34134933112871,0.9627295022102517,22.878399239360615,0.1849313220570118,3.2415738105773926,1.866053581237793,4.222611904144287,1.6581000089645386,0.0,0.0,0.0,0.0,pelvis,0.0,0,3.3756342,left_elbow_link,3.5082201766967773,3.89510272026062
50,1.0,0.14559100568294525,0.06316348165273666,3.6764886379241943,-0.6410284042358398,-0.11502904444932938,0.15878494083881378,0.7420499920845032,0.06495644897222519,0.03940563276410103,3.2434728145599365,-1.8730072975158691,0.0828418880701065,-0.26295265555381775,-81.2696873517073,1.8828897809904015,22.540319048329412,0.15170180779185383,3.2443623542785645,1.8931885957717896,4.211050510406494,1.6581000089645386,0.0,0.0,0.0,0.0,pelvis,0.0,0,3.4328954,left_elbow_link,3.582433443069458,3.973486166000366
51,1.02,0.14660528302192688,0.06358686834573746,3.7430522441864014,-0.6551145911216736,-0.10972919315099716,0.15934263169765472,0.7303383946418762,0.06221560761332512,0.03636202961206436,3.2466537952423096,-1.8977279663085938,0.06060780957341194,-0.28299012780189514,-83.24019916518998,2.7797339932863037,22.145630254751687,0.11756875333982719,3.247453451156616,1.9196687936782837,4.201922416687012,1.6581000089645386,0.0,0.0,0.0,0.0,pelvis,0.0,0,3.490438,left_elbow_link,3.656640272140503,4.05144832611084
52,1.04,0.14755302667617798,0.06400921940803528,3.809725522994995,-0.6691972613334656,-0.10440296679735184,0.15957656502723694,0.7181993722915649,0.05964370444417,0.03361203894019127,3.250048875808716,-1.9222373962402344,0.03540942072868347,-0.3002767860889435,-85.25520803006368,3.6471679741091143,21.696912248949186,0.08255009189540086,3.250769853591919,1.9458717107772827,4.194713592529297,1.6581000089645386,0.0,0.0,0.0,0.0,pelvis,0.0,0,3.5482676,left_elbow_link,3.730835418701172,4.128976802825928
53,1.06,0.14844056963920593,0.06445053219795227,3.8764946460723877,-0.6832806468009949,-0.09917628765106201,0.15941593050956726,0.7056048512458801,0.05727099999785423,0.03228701651096344,3.2513351440429688,-1.9474090337753296,-0.02058575674891472,-0.31084659695625305,-87.32186775167234,4.467471328686589,21.198393059595446,0.0465832433499358,3.251999855041504,1.9721691608428955,4.185379981994629,1.6581000089645386,0.0,0.0,0.0,0.0,pelvis,0.0,0,3.6063757,left_elbow_link,3.8050114917755127,4.206152420043946
54,1.08,0.14927330613136292,0.06492789089679718,3.9433541297912598,-0.6973651051521301,-0.09411772340536118,0.15884487330913544,0.6925258636474609,0.05500075966119766,0.030252667143940926,3.254990339279175,-1.9742681980133057,-0.04876723513007164,-0.32137060165405273,-89.44491604700158,5.231945650588477,20.655416666993606,0.00964752851430084,3.2555956840515137,2.000847816467285,4.1933088302612305,1.6581000089645386,0.0,0.0,0.0,0.0,pelvis,0.0,0,3.6647584,left_elbow_link,3.8791618156433105,4.28301570892334
55,1.1,0.1500535011291504,0.06543813645839691,4.010324001312256,-0.7114035487174988,-0.08912170678377151,0.15797165036201477,0.6789752244949341,0.05297697335481644,0.028471726924180984,3.2588486671447754,-1.9992202520370483,-0.07894472032785416,-0.3286828100681305,-91.61754166153851,5.954596070901921,20.070265006609375,-0.0280753754958063,3.2594034671783447,2.0275962352752686,4.193216800689697,1.6581000089645386,0.0,0.0,0.0,0.0,pelvis,0.0,0,3.723421,left_elbow_link,3.9532813835144043,4.359421710968018
56,1.12,0.15078593790531158,0.06599124521017075,4.077408790588379,-0.725372314453125,-0.08422105759382248,0.15679679811000824,0.6649484038352966,0.05111134797334671,0.02703390270471573,3.262927293777466,-2.024801254272461,-0.11046450585126877,-0.3328598439693451,-93.83964379955142,6.630549911626068,19.446935751508192,-0.06651636223461033,3.263439416885376,2.0549495220184326,4.195568561553955,1.6581000089645386,0.0,0.0,0.0,0.0,pelvis,0.0,0,3.7823682,left_elbow_link,4.027369003295899,4.435365180969239
57,1.1400000000000001,0.15147481858730316,0.06659819930791855,4.144608497619629,-0.7392562031745911,-0.0794428139925003,0.15532661974430084,0.6504327058792114,0.049433913081884384,0.02590586431324482,3.2671420574188232,-2.0501065254211426,-0.14341945946216583,-0.3338184654712677,-96.11212777057554,7.256293090871404,18.789720651075193,-0.10562178925431853,3.2676186561584473,2.082051992416382,4.200507164001465,1.6581000089645386,0.0,0.0,0.0,0.0,pelvis,0.0,0,3.8415947,left_elbow_link,4.101418952941895,4.510827999114991
58,1.16,0.15212474763393402,0.0672692358493805,4.211918830871582,-0.7530348896980286,-0.0748162642121315,0.15356574952602386,0.635420024394989,0.047954950481653214,0.025085970759391785,3.271479368209839,-2.075089454650879,-0.17757268249988556,-0.33149245381355286,-98.43486338598058,7.828086908710615,18.10332963809064,-0.14531803698636292,3.2719271183013916,2.1088898181915283,4.2081522941589355,1.6581000089645386,0.0,0.0,0.0,0.0,pelvis,0.0,0,3.9010956,left_elbow_link,4.175419788360596,4.585798721313477
59,1.18,0.1527407169342041,0.06801441311836243,4.279340744018555,-0.7666849493980408,-0.07037059962749481,0.15152017772197723,0.6199061274528503,0.046685267239809036,0.024568533524870872,3.2759199142456055,-2.0996835231781006,-0.21268104016780853,-0.3258402645587921,-100.80690827862585,8.34249948032687,17.392976495043154,-0.18551566585081902,3.2763445377349854,2.1354334354400635,4.218610763549805,1.6581000089645386,0.0,0.0,0.0,0.0,pelvis,0.0,0,3.960871,left_elbow_link,4.249367694854737,4.660267810821534
60,1.2,0.15332743525505066,0.06884307414293289,4.346865653991699,-0.7801848649978638,-0.06613393127918243,0.14919671416282654,0.6038859486579895,0.04563583806157112,0.024344805628061295,3.28044056892395,-2.1237900257110596,-0.24849440157413483,-0.3168468475341797,-103.22735677226093,8.796608092210562,16.664202980961132,-0.22612424087634908,3.280848264694214,2.161625623703003,4.231975078582764,1.6581000089645386,0.0,0.0,0.0,0.0,pelvis,0.0,0,4.0209103,left_elbow_link,4.3232478904724125,4.734216670989991
61,1.22,0.15389001369476318,0.06976433098316193,4.414499282836914,-0.793509840965271,-0.062133606523275375,0.14660309255123138,0.587357759475708,0.0448177196085453,0.02440400794148445,3.285027027130127,-2.147261142730713,-0.28475356101989746,-0.3045256733894348,-105.69446788218484,9.187898001375268,15.922925486174023,-0.2670369055366377,3.2854232788085938,2.187361717224121,4.248330116271973,1.6581000089645386,0.0,0.0,0.0,0.0,pelvis,0.0,0,4.081219,left_elbow_link,4.397061805725098,4.807640533447266
62,1.24,0.1544332653284073,0.07078644633293152,4.482232093811035,-0.8066346645355225,-0.058395836502313614,0.14374789595603943,0.570321798324585,0.0442417748272419,0.024730311706662178,3.2896623611450195,-2.1698899269104004,-0.3211877942085266,-0.2889223098754883,-108.20615498729308,9.514385675743846,15.175366653185284,-0.3081391115022796,3.290052652359009,2.2124781608581543,4.267741680145264,1.6581000089645386,0.0,0.0,0.0,0.0,pelvis,0.0,0,4.141788,left_elbow_link,4.4707956123352055,4.880523185729981
63,1.26,0.15496249496936798,0.07191695272922516,4.550058364868164,-0.8195310831069946,-0.054945964366197586,0.1406409740447998,0.552783727645874,0.04391798377037048,0.025307148694992065,3.2943315505981445,-2.1913957595825195,-0.35751211643218994,-0.27011942863464355,-110.75949040907514,9.774611155336602,14.428107155311464,-0.34930051035731036,3.2947213649749756,2.2367374897003174,4.290262222290039,1.6581000089645386,0.0,0.0,0.0,0.0,pelvis,0.0,0,4.2026167,left_elbow_link,4.544436435699463,4.952849369049073
64,1.28,0.15548276901245117,0.07316234707832336,4.617972373962402,-0.8321714401245117,-0.05180738866329193,0.13729245960712433,0.5347498655319214,0.04385348781943321,0.02611684612929821,3.29902720451355,-2.2114152908325195,-0.3934255540370941,-0.24824433028697968,-113.35142685308853,9.96774457072895,13.68780623551269,-0.39038662255802636,3.299422025680542,2.2598156929016113,4.31593132019043,1.6581000089645386,0.0,0.0,0.0,0.0,pelvis,0.0,0,4.263701,left_elbow_link,4.617974262237549,5.024605731964112
65,1.3,0.15599922835826874,0.07452808320522308,4.685966491699219,-0.8445247411727905,-0.049001988023519516,0.13371367752552032,0.5162337422370911,0.04405234009027481,0.02714155800640583,3.303736686706543,-2.229487657546997,-0.4286082684993744,-0.22347401082515717,-115.97799567291229,10.093559469670344,12.961320432005468,-0.43124646656645194,3.3041417598724365,2.281284809112549,4.344768047332764,1.6581000089645386,0.0,0.0,0.0,0.0,pelvis,0.0,0,4.325038,left_elbow_link,4.691397171020508,5.09577320098877
66,1.32,0.15651677548885345,0.07601825147867203,4.754035949707031,-0.8565571904182434,-0.046549562364816666,0.1299169957637787,0.49725693464279175,0.04451374709606171,0.028363345190882683,3.308443784713745,-2.245032787322998,-0.46272122859954834,-0.19604015350341797,-118.63432246379189,10.152484742503804,12.25557270857743,-0.4717141644271017,3.3088648319244385,2.3005900382995605,4.376763343811035,1.6581000089645386,0.0,0.0,0.0,0.0,pelvis,0.0,0,4.386632,left_elbow_link,4.76469467163086,5.166342716217041
67,1.34,0.15704020857810974,0.07763569056987762,4.822170257568359,-0.8682349920272827,-0.04446692019701004,0.12591552734375,0.4778451919555664,0.04523136839270592,0.02976788952946663,3.3131518363952637,-2.257357120513916,-0.4954083263874054,-0.16623353958129883,-121.31520464620566,10.145700031092721,11.577306593943202,-0.5116186167448458,3.313594341278076,2.3170506954193115,4.41189432144165,1.6581000089645386,0.0,0.0,0.0,0.0,pelvis,0.0,0,4.4484806,left_elbow_link,4.8378538894653325,5.236293296813965
68,1.36,0.15757401287555695,0.07938157021999359,4.890361785888672,-0.8795210123062134,-0.042768076062202454,0.12172369658946991,0.45803597569465637,0.046191029250621796,0.03134556859731674,3.3178415298461914,-2.2656514644622803,-0.5263009071350098,-0.13440217077732086,-124.01424361657631,10.075077043904919,10.93313160835037,-0.5507726388364174,3.3183109760284424,2.3298568725585938,4.4500956535339355,1.6581000089645386,0.0,0.0,0.0,0.0,pelvis,0.0,0,4.510588,left_elbow_link,4.910863380432129,5.305613021850586
69,1.3800000000000001,0.1581219583749771,0.08125563710927963,4.958600044250488,-0.890377938747406,-0.041463516652584076,0.11735694110393524,0.4378758370876312,0.04737136512994766,0.0330931656062603,3.322510004043579,-2.2690136432647705,-0.5550265908241272,-0.10094356536865234,-126.72436519876618,9.943229796613391,10.329293702663588,-0.5889841940425571,3.323012351989746,2.338090419769287,4.491254806518555,1.6581000089645386,0.0,0.0,0.0,0.0,pelvis,0.0,0,4.5729575,left_elbow_link,4.983712177276612,5.374286155700684
70,1.4000000000000001,0.15868784487247467,0.08325579762458801,5.0268754959106445,-0.900766909122467,-0.040560033172369,0.11283235996961594,0.4174240231513977,0.04874321445822716,0.0350152887403965,3.327146530151367,-2.2664856910705566,-0.581220269203186,-0.06629040092229843,-129.43734572998113,9.75350814481037,9.77161824879736,-0.6260522817219729,3.3276877403259277,2.3407623767852783,4.535196304321289,1.6581000089645386,0.0,0.0,0.0,0.0,pelvis,0.0,0,4.635593,left_elbow_link,5.056388835906983,5.442302207946778
71,1.42,0.15927450358867645,0.0853787213563919,5.095176696777344,-0.9106493592262268,-0.04006044566631317,0.10816868394613266,0.3967522084712982,0.05027143284678459,0.03712743520736694,3.3317394256591797,-2.2571184635162354,-0.6045387387275696,-0.030889656394720078,-132.14397791346374,9.50997689070322,9.265357470959158,-0.6617741895322422,3.3323254585266113,2.3368794918060303,4.581679344177246,1.6581000089645386,0.0,0.0,0.0,0.0,pelvis,0.0,0,4.6985016,left_elbow_link,5.128884296417237,5.509651165008545
72,1.44,0.15988409519195557,0.087619349360466,5.163495063781738,-0.9199907183647156,-0.03996351733803749,0.10338540375232697,0.37594059109687805,0.05191566422581673,0.039456892758607864,3.3362724781036377,-2.2400262355804443,-0.624668300151825,0.004822279326617718,-134.8347152122935,9.21730979884494,8.81498987932234,-0.695960009190506,3.336909532546997,2.325500249862671,4.6303887367248535,1.6581000089645386,0.0,0.0,0.0,0.0,pelvis,0.0,0,4.7616906,left_elbow_link,5.201195697784424,5.576331119537354
73,1.46,0.16052600741386414,0.08966393768787384,5.23160457611084,-0.9267570972442627,-0.03899985924363136,0.0991782695055008,0.36022767424583435,0.05190912261605263,0.04943472892045975,3.3527798652648926,-1.371958613395691,-0.3909273147583008,-0.18996673822402954,-136.8614248424248,8.959175346518288,8.367141251563968,-0.7207994126272697,3.353546142578125,1.4391602277755737,4.706808090209961,1.6581000089645386,0.0,0.0,0.0,0.0,pelvis,0.0,0,4.825463,left_elbow_link,5.273217182159424,5.642742137908936
74,1.48,0.16116681694984436,0.09163600951433182,5.299612998962402,-0.9319719672203064,-0.0373300276696682,0.09543955326080322,0.3477441370487213,0.05104986950755119,0.05576362833380699,3.3566274642944336,-1.3255119323730469,-0.38232994079589844,-0.1846323162317276,-138.47109190919895,8.738869471240712,7.906391506060084,-0.7399305573006121,3.3574788570404053,1.391850233078003,4.749517917633057,1.6581000089645386,0.0,0.0,0.0,0.0,pelvis,0.0,0,4.88974,left_elbow_link,5.344999294281006,5.708715896606446
75,1.5,0.16181132197380066,0.09371967613697052,5.367645263671875,-0.9368672370910645,-0.03576791658997536,0.09176225960254669,0.3355294466018677,0.05155635625123978,0.06051938980817795,3.3602352142333984,-1.2983217239379883,-0.3792804479598999,-0.16787686944007874,-140.03458966267627,8.50731803115572,7.4712196908601705,-0.7579991275836644,3.361175537109375,1.362965703010559,4.796485424041748,1.6581000089645386,0.0,0.0,0.0,0.0,pelvis,0.0,0,4.9543643,left_elbow_link,5.416625480651856,5.7740230369567875
76,1.52,0.1624760627746582,0.09590766578912735,5.435703754425049,-0.9414905905723572,-0.03436535596847534,0.08815298974514008,0.3234865963459015,0.052091702818870544,0.06555941700935364,3.363647222518921,-1.272339105606079,-0.37431493401527405,-0.15135355293750763,-141.56438118024155,8.265303930123686,7.066412767299173,-0.7751710196542518,3.3646891117095947,1.334865689277649,4.842833518981934,1.6581000089645386,0.0,0.0,0.0,0.0,pelvis,0.0,0,5.019337,left_elbow_link,5.4881577301025395,5.838671188354493
77,1.54,0.16316258907318115,0.09820400178432465,5.50378942489624,-0.9458537697792053,-0.03311367332935333,0.08462771028280258,0.31161242723464966,0.05264461040496826,0.07087531685829163,3.36684513092041,-1.2476087808609009,-0.3677867650985718,-0.13521479070186615,-143.06157421792693,8.016230450159846,6.691422985811917,-0.7914717383337941,3.368002414703369,1.30769944190979,4.888006210327148,1.6581000089645386,0.0,0.0,0.0,0.0,pelvis,0.0,0,5.084671,left_elbow_link,5.5596017646789555,5.902680854797364
78,1.56,0.16387182474136353,0.10061314702033997,5.57189416885376,-0.9499694108963013,-0.032004065811634064,0.08119756728410721,0.29990142583847046,0.05320269614458084,0.07646335661411285,3.3698060512542725,-1.224094033241272,-0.36009812355041504,-0.11961996555328369,-144.52765941972373,7.762915183403709,6.34535979713231,-0.806932283734282,3.371093273162842,1.2815560102462769,4.931423664093018,1.6581000089645386,0.0,0.0,0.0,0.0,pelvis,0.0,0,5.1503654,left_elbow_link,5.630951385498047,5.966065864562989
79,1.58,0.16460661590099335,0.10312570631504059,5.6399827003479,-0.9538605213165283,-0.03073768876492977,0.07803600281476974,0.2882978618144989,0.053581543266773224,0.08140365034341812,3.3706886768341064,-1.2096916437149048,-0.32660093903541565,-0.12792254984378815,-145.97028633857883,7.5359188075348245,6.000495535675273,-0.8215893992736978,3.3720970153808594,1.2595182657241821,4.970022201538086,1.6581000089645386,0.0,0.0,0.0,0.0,pelvis,0.0,0,5.2163906,left_elbow_link,5.702209930419922,6.0299973297119145
80,1.6,0.16536715626716614,0.10575790703296661,5.708078861236572,-0.9575249552726746,-0.029598994180560112,0.07497332990169525,0.27685534954071045,0.054279111325740814,0.08754421025514603,3.372980833053589,-1.1869739294052124,-0.32045629620552063,-0.11195765435695648,-147.3838949516052,7.307150104524699,5.6816532006210165,-0.8354602808528766,3.3745532035827637,1.23455810546875,5.009028911590576,1.6581000089645386,0.0,0.0,0.0,0.0,pelvis,0.0,0,5.2827797,left_elbow_link,5.773378353118897,6.093531112670899
81,1.62,0.16615189611911774,0.10851647704839706,5.776185989379883,-0.9609733819961548,-0.028606316074728966,0.07199196517467499,0.2655726671218872,0.05493446812033653,0.09403494000434875,3.374990463256836,-1.1651884317398071,-0.31492218375205994,-0.09651992470026016,-148.7694165438531,7.075123247140735,5.389925966663386,-0.8485763244489899,3.3767471313476562,1.2108492851257324,5.044713973999023,1.6581000089645386,0.0,0.0,0.0,0.0,pelvis,0.0,0,5.349547,left_elbow_link,5.844462852478028,6.156604747772217
82,1.6400000000000001,0.16686022281646729,0.11139428615570068,5.844293594360352,-0.9642552137374878,-0.027625614777207375,0.06883274018764496,0.254382848739624,0.04486441612243652,0.09820684790611267,3.3756556510925293,-1.1682584285736084,-0.37306997179985046,-0.13643619418144226,-150.1386617317568,6.816487022560385,5.101742922027817,-0.8611025836234938,3.3773820400238037,1.233946442604065,3.908482551574707,1.6580551862716675,0.0,0.0,0.0,0.0,pelvis,0.0,0,5.416951,left_elbow_link,5.915442447662354,6.2192086982727055
83,1.6600000000000001,0.16739806532859802,0.11438558995723724,5.9123921394348145,-0.9674205183982849,-0.02654339373111725,0.06525112688541412,0.24317748844623566,0.04562193155288696,0.10525184124708176,3.3766980171203613,-1.1511716842651367,-0.3687647581100464,-0.11991292983293533,-151.50723564761782,6.50794838103183,4.797327700963479,-0.8732140223375429,3.378645896911621,1.214727520942688,3.8833820819854736,1.657230257987976,0.0,0.0,0.0,0.0,pelvis,0.0,0,5.485287,left_elbow_link,5.986312847137452,6.281337242126465
84,1.68,0.16795901954174042,0.11752098798751831,5.980473041534424,-0.9703956842422485,-0.02561560645699501,0.06173024699091911,0.23208948969841003,0.04633653536438942,0.11246392130851746,3.3774099349975586,-1.1351038217544556,-0.3657771050930023,-0.10405336320400238,-152.8536921165338,6.195155907899713,4.521247373858733,-0.8846478865802827,3.3795995712280273,1.1971135139465332,3.8259942531585693,1.6835585832595825,0.0,0.0,0.0,0.0,pelvis,0.0,0,5.554043,left_elbow_link,6.057093601226807,6.343033771514893
85,1.7,0.168540358543396,0.1208021342754364,6.048537254333496,-0.9731916189193726,-0.024839984253048897,0.05825342237949371,0.22110527753829956,0.04701387882232666,0.11967438459396362,3.3777785301208496,-1.120988130569458,-0.3643656075000763,-0.08858238160610199,-154.1803960414954,5.877331331432267,4.272495388857821,-0.8954379039052021,3.3802249431610107,1.182042121887207,3.738612413406372,1.7591415643692017,0.0,0.0,0.0,0.0,pelvis,0.0,0,5.6232057,left_elbow_link,6.12779281616211,6.404318313598633
86,1.72,0.16913972795009613,0.12422844767570496,6.116579532623291,-0.9758199453353882,-0.024217164143919945,0.05480379983782768,0.21020345389842987,0.04766678810119629,0.12673845887184143,3.377790927886963,-1.1095976829528809,-0.3646200895309448,-0.0731593668460846,-155.49056718857406,5.5535607830053415,4.050438888497974,-0.905622073507067,3.3805038928985596,1.1702593564987183,3.625258445739746,1.8326774835586548,0.0,0.0,0.0,0.0,pelvis,0.0,0,5.692756,left_elbow_link,6.198414306640625,6.465204219818116
87,1.74,0.16975505650043488,0.12779724597930908,6.184591770172119,-0.9782910943031311,-0.023750200867652893,0.05136557295918465,0.19935892522335052,0.04830515384674072,0.1335805058479309,3.377444267272949,-1.1011803150177002,-0.36647728085517883,-0.05753638967871666,-156.787744371196,5.222941867983799,3.85482957368807,-0.9152350744681432,3.380430221557617,1.1619871854782104,3.4906389713287354,1.9036990404129028,0.0,0.0,0.0,0.0,pelvis,0.0,0,5.7626686,left_elbow_link,6.268957595825196,6.525700073242188
88,1.76,0.1703842580318451,0.13150544464588165,6.252562046051025,-0.9806139469146729,-0.023443428799510002,0.04792442545294762,0.18854664266109467,0.04893435910344124,0.14017827808856964,3.376736640930176,-1.0955406427383423,-0.3697659969329834,-0.04158954322338104,-158.07539891460686,4.884671233544871,3.6857063776220835,-0.924306614474901,3.3799991607666016,1.1570073366165161,3.3395590782165527,1.9718352556228638,0.0,0.0,0.0,0.0,pelvis,0.0,0,5.8329144,left_elbow_link,6.339418869018555,6.585812072753907
89,1.78,0.17102587223052979,0.13534961640834808,6.320486545562744,-0.9827958941459656,-0.023301396518945694,0.04446697235107422,0.177741140127182,0.049558375030756,0.14653150737285614,3.375664710998535,-1.0923035144805908,-0.3742550015449524,-0.025273988023400307,-159.3569999333564,4.538024317975123,3.543251830193585,-0.9328614492598022,3.379206895828247,1.1549166440963745,3.176766872406006,2.036811113357544,0.0,0.0,0.0,0.0,pelvis,0.0,0,5.9034724,left_elbow_link,6.409803848266602,6.64555404663086
90,1.8,0.17167827486991882,0.1393260657787323,6.388362884521484,-0.984841525554657,-0.02332853153347969,0.04098270833492279,0.16692309081554413,0.05018169432878494,0.15264157950878143,3.374229669570923,-1.0910840034484863,-0.37968432903289795,-0.00857955776154995,-160.6352456785419,4.182570287259433,3.427814950752471,-0.9409141016806652,3.3780531883239746,1.1552913188934326,3.006861925125122,2.0984442234039307,0.0,0.0,0.0,0.0,pelvis,0.0,0,5.9743295,left_elbow_link,6.480121593475342,6.704940776824952
91,1.82,0.17234045267105103,0.1434309333562851,6.4561848640441895,-0.986753523349762,-0.023528827354311943,0.037463970482349396,0.15607759356498718,0.050810396671295166,0.15850524604320526,3.372431993484497,-1.0915472507476807,-0.3857883810997009,0.008489012718200684,-161.91229820274202,3.8181951550285342,3.339839523363495,-0.9484722431196766,3.3765370845794678,1.1577478647232056,2.834139585494995,2.1566402912139893,0.0,0.0,0.0,0.0,pelvis,0.0,0,6.045467,left_elbow_link,6.55037353515625,6.763985614776612
92,1.84,0.17301173508167267,0.14765986800193787,6.52394437789917,-0.988533616065979,-0.023905854672193527,0.0339045375585556,0.1451903134584427,0.05145276337862015,0.16411393880844116,3.3702750205993652,-1.093406319618225,-0.3923080265522003,0.025917887687683105,-163.19025251471749,3.444964540288978,3.2798019982550874,-0.9555403999601768,3.3746607303619385,1.1619443893432617,2.739570140838623,2.21138596534729,0.0,0.0,0.0,0.0,pelvis,0.0,0,6.116869,left_elbow_link,6.620561580657959,6.82269666671753
93,1.86,0.17369166016578674,0.15200790762901306,6.591631889343262,-0.9901818037033081,-0.024462560191750526,0.030301127582788467,0.13425084948539734,0.052117720246315,0.16945669054985046,3.367762327194214,-1.0964229106903076,-0.39900314807891846,0.0436813049018383,-164.47073071245742,3.06328898010931,3.2482119949810158,-0.9621168424725433,3.3724255561828613,1.167585015296936,2.8624258041381836,2.262739419937134,0.0,0.0,0.0,0.0,pelvis,0.0,0,6.1885214,left_elbow_link,6.690687637329102,6.881082515716553
94,1.8800000000000001,0.17438028752803802,0.1564696878194809,6.65924596786499,-0.9916972517967224,-0.025201335549354553,0.026652412489056587,0.12325111776590347,0.05281556770205498,0.17451968789100647,3.3649134635925293,-1.1004078388214111,-0.40566182136535645,0.06173690780997276,-165.75510318070852,2.673822124022229,3.2455765398700565,-0.968197093069286,3.3698501586914062,1.1744234561920166,2.95835018157959,2.3108131885528564,0.0,0.0,0.0,0.0,pelvis,0.0,0,6.2604218,left_elbow_link,6.760761241912842,6.939158420562745
95,1.9000000000000001,0.17507778108119965,0.16103994846343994,6.726771831512451,-0.9930786490440369,-0.026123886927962303,0.02295858971774578,0.11218362301588058,0.05355660244822502,0.1792900711297989,3.361722946166992,-1.1051899194717407,-0.4120981693267822,0.0800236165523529,-167.0446910160202,2.277420825121276,3.272358883885979,-0.9737753213107085,3.366926431655884,1.18223237991333,3.026857376098633,2.3557560443878174,0.0,0.0,0.0,0.0,pelvis,0.0,0,6.332554,left_elbow_link,6.830778102874756,6.996926765441895
96,1.92,0.17578501999378204,0.16571226716041565,6.7942047119140625,-0.9943234920501709,-0.027231022715568542,0.019221650436520576,0.10104355961084366,0.05435147136449814,0.18375463783740997,3.358217477798462,-1.110629916191101,-0.41816115379333496,0.09845305234193802,-168.34050187063644,1.875169423479563,3.328948896456244,-0.9788414708819642,3.363680362701416,1.190819263458252,3.0679802894592285,2.397742509841919,0.0,0.0,0.0,0.0,pelvis,0.0,0,6.4049177,left_elbow_link,6.900743465423584,7.054398040771485
97,1.94,0.17650297284126282,0.1704804003238678,6.861544132232666,-0.9954290986061096,-0.028522470965981483,0.015444638207554817,0.08982710540294647,0.055209800601005554,0.18790380656719208,3.354414701461792,-1.1165884733200073,-0.4237324297428131,0.11690349876880646,-169.64345786323622,1.4683021790167707,3.4156165458254026,-0.9833852434035544,3.3601269721984863,1.1999939680099487,3.0822134017944336,2.436952829360962,0.0,0.0,0.0,0.0,pelvis,0.0,0,6.477518,left_elbow_link,6.970665912628174,7.11158655166626
98,1.96,0.1772327870130539,0.17533744871616364,6.928774833679199,-0.9963922500610352,-0.029996516183018684,0.011631538160145283,0.07853224873542786,0.05613965168595314,0.1917310357093811,3.35033917427063,-1.1229132413864136,-0.42872920632362366,0.13521070778369904,-170.95428324180313,1.0581849310997677,3.532459724902712,-0.987394613929621,3.356290340423584,1.2095556259155273,3.070439338684082,2.4735634326934814,0.0,0.0,0.0,0.0,pelvis,0.0,0,6.5503435,left_elbow_link,7.040542583465577,7.168492298126221
99,1.98,0.17797280848026276,0.18027441203594208,6.995893478393555,-0.997210681438446,-0.03164900466799736,0.00777817377820611,0.0671454668045044,0.05663902312517166,0.194491907954216,3.345571994781494,-1.1354774236679077,-0.437350869178772,0.15259049832820892,-172.27507513568943,0.6453234928553214,3.679201560291708,-0.9908616053428096,3.351699113845825,1.2263232469558716,3.0355491638183594,2.50772762298584,0.0,0.0,0.0,0.0,pelvis,0.0,0,6.6234126,left_elbow_link,7.110381107330323,7.225126247406006
100,2.0,0.17872954905033112,0.1852703094482422,7.062941074371338,-0.9978811144828796,-0.03352128341794014,0.004064355045557022,0.055615827441215515,0.057324234396219254,0.1970938742160797,3.3444740772247314,-1.1438415050506592,-0.41837990283966064,0.1766345202922821,-173.61149736637162,0.2511200957544518,3.8619802840579944,-0.9937807901671596,3.350766897201538,1.2306969165802002,2.291393995285034,2.5524518489837646,0.0,0.0,0.0,0.0,pelvis,0.0,0,6.6967163,left_elbow_link,7.180190544128418,7.281498889923096
